ledger_public_id,settlement_public_id,abs_amount_diff,relative_amount_diff,amount_ratio,date_diff_days,vendor_levenshtein_similarity,vendor_jaro_winkler_similarity,vendor_token_sort_similarity,vendor_token_set_similarity,vendor_exact_normalized_match,vendor_embedding_cosine_similarity,reference_exact_match,reference_substring_overlap,reference_similarity,reference_missing_ledger,reference_missing_settlement,reference_both_missing,candidate_count_for_ledger,candidate_count_for_settlement,competing_candidate_count,is_potential_one_to_many,is_potential_many_to_one,description_embedding_cosine_similarity,split,label
LED-000000,STL-000000-0,0.0,0.0,1.0,0,1.0,1.0,1.0,1.0,1,1.0,1,1,1.0,0,0,0,1,1,0,0,0,0.189525,val,1
LED-000001,STL-000001-0,0.0,0.0,1.0,0,1.0,1.0,1.0,1.0,1,1.0,1,1,1.0,0,0,0,1,1,0,0,0,0.321288,train,1
LED-000002,STL-000002-0,0.0,0.0,1.0,0,1.0,1.0,1.0,1.0,1,1.0,0,1,0.461538,0,0,0,3,1,2,1,0,0.559085,train,1
LED-000002,STL-000122-0,6518.64,0.043172,0.956828,2,0.292683,0.510582,0.292683,0.292683,0,0.0,0,0,0.0,0,1,0,3,4,5,1,1,0.037743,train,0
LED-000002,STL-000029-0,1885.85,0.01249,1.01249,7,0.4,0.635022,0.44,0.6,0,0.412514,0,0,0.230769,0,0,0,3,2,3,1,1,0.130744,train,0
LED-000003,STL-000003-0,0.0,0.0,1.0,0,0.971429,0.977124,0.914286,1.0,0,0.909241,1,1,1.0,0,0,0,2,1,1,1,0,0.332182,val,1
LED-000004,STL-000004-0,24.59,0.0006,0.9994,0,1.0,1.0,1.0,1.0,1,1.0,1,1,1.0,0,0,0,4,1,3,1,0,0.218844,train,1
LED-000005,STL-000005-0,0.1,0.0,1.0,1,1.0,1.0,1.0,1.0,1,1.0,0,1,0.461538,0,0,0,2,3,3,1,1,0.188562,val,1
LED-000006,STL-000006-0,0.26,1e-06,0.999999,0,0.8,0.94,0.8,0.8,0,0.0,1,1,1.0,0,0,0,1,1,0,0,0,0.534523,train,1
LED-000007,STL-000007-0,0.25,1e-06,0.999999,0,0.666667,0.9,0.666667,1.0,0,0.707107,1,1,1.0,0,0,0,1,1,0,0,0,0.283654,test,1
LED-000008,STL-000008-0,6.94,3.6e-05,0.999964,1,1.0,1.0,1.0,1.0,1,1.0,1,1,1.0,0,0,0,2,2,2,1,1,0.381,train,1
LED-000008,STL-000431-0,1001.92,0.005259,0.994741,6,0.228571,0.382716,0.285714,0.285714,0,0.0,0,0,0.230769,0,0,0,2,4,4,1,1,0.184812,train,0
LED-000009,STL-000009-0,0.0,0.0,1.0,0,1.0,1.0,1.0,1.0,1,1.0,0,0,0.0,0,1,0,1,1,0,0,0,0.308021,test,1
LED-000011,STL-000011-0,0.0,0.0,1.0,0,0.64,0.894118,0.64,1.0,0,0.632456,1,1,1.0,0,0,0,1,1,0,0,0,0.280224,train,1
LED-000012,STL-000012-0,0.0,0.0,1.0,0,1.0,1.0,1.0,1.0,1,1.0,0,1,0.461538,0,0,0,2,1,1,1,0,0.313545,test,1
LED-000013,STL-000013-0,169.55,0.011086,0.988914,0,1.0,1.0,1.0,1.0,1,1.0,1,1,1.0,0,0,0,1,1,0,0,0,0.196419,val,1
LED-000014,STL-000346-0,8617.48,0.041226,1.041226,0,0.307692,0.617949,0.358974,0.358974,0,0.065372,0,0,0.0,0,1,0,3,4,5,1,1,0.044544,train,0
LED-000014,STL-000014-0,0.0,0.0,1.0,0,0.666667,0.9,0.666667,1.0,0,0.707107,1,1,1.0,0,0,0,3,3,4,1,1,0.192879,train,1
LED-000014,STL-000257-0,8716.01,0.041697,0.958303,3,0.25,0.584749,0.25,0.25,0,-0.104828,0,0,0.230769,0,0,0,3,2,3,1,1,0.169031,train,0
LED-000015,STL-000015-0,0.0,0.0,1.0,0,0.833333,0.895305,0.75,0.75,0,0.657794,1,1,1.0,0,0,0,1,4,3,0,1,0.329541,train,1
LED-000016,STL-000016-0,0.0,0.0,1.0,1,1.0,1.0,1.0,1.0,1,1.0,1,1,1.0,0,0,0,2,1,1,1,0,0.186339,val,1
LED-000017,STL-000017-0,0.0,0.0,1.0,1,0.692308,0.905882,0.692308,0.714286,0,0.68313,1,1,1.0,0,0,0,1,1,0,0,0,0.163956,train,1
LED-000018,STL-000018-0,0.0,0.0,1.0,0,1.0,1.0,1.0,1.0,1,1.0,1,1,1.0,0,0,0,2,1,1,1,0,0.102899,val,1
LED-000018,STL-000288-0,1865.61,0.028092,0.971908,5,0.266667,0.511905,0.133333,0.133333,0,0.182574,0,0,0.230769,0,0,0,2,2,2,1,1,-0.0343,val,0
LED-000021,STL-000021-0,5.85,0.000639,0.999361,1,1.0,1.0,1.0,1.0,1,1.0,1,1,1.0,0,0,0,1,1,0,0,0,0.20261,train,1
LED-000023,STL-000023-0,0.0,0.0,1.0,0,1.0,1.0,1.0,1.0,1,1.0,1,1,1.0,0,0,0,1,2,1,0,1,0.408248,train,1
LED-000024,STL-000024-0,0.0,0.0,1.0,0,1.0,1.0,1.0,1.0,1,1.0,1,1,1.0,0,0,0,3,3,4,1,1,0.579359,train,1
LED-000024,STL-000096-0,3316.31,0.015346,0.984654,5,0.24,0.495098,0.16,0.16,0,0.0,0,0,0.230769,0,0,0,3,3,4,1,1,0.191273,train,0
LED-000025,STL-000025-0,0.29,3e-06,1.000003,0,1.0,1.0,1.0,1.0,1,1.0,0,1,0.461538,0,0,0,1,2,1,0,1,0.911014,test,1
LED-000026,STL-000026-0,0.0,0.0,1.0,0,0.375,0.769231,0.375,0.375,0,0.0,1,1,1.0,0,0,0,1,3,2,0,1,0.347183,val,1
LED-000027,STL-000027-0,0.0,0.0,1.0,1,1.0,1.0,1.0,1.0,1,1.0,1,1,1.0,0,0,0,1,2,1,0,1,0.151947,train,1
LED-000028,STL-000028-0,3125.62,0.024444,0.975556,0,1.0,1.0,1.0,1.0,1,1.0,0,0,0.0,0,1,0,2,3,3,1,1,0.550973,train,1
LED-000028,STL-000555-0,2572.55,0.020119,1.020119,3,0.315789,0.589744,0.315789,0.315789,0,-0.066667,0,0,0.230769,0,0,0,2,2,2,1,1,0.742308,train,0
LED-000029,STL-000265-0,5782.92,0.037827,1.037827,0,0.186047,0.477513,0.232558,0.232558,0,0.076697,0,0,0.230769,0,0,0,3,2,3,1,1,0.178174,train,0
LED-000029,STL-000029-0,0.0,0.0,1.0,0,1.0,1.0,1.0,1.0,1,1.0,0,1,0.461538,0,0,0,3,2,3,1,1,0.192879,train,1
LED-000029,STL-000595-0,5847.17,0.038248,1.038248,1,0.186047,0.477513,0.139535,0.139535,0,0.0,0,0,0.230769,0,0,0,3,3,4,1,1,0.133631,train,0
LED-000030,STL-000389-2,1116.17,0.025313,0.974687,0,0.166667,0.335088,0.166667,0.166667,0,0.0,0,0,0.230769,0,0,0,2,1,1,1,0,0.123208,train,0
LED-000030,STL-000030-0,985.95,0.02236,0.97764,2,0.555556,0.876923,0.555556,1.0,0,0.522233,1,1,1.0,0,0,0,2,1,1,1,0,0.338667,train,1
LED-000031,STL-000031-0,0.0,0.0,1.0,0,1.0,1.0,1.0,1.0,1,1.0,1,1,1.0,0,0,0,3,3,4,1,1,0.305505,train,1
LED-000031,STL-000421-0,3054.85,0.028611,0.971389,2,0.24,0.495098,0.16,0.16,0,0.0,0,0,0.307692,0,0,0,3,5,6,1,1,0.04714,train,0
LED-000033,STL-000033-0,0.0,0.0,1.0,0,1.0,1.0,1.0,1.0,1,1.0,1,1,1.0,0,0,0,3,3,4,1,1,0.835504,train,1
LED-000033,STL-000274-0,5498.66,0.024306,0.975694,2,0.2,0.493333,0.2,0.2,0,0.0,0,0,0.230769,0,0,0,3,5,6,1,1,0.222277,train,0
LED-000034,STL-000394-0,1790.1,0.008951,0.991049,0,0.592593,0.677839,0.555556,0.631579,0,0.50128,0,0,0.230769,0,0,0,7,5,10,1,1,0.162088,train,0
LED-000034,STL-000034-0,0.0,0.0,1.0,1,1.0,1.0,1.0,1.0,1,1.0,1,1,1.0,0,0,0,7,5,10,1,1,0.871813,train,1
LED-000034,STL-000574-0,2143.54,0.010718,1.010718,6,0.242424,0.491758,0.242424,0.242424,0,0.087706,0,0,0.230769,0,0,0,7,7,12,1,1,0.222925,train,0
LED-000034,STL-000224-0,5466.23,0.027332,1.027332,7,0.307692,0.617949,0.358974,0.358974,0,0.065372,0,0,0.230769,0,0,0,7,5,10,1,1,0.20261,train,0
LED-000036,STL-000036-0,0.0,0.0,1.0,2,0.608696,0.8875,0.608696,1.0,0,0.597614,1,1,1.0,0,0,0,3,2,3,1,1,0.879883,train,1
LED-000036,STL-000116-0,1603.69,0.025383,0.974617,4,0.606061,0.637745,0.484848,0.666667,0,0.483046,0,0,0.230769,0,0,0,3,3,4,1,1,0.127,train,0
LED-000036,STL-000531-0,564.44,0.008934,1.008934,4,0.095238,0.420833,0.095238,0.095238,0,0.154303,0,0,0.230769,0,0,0,3,4,5,1,1,0.254,train,0
LED-000037,STL-000037-0,0.42,1.3e-05,0.999987,0,1.0,1.0,1.0,1.0,1,1.0,0,1,0.461538,0,0,0,1,1,0,0,0,0.338667,train,1
LED-000039,STL-000039-0,0.0,0.0,1.0,2,0.962963,0.992593,0.962963,0.962963,0,0.826087,1,1,1.0,0,0,0,2,2,2,1,1,0.3175,train,1
LED-000040,STL-000040-0,22.49,0.000509,0.999491,0,1.0,1.0,1.0,1.0,1,1.0,1,1,1.0,0,0,0,1,2,1,0,1,0.184812,train,1
LED-000041,STL-000041-0,0.0,0.0,1.0,0,1.0,1.0,1.0,1.0,1,1.0,1,1,1.0,0,0,0,1,2,1,0,1,0.149071,train,1
LED-000042,STL-000042-0,20.46,8.6e-05,0.999914,1,0.285714,0.572222,0.357143,0.545455,0,0.096225,1,1,1.0,0,0,0,6,3,7,1,1,0.916544,train,1
LED-000042,STL-000089-0,8551.96,0.036081,1.036081,1,0.285714,0.527778,0.285714,0.285714,0,0.0,0,0,0.230769,0,0,0,6,3,7,1,1,0.269408,train,0
LED-000042,STL-000581-0,7328.6,0.030919,0.969081,3,0.285714,0.535256,0.285714,0.285714,0,0.0,0,0,0.230769,0,0,0,6,4,8,1,1,0.187251,train,0
LED-000042,STL-000335-0,7133.05,0.030094,1.030094,4,1.0,1.0,1.0,1.0,1,1.0,0,0,0.230769,0,0,0,6,4,8,1,1,0.169334,train,0
LED-000042,STL-000204-0,6473.92,0.027313,1.027313,5,0.153846,0.0,0.153846,0.153846,0,0.0,0,0,0.307692,0,0,0,6,4,8,1,1,0.215614,train,0
LED-000042,STL-000139-0,2661.46,0.011229,0.988771,7,0.275862,0.56746,0.275862,0.275862,0,0.0,0,0,0.230769,0,0,0,6,6,10,1,1,0.195965,train,0
LED-000043,STL-000110-0,1321.45,0.014309,0.985691,0,1.0,1.0,1.0,1.0,1,1.0,0,0,0.230769,0,0,0,3,2,3,1,1,0.742308,train,0
LED-000044,STL-000044-0,0.48,1e-05,1.00001,1,0.631579,0.574786,0.631579,1.0,0,0.603023,1,1,1.0,0,0,0,2,2,2,1,1,0.27735,train,1
LED-000044,STL-000296-0,2165.97,0.045118,0.954882,7,0.367347,0.626327,0.326531,0.326531,0,0.0,0,0,0.0,0,1,0,2,2,2,1,1,0.09245,train,0
LED-000045,STL-000045-0,0.0,0.0,1.0,0,0.214286,0.736,0.214286,0.214286,0,0.0,1,1,1.0,0,0,0,1,1,0,0,0,0.164122,train,1
LED-000046,STL-000046-0,778.51,0.007764,0.992236,2,1.0,1.0,1.0,1.0,1,1.0,0,0,0.0,0,1,0,2,3,3,1,1,0.860663,val,1
LED-000047,STL-000047-0,0.12,1e-06,0.999999,0,0.933333,0.970833,0.533333,0.533333,0,0.547723,1,1,1.0,0,0,0,1,3,2,0,1,0.19245,train,1
LED-000048,STL-000048-0,0.0,0.0,1.0,4,1.0,1.0,1.0,1.0,1,1.0,1,1,1.0,0,0,0,3,3,4,1,1,0.14304,val,1
LED-000049,STL-000049-0,0.0,0.0,1.0,0,1.0,1.0,1.0,1.0,1,1.0,0,1,0.461538,0,0,0,4,2,4,1,1,0.866025,train,1
LED-000049,STL-000031-0,400.21,0.003762,1.003762,1,0.380952,0.603205,0.380952,0.380952,0,0.0,0,0,0.230769,0,0,0,4,3,5,1,1,0.742308,train,0
LED-000049,STL-000421-0,2654.64,0.024956,0.975044,3,0.333333,0.549271,0.333333,0.333333,0,0.0,0,0,0.230769,0,0,0,4,5,7,1,1,0.178174,train,0
LED-000050,STL-000141-0,10748.38,0.045606,1.045606,5,0.176471,0.484444,0.176471,0.176471,0,0.0,0,0,0.230769,0,0,0,1,2,1,0,1,0.186339,val,0
LED-000051,STL-000051-0,6.82,4.7e-05,0.999953,1,1.0,1.0,1.0,1.0,1,1.0,1,1,1.0,0,0,0,2,3,3,1,1,0.599003,test,1
LED-000052,STL-000255-1,1828.59,0.022151,1.022151,0,1.0,1.0,1.0,1.0,1,1.0,0,0,0.230769,0,0,0,3,1,2,1,0,0.098058,train,0
LED-000052,STL-000052-0,0.0,0.0,1.0,1,1.0,1.0,1.0,1.0,1,1.0,1,1,1.0,0,0,0,3,2,3,1,1,0.320256,train,1
LED-000052,STL-000205-0,2948.06,0.035712,0.964288,2,0.3,0.456383,0.3,0.3,0,-0.188608,0,0,0.230769,0,0,0,3,2,3,1,1,0.160128,train,0
LED-000053,STL-000053-0,0.0,0.0,1.0,0,1.0,1.0,1.0,1.0,1,1.0,1,1,1.0,0,0,0,3,1,2,1,0,0.280158,train,1
LED-000053,STL-000540-0,4065.85,0.035179,1.035179,4,0.242424,0.491758,0.242424,0.242424,0,0.087706,0,0,0.0,0,1,0,3,5,6,1,1,0.186772,train,0
LED-000054,STL-000054-0,0.0,0.0,1.0,0,0.352941,0.842857,0.352941,1.0,0,0.456435,0,0,0.0,0,1,0,4,3,5,1,1,0.848528,train,1
LED-000054,STL-000468-0,9410.22,0.047084,1.047084,1,0.216216,0.511376,0.27027,0.27027,0,0.0,0,0,0.230769,0,0,0,4,3,5,1,1,0.122474,train,0
LED-000054,STL-000482-0,852.77,0.004267,0.995733,1,0.344828,0.478694,0.275862,0.275862,0,0.0,0,0,0.230769,0,0,0,4,4,6,1,1,0.068599,train,0
LED-000055,STL-000055-0,0.0,0.0,1.0,0,1.0,1.0,1.0,1.0,1,1.0,1,1,1.0,0,0,0,2,3,3,1,1,0.296334,train,1
LED-000057,STL-000057-0,5521.71,0.02252,0.97748,0,1.0,1.0,1.0,1.0,1,1.0,0,1,0.461538,0,0,0,1,2,1,0,1,0.919272,train,1
LED-000058,STL-000058-0,13.52,0.000427,0.999573,3,0.96,0.992,0.96,0.96,0,0.801002,1,1,1.0,0,0,0,1,1,0,0,0,0.174574,train,1
LED-000060,STL-000060-0,15.52,0.000143,0.999857,0,1.0,1.0,1.0,1.0,1,1.0,1,1,1.0,0,0,0,3,2,3,1,1,0.350325,train,1
LED-000060,STL-000248-0,1981.19,0.018247,1.018247,5,0.186047,0.477513,0.139535,0.139535,0,0.0,0,0,0.230769,0,0,0,3,5,6,1,1,0.205153,train,0
LED-000062,STL-000062-0,0.15,1e-06,1.000001,0,0.64,0.894118,0.64,1.0,0,0.632456,1,1,1.0,0,0,0,1,2,1,0,1,0.367423,train,1
LED-000063,STL-000063-0,0.0,0.0,1.0,0,0.387097,0.848,0.387097,1.0,0,0.4,1,1,1.0,0,0,0,4,3,5,1,1,0.879883,test,1
LED-000064,STL-000064-0,0.0,0.0,1.0,0,1.0,1.0,1.0,1.0,1,1.0,0,0,0.0,0,1,0,4,6,8,1,1,0.550973,val,1
LED-000064,STL-000174-0,27.31,0.000141,0.999859,2,0.384615,0.483224,0.384615,0.352941,0,0.0,0,0,0.307692,0,0,0,4,8,10,1,1,0.453743,val,0
LED-000065,STL-000065-0,0.0,0.0,1.0,0,0.809524,0.936,0.809524,0.809524,0,0.732467,1,1,1.0,0,0,0,1,1,0,0,0,0.381,train,1
LED-000066,STL-000066-0,5919.79,0.024477,0.975523,1,1.0,1.0,1.0,1.0,1,1.0,1,1,1.0,0,0,0,2,1,1,1,0,0.205153,val,1
LED-000067,STL-000067-0,0.0,0.0,1.0,0,1.0,1.0,1.0,1.0,1,1.0,1,1,1.0,0,0,0,1,1,0,0,0,0.902214,val,1
LED-000068,STL-000068-0,0.0,0.0,1.0,0,0.857143,0.77381,0.857143,1.0,0,0.876501,0,0,0.0,0,1,0,1,1,0,0,0,0.324176,train,1
LED-000069,STL-000069-0,0.34,4e-06,0.999996,2,1.0,1.0,1.0,1.0,1,1.0,1,1,1.0,0,0,0,2,5,5,1,1,0.848528,train,1
LED-000070,STL-000070-0,0.0,0.0,1.0,1,1.0,1.0,1.0,1.0,1,1.0,1,1,1.0,0,0,0,4,4,6,1,1,0.196116,val,1
LED-000070,STL-000249-0,2733.91,0.011504,0.988496,3,1.0,1.0,1.0,1.0,1,1.0,0,0,0.230769,0,0,0,4,4,6,1,1,0.075485,val,0
LED-000070,STL-000518-0,8455.12,0.035579,0.964421,5,0.421053,0.572108,0.368421,0.368421,0,0.062622,0,0,0.230769,0,0,0,4,4,6,1,1,0.454257,val,0
LED-000071,STL-000148-0,4804.95,0.019792,1.019792,4,0.592593,0.677839,0.555556,0.631579,0,0.50128,0,0,0.0,0,1,0,1,2,1,0,1,0.037424,train,0
LED-000072,STL-000072-0,4.88,0.005685,0.994315,0,0.352941,0.842857,0.352941,1.0,0,0.456435,1,1,1.0,0,0,0,1,1,0,0,0,0.879883,train,1
LED-000073,STL-000073-0,0.06,0.0,1.0,2,1.0,1.0,1.0,1.0,1,1.0,0,0,0.0,0,1,0,3,6,7,1,1,0.13901,train,1
LED-000074,STL-000074-0,0.0,0.0,1.0,1,1.0,1.0,1.0,1.0,1,1.0,0,0,0.0,0,1,0,2,1,1,1,0,0.195965,val,1
LED-000076,STL-000076-0,9.97,0.000118,0.999882,0,1.0,1.0,1.0,1.0,1,1.0,1,1,1.0,0,0,0,2,1,1,1,0,0.2179,train,1
LED-000076,STL-000225-0,2988.0,0.035223,1.035223,5,0.2,0.479853,0.1,0.1,0,0.0,0,0,0.0,0,1,0,2,1,1,1,0,0.0,train,0
LED-000077,STL-000077-0,2008.66,0.009896,0.990104,1,0.928571,0.980952,0.928571,0.928571,0,0.714286,1,1,1.0,0,0,0,2,1,1,1,0,0.452911,train,1
LED-000079,STL-000079-0,0.0,0.0,1.0,0,0.352941,0.842857,0.352941,1.0,0,0.456435,0,0,0.0,0,1,0,2,1,1,1,0,0.15097,val,1
LED-000079,STL-000230-0,8268.1,0.048984,1.048984,5,0.125,0.357143,0.125,0.125,0,0.129099,0,0,0.230769,0,0,0,2,3,3,1,1,0.16343,val,0
LED-000080,STL-000080-0,0.0,0.0,1.0,0,1.0,1.0,1.0,1.0,1,1.0,1,1,1.0,0,0,0,1,3,2,0,1,0.196589,train,1
LED-000081,STL-000081-0,0.0,0.0,1.0,0,1.0,1.0,1.0,1.0,1,1.0,1,1,1.0,0,0,0,1,1,0,0,0,0.879883,train,1
LED-000082,STL-000082-0,0.0,0.0,1.0,0,1.0,1.0,1.0,1.0,1,1.0,1,1,1.0,0,0,0,1,1,0,0,0,0.213201,train,1
LED-000083,STL-000083-0,0.0,0.0,1.0,0,0.555556,0.876923,0.555556,1.0,0,0.522233,0,1,0.461538,0,0,0,3,5,6,1,1,0.328244,train,1
LED-000083,STL-000383-0,4919.54,0.039312,1.039312,2,0.230769,0.455128,0.384615,0.384615,0,-0.201008,0,0,0.230769,0,0,0,3,7,8,1,1,0.116775,train,0
LED-000083,STL-000352-0,3393.35,0.027116,1.027116,7,0.428571,0.509402,0.285714,0.285714,0,0.0,0,0,0.230769,0,0,0,3,4,5,1,1,0.119416,train,0
LED-000084,STL-000084-0,0.06,1.1e-05,1.000011,1,1.0,1.0,1.0,1.0,1,1.0,1,1,1.0,0,0,0,1,1,0,0,0,0.848528,train,1
LED-000085,STL-000085-0,0.23,3e-06,1.000003,1,1.0,1.0,1.0,1.0,1,1.0,0,1,0.461538,0,0,0,2,2,2,1,1,0.255031,train,1
LED-000085,STL-000475-0,2065.19,0.024772,1.024772,6,0.272727,0.505882,0.272727,0.272727,0,0.0,0,0,0.230769,0,0,0,2,2,2,1,1,0.073621,train,0
LED-000088,STL-000088-0,0.0,0.0,1.0,0,1.0,1.0,1.0,1.0,1,1.0,0,1,0.461538,0,0,0,1,1,0,0,0,0.208514,train,1
LED-000089,STL-000042-0,8596.06,0.035,0.965,1,0.230769,0.538889,0.307692,0.307692,0,0.0,0,0,0.230769,0,0,0,5,3,6,1,1,0.191273,train,0
LED-000089,STL-000089-0,23.64,9.6e-05,0.999904,1,1.0,1.0,1.0,1.0,1,1.0,1,1,1.0,0,0,0,5,3,6,1,1,0.078087,train,1
LED-000089,STL-000335-0,1442.55,0.005874,0.994126,4,0.285714,0.527778,0.285714,0.285714,0,0.0,0,0,0.230769,0,0,0,5,4,7,1,1,0.073621,train,0
LED-000089,STL-000204-0,2101.68,0.008557,0.991443,5,0.181818,0.455556,0.181818,0.181818,0,0.0,0,0,0.230769,0,0,0,5,4,7,1,1,0.830291,train,0
LED-000089,STL-000139-0,11237.06,0.045754,0.954246,7,0.222222,0.535714,0.222222,0.222222,0,0.0,0,0,0.230769,0,0,0,5,6,9,1,1,0.477119,train,0
LED-000090,STL-000356-0,2005.66,0.010164,1.010164,0,0.392157,0.655954,0.431373,0.431373,0,0.0,0,0,0.230769,0,0,0,3,3,4,1,1,0.191079,val,0
LED-000090,STL-000090-0,0.0,0.0,1.0,0,1.0,1.0,1.0,1.0,1,1.0,0,1,0.461538,0,0,0,3,3,4,1,1,0.286618,val,1
LED-000092,STL-000092-0,124.25,0.005287,0.994713,1,0.933333,0.970833,0.533333,0.533333,0,0.547723,1,1,1.0,0,0,0,1,2,1,0,1,0.879883,train,1
LED-000093,STL-000093-0,2948.31,0.01412,0.98588,0,1.0,1.0,1.0,1.0,1,1.0,1,1,1.0,0,0,0,3,5,6,1,1,0.277219,train,1
LED-000093,STL-000592-0,7565.09,0.03623,1.03623,7,0.641509,0.703324,0.603774,0.641509,0,0.368037,0,0,0.307692,0,0,0,3,3,4,1,1,0.254,train,0
LED-000095,STL-000095-0,0.0,0.0,1.0,0,1.0,1.0,1.0,1.0,1,1.0,0,1,0.461538,0,0,0,2,1,1,1,0,0.338667,train,1
LED-000096,STL-000096-0,21.57,0.000101,0.999899,4,1.0,1.0,1.0,1.0,1,1.0,0,1,0.461538,0,0,0,2,3,3,1,1,0.367423,train,1
LED-000098,STL-000098-0,0.0,0.0,1.0,0,1.0,1.0,1.0,1.0,1,1.0,1,1,1.0,0,0,0,1,1,0,0,0,0.879883,train,1
LED-000099,STL-000099-0,0.0,0.0,1.0,1,1.0,1.0,1.0,1.0,1,1.0,1,1,1.0,0,0,0,3,2,3,1,1,0.255377,train,1
LED-000099,STL-000248-0,3800.88,0.033236,0.966764,2,0.3125,0.595099,0.34375,0.34375,0,0.0,0,0,0.230769,0,0,0,3,5,6,1,1,0.049147,train,0
LED-000100,STL-000100-0,0.0,0.0,1.0,1,1.0,1.0,1.0,1.0,1,1.0,1,1,1.0,0,0,0,3,2,3,1,1,0.195965,train,1
LED-000101,STL-000101-0,1110.35,0.012866,0.987134,0,0.857143,0.971429,0.857143,0.857143,0,0.4,0,0,0.0,0,1,0,3,3,4,1,1,0.834058,test,1
LED-000102,STL-000102-0,0.0,0.0,1.0,0,0.764706,0.92381,0.764706,1.0,0,0.789542,0,1,0.461538,0,0,0,2,1,1,1,0,0.182006,train,1
LED-000102,STL-000014-0,6128.79,0.030206,1.030206,7,0.307692,0.523077,0.307692,0.307692,0,0.0,0,0,0.230769,0,0,0,2,3,3,1,1,0.085126,train,0
LED-000103,STL-000103-0,0.0,0.0,1.0,1,1.0,1.0,1.0,1.0,1,1.0,0,0,0.0,0,1,0,2,1,1,1,0,0.102899,train,1
LED-000104,STL-000104-0,0.0,0.0,1.0,1,0.285714,0.572222,0.357143,0.545455,0,0.096225,1,1,1.0,0,0,0,3,2,3,1,1,0.19803,train,1
LED-000104,STL-000531-0,3045.69,0.045601,0.954399,3,0.307692,0.55,0.307692,0.307692,0,0.0,0,0,0.230769,0,0,0,3,4,5,1,1,0.272166,train,0
LED-000104,STL-000591-0,1730.48,0.025909,1.025909,6,0.153846,0.0,0.153846,0.153846,0,0.0,0,0,0.230769,0,0,0,3,2,3,1,1,0.746391,train,0
LED-000105,STL-000392-0,3455.02,0.039269,0.960731,0,0.380952,0.604777,0.333333,0.333333,0,0.056344,0,0,0.230769,0,0,0,4,5,7,1,1,0.20261,test,0
LED-000105,STL-000105-0,0.0,0.0,1.0,1,1.0,1.0,1.0,1.0,1,1.0,0,0,0.0,0,1,0,4,5,7,1,1,0.35015,test,1
LED-000106,STL-000106-0,0.0,0.0,1.0,0,1.0,1.0,1.0,1.0,1,1.0,0,1,0.461538,0,0,0,3,2,3,1,1,0.328244,train,1
LED-000106,STL-000221-0,252.01,0.007035,1.007035,1,0.363636,0.580891,0.409091,0.409091,0,0.048507,0,0,0.384615,0,0,0,3,2,3,1,1,0.204837,train,0
LED-000106,STL-000080-0,226.07,0.006311,0.993689,7,0.307692,0.528822,0.307692,0.307692,0,0.0,0,0,0.230769,0,0,0,3,3,4,1,1,0.205153,train,0
LED-000107,STL-000107-0,1507.11,0.010499,0.989501,2,1.0,1.0,1.0,1.0,1,1.0,1,1,1.0,0,0,0,3,2,3,1,1,0.188562,test,1
LED-000108,STL-000108-0,0.0,0.0,1.0,0,0.964286,0.992857,0.964286,0.964286,0,0.866667,0,0,0.0,0,1,0,3,3,4,1,1,0.871813,test,1
LED-000109,STL-000109-0,0.0,0.0,1.0,0,0.666667,0.9,0.666667,1.0,0,0.707107,1,1,1.0,0,0,0,1,2,1,0,1,0.866025,train,1
LED-000110,STL-000110-0,1294.14,0.014018,0.985982,0,1.0,1.0,1.0,1.0,1,1.0,1,1,1.0,0,0,0,3,2,3,1,1,0.318511,train,1
LED-000111,STL-000535-0,2149.98,0.018449,1.018449,0,0.4,0.602456,0.4,0.4,0,0.0,0,0,0.230769,0,0,0,2,3,3,1,1,0.044721,train,0
LED-000111,STL-000111-0,0.0,0.0,1.0,3,1.0,1.0,1.0,1.0,1,1.0,0,0,0.0,0,1,0,2,4,4,1,1,0.188562,train,1
LED-000112,STL-000112-0,0.0,0.0,1.0,0,0.631579,0.574786,0.631579,1.0,0,0.603023,1,1,1.0,0,0,0,1,2,1,0,1,0.910642,train,1
LED-000113,STL-000113-0,0.0,0.0,1.0,0,0.258065,0.82963,0.258065,1.0,0,0.294884,1,1,1.0,0,0,0,3,3,4,1,1,0.215166,train,1
LED-000113,STL-000313-0,1347.13,0.005722,0.994278,1,0.176471,0.56649,0.235294,0.1875,0,-0.09325,0,0,0.230769,0,0,0,3,4,5,1,1,0.122474,train,0
LED-000114,STL-000114-0,0.0,0.0,1.0,0,0.258065,0.82963,0.258065,1.0,0,0.294884,1,1,1.0,0,0,0,1,2,1,0,1,0.328244,train,1
LED-000115,STL-000115-0,0.0,0.0,1.0,0,0.4,0.85,0.4,1.0,0,0.453743,0,1,0.461538,0,0,0,2,1,1,1,0,0.262613,train,1
LED-000116,STL-000116-0,516.18,0.008313,0.991687,0,1.0,1.0,1.0,1.0,1,1.0,0,1,0.461538,0,0,0,2,3,3,1,1,0.848528,train,1
LED-000116,STL-000531-0,1651.95,0.026605,1.026605,0,0.181818,0.505882,0.181818,0.181818,0,0.149071,0,0,0.230769,0,0,0,2,4,4,1,1,0.04714,train,0
LED-000117,STL-000117-0,0.0,0.0,1.0,0,1.0,1.0,1.0,1.0,1,1.0,1,1,1.0,0,0,0,1,2,1,0,1,0.848528,test,1
LED-000118,STL-000118-0,0.0,0.0,1.0,1,0.961538,0.992308,0.961538,0.961538,0,0.800641,0,0,0.0,0,1,0,1,1,0,0,0,0.239259,train,1
LED-000119,STL-000119-0,0.45,6e-06,1.000006,0,1.0,1.0,1.0,1.0,1,1.0,1,1,1.0,0,0,0,1,2,1,0,1,0.248734,train,1
LED-000120,STL-000120-0,0.0,0.0,1.0,0,0.214286,0.736,0.214286,0.214286,0,0.0,1,1,1.0,0,0,0,1,1,0,0,0,0.879883,val,1
LED-000121,STL-000121-0,0.06,0.0,1.0,0,0.285714,0.572222,0.357143,0.545455,0,0.096225,1,1,1.0,0,0,0,2,3,3,1,1,0.171499,train,1
LED-000122,STL-000122-0,0.36,2e-06,1.000002,0,1.0,1.0,1.0,1.0,1,1.0,0,0,0.0,0,1,0,1,4,3,0,1,0.15097,train,1
LED-000123,STL-000123-0,0.0,0.0,1.0,0,1.0,1.0,1.0,1.0,1,1.0,1,1,1.0,0,0,0,1,2,1,0,1,0.196419,train,1
LED-000124,STL-000124-0,2326.83,0.009728,0.990272,0,1.0,1.0,1.0,1.0,1,1.0,1,1,1.0,0,0,0,4,3,5,1,1,0.246416,val,1
LED-000125,STL-000394-0,5379.07,0.027896,1.027896,3,0.355556,0.515126,0.355556,0.222222,0,-0.070273,0,0,0.230769,0,0,0,6,5,9,1,1,0.087287,train,0
LED-000125,STL-000034-0,7169.17,0.037179,1.037179,4,0.325581,0.514077,0.372093,0.352941,0,0.0,0,0,0.230769,0,0,0,6,5,9,1,1,0.163299,train,0
LED-000125,STL-000380-0,3972.21,0.0206,0.9794,7,0.166667,0.467787,0.166667,0.266667,0,0.0,0,0,0.307692,0,0,0,6,4,8,1,1,0.760263,train,0
LED-000126,STL-000126-0,0.0,0.0,1.0,0,1.0,1.0,1.0,1.0,1,1.0,1,1,1.0,0,0,0,2,1,1,1,0,0.367423,train,1
LED-000126,STL-000109-0,22.58,0.000311,0.999689,3,0.26087,0.494872,0.26087,0.26087,0,0.087706,0,0,0.230769,0,0,0,2,2,2,1,1,0.043644,train,0
LED-000127,STL-000127-0,0.0,0.0,1.0,0,0.870968,0.954286,0.870968,1.0,0,0.890564,0,1,0.461538,0,0,0,3,3,4,1,1,0.281788,train,1
LED-000127,STL-000214-0,433.18,0.007228,0.992772,1,0.272727,0.486202,0.272727,0.171429,0,0.080257,0,0,0.230769,0,0,0,3,3,4,1,1,0.254,train,0
LED-000127,STL-000521-0,967.03,0.016135,1.016135,1,0.3,0.456383,0.3,0.3,0,-0.188608,0,0,0.230769,0,0,0,3,3,4,1,1,0.254,train,0
LED-000128,STL-000128-0,21.83,0.000183,0.999817,0,1.0,1.0,1.0,1.0,1,1.0,0,1,0.461538,0,0,0,4,1,3,1,0,0.238976,train,1
LED-000128,STL-000298-0,5321.48,0.044553,1.044553,2,0.238095,0.425926,0.238095,0.238095,0,0.0,0,0,0.230769,0,0,0,4,3,5,1,1,0.854017,train,0
LED-000128,STL-000577-0,208.43,0.001745,1.001745,4,0.1,0.425926,0.15,0.15,0,0.0,0,0,0.0,0,1,0,4,3,5,1,1,0.228802,train,0
LED-000128,STL-000365-0,1724.73,0.01444,0.98556,6,0.45283,0.631683,0.415094,0.415094,0,0.0,0,0,0.230769,0,0,0,4,4,6,1,1,0.524143,train,0
LED-000129,STL-000129-0,0.12,1e-06,0.999999,0,1.0,1.0,1.0,1.0,1,1.0,0,0,0.0,0,1,0,1,2,1,0,1,0.19803,train,1
LED-000130,STL-000130-0,0.47,4e-06,1.000004,0,0.631579,0.892308,0.368421,0.368421,0,0.558156,1,1,1.0,0,0,0,2,1,1,1,0,0.308607,val,1
LED-000131,STL-000131-0,1079.12,0.024527,0.975473,0,1.0,1.0,1.0,1.0,1,1.0,0,1,0.461538,0,0,0,2,1,1,1,0,0.866025,train,1
LED-000132,STL-000132-0,0.16,1e-06,1.000001,1,1.0,1.0,1.0,1.0,1,1.0,1,1,1.0,0,0,0,3,2,3,1,1,0.367423,test,1
LED-000132,STL-000164-0,521.82,0.002188,1.002188,7,0.380952,0.529412,0.380952,0.380952,0,0.0,0,0,0.230769,0,0,0,3,3,4,1,1,0.043644,test,0
LED-000134,STL-000134-0,0.01,0.0,1.0,1,1.0,1.0,1.0,1.0,1,1.0,1,1,1.0,0,0,0,1,2,1,0,1,0.226455,train,1
LED-000135,STL-000135-0,0.0,0.0,1.0,0,0.5,0.866667,0.5,1.0,0,0.547723,1,1,1.0,0,0,0,1,1,0,0,0,0.279751,train,1
LED-000136,STL-000136-0,0.0,0.0,1.0,0,0.387097,0.848,0.387097,1.0,0,0.4,1,1,1.0,0,0,0,1,1,0,0,0,0.171499,train,1
LED-000137,STL-000137-0,0.0,0.0,1.0,0,1.0,1.0,1.0,1.0,1,1.0,1,1,1.0,0,0,0,3,3,4,1,1,0.196589,train,1
LED-000138,STL-000138-0,1533.49,0.015591,0.984409,0,0.666667,0.9,0.666667,1.0,0,0.707107,1,1,1.0,0,0,0,3,3,4,1,1,0.245737,train,1
LED-000139,STL-000139-0,0.0,0.0,1.0,0,0.25,0.742857,0.25,0.25,0,0.0,1,1,1.0,0,0,0,3,6,7,1,1,0.866025,train,1
LED-000139,STL-000188-0,3200.77,0.013657,0.986343,2,0.0,0.0,0.0,0.0,0,0.0,0,0,0.230769,0,0,0,3,4,5,1,1,0.742308,train,0
LED-000139,STL-000019-0,380.11,0.001622,1.001622,6,0.166667,0.481481,0.166667,0.166667,0,0.0,0,0,0.230769,0,0,0,3,3,4,1,1,0.044544,train,0
LED-000140,STL-000140-0,0.0,0.0,1.0,0,1.0,1.0,1.0,1.0,1,1.0,0,1,0.461538,0,0,0,1,1,0,0,0,0.848528,train,1
LED-000141,STL-000141-0,0.0,0.0,1.0,0,0.947368,0.98,0.526316,0.526316,0,0.737865,0,1,0.461538,0,0,0,1,2,1,0,1,0.308607,val,1
LED-000142,STL-000516-1,3100.32,0.038858,0.961142,3,0.153846,0.0,0.153846,0.153846,0,0.0,0,0,0.0,0,1,0,2,2,2,1,1,0.680414,train,0
LED-000143,STL-000143-0,0.0,0.0,1.0,0,0.961538,0.992308,0.961538,0.961538,0,0.852437,1,1,1.0,0,0,0,3,3,4,1,1,0.367423,val,1
LED-000143,STL-000157-0,5228.71,0.039442,1.039442,5,0.631579,0.892308,0.368421,0.368421,0,0.558156,0,0,0.230769,0,0,0,3,2,3,1,1,0.0343,val,0
LED-000144,STL-000144-0,639.45,0.013558,0.986442,0,1.0,1.0,1.0,1.0,1,1.0,0,0,0.0,0,1,0,1,3,2,0,1,0.347183,test,1
LED-000145,STL-000145-0,15.0,8.6e-05,0.999914,0,1.0,1.0,1.0,1.0,1,1.0,1,1,1.0,0,0,0,2,3,3,1,1,0.871813,test,1
LED-000146,STL-000146-0,0.0,0.0,1.0,0,0.428571,0.854545,0.428571,1.0,0,0.447214,1,1,1.0,0,0,0,4,4,6,1,1,0.177667,train,1
LED-000146,STL-000251-0,3969.28,0.017364,1.017364,6,0.068966,0.396104,0.137931,0.137931,0,0.0,0,0,0.230769,0,0,0,4,4,6,1,1,0.071067,train,0
LED-000147,STL-000564-0,5555.7,0.044481,1.044481,0,0.333333,0.561905,0.333333,0.333333,0,0.0,0,0,0.230769,0,0,0,6,3,7,1,1,0.036886,train,0
LED-000147,STL-000147-0,7.18,5.7e-05,0.999943,0,1.0,1.0,1.0,1.0,1,1.0,1,1,1.0,0,0,0,6,2,6,1,1,0.172516,train,1
LED-000147,STL-000522-0,4592.02,0.036765,1.036765,3,0.166667,0.335088,0.166667,0.166667,0,0.0,0,0,0.230769,0,0,0,6,5,9,1,1,0.036886,train,0
LED-000147,STL-000083-0,240.07,0.001922,1.001922,4,1.0,1.0,1.0,1.0,1,1.0,0,0,0.230769,0,0,0,6,5,9,1,1,0.199205,train,0
LED-000147,STL-000383-0,5159.61,0.04131,1.04131,6,0.222222,0.517949,0.222222,0.222222,0,0.0,0,0,0.230769,0,0,0,6,7,11,1,1,0.075593,train,0
LED-000148,STL-000148-0,0.27,1e-06,1.000001,1,1.0,1.0,1.0,1.0,1,1.0,0,0,0.0,0,1,0,3,2,3,1,1,0.184812,train,1
LED-000148,STL-000042-0,10579.36,0.042731,0.957269,7,0.652174,0.734473,0.652174,0.75,0,0.508475,0,0,0.230769,0,0,0,3,3,4,1,1,0.146647,train,0
LED-000148,STL-000089-0,2006.94,0.008106,0.991894,7,0.3125,0.523504,0.3125,0.3125,0,0.0,0,0,0.307692,0,0,0,3,3,4,1,1,0.269408,train,0
LED-000149,STL-000149-0,82.59,0.005415,0.994585,3,1.0,1.0,1.0,1.0,1,1.0,0,0,0.0,0,1,0,2,1,1,1,0,0.381,train,1
LED-000149,STL-000196-0,205.74,0.013488,1.013488,6,0.292683,0.510582,0.292683,0.292683,0,0.0,0,0,0.230769,0,0,0,2,2,2,1,1,0.254,train,0
LED-000150,STL-000150-0,2744.27,0.013614,0.986386,0,0.608696,0.8875,0.608696,1.0,0,0.597614,1,1,1.0,0,0,0,3,4,5,1,1,0.287214,val,1
LED-000151,STL-000151-0,1726.1,0.022984,0.977016,0,1.0,1.0,1.0,1.0,1,1.0,0,0,0.0,0,1,0,2,2,2,1,1,0.15401,train,1
LED-000151,STL-000411-0,2899.15,0.038605,0.961395,1,0.222222,0.351282,0.222222,0.222222,0,0.0,0,0,0.230769,0,0,0,2,2,2,1,1,0.03745,train,0
LED-000152,STL-000152-0,0.0,0.0,1.0,4,0.428571,0.854545,0.428571,1.0,0,0.447214,1,1,1.0,0,0,0,1,1,0,0,0,0.274986,train,1
LED-000154,STL-000450-0,3260.25,0.033942,1.033942,0,0.0,0.0,0.0,0.0,0,0.0,0,0,0.230769,0,0,0,3,4,5,1,1,0.127688,val,0
LED-000154,STL-000154-0,0.0,0.0,1.0,0,1.0,1.0,1.0,1.0,1,1.0,0,0,0.0,0,1,0,3,5,6,1,1,0.311188,val,1
LED-000155,STL-000155-0,0.0,0.0,1.0,0,1.0,1.0,1.0,1.0,1,1.0,0,0,0.0,0,1,0,1,1,0,0,0,0.247156,train,1
LED-000156,STL-000156-0,0.0,0.0,1.0,0,0.727273,0.9,0.727273,0.727273,0,0.316228,1,1,1.0,0,0,0,1,2,1,0,1,0.598444,train,1
LED-000158,STL-000158-0,0.0,0.0,1.0,0,1.0,1.0,1.0,1.0,1,1.0,0,0,0.0,0,1,0,3,4,5,1,1,0.231034,train,1
LED-000160,STL-000160-0,0.0,0.0,1.0,1,0.888889,0.96,0.888889,0.888889,0,0.782624,1,1,1.0,0,0,0,2,3,3,1,1,0.255031,train,1
LED-000161,STL-000232-0,1665.82,0.018236,1.018236,5,0.129032,0.402222,0.129032,0.129032,0,0.0,0,0,0.0,0,1,0,3,2,3,1,1,0.769897,train,0
LED-000162,STL-000162-0,0.0,0.0,1.0,0,1.0,1.0,1.0,1.0,1,1.0,1,1,1.0,0,0,0,1,3,2,0,1,0.10728,test,1
LED-000163,STL-000163-0,0.0,0.0,1.0,0,0.913043,0.939429,0.913043,0.913043,0,0.793884,1,1,1.0,0,0,0,1,3,2,0,1,0.137199,val,1
LED-000164,STL-000164-0,2670.34,0.011048,0.988952,0,1.0,1.0,1.0,1.0,1,1.0,1,1,1.0,0,0,0,2,3,3,1,1,0.303895,test,1
LED-000165,STL-000165-0,0.0,0.0,1.0,1,1.0,1.0,1.0,1.0,1,1.0,1,1,1.0,0,0,0,1,1,0,0,0,0.257674,train,1
LED-000166,STL-000166-0,0.0,0.0,1.0,3,0.64,0.894118,0.64,1.0,0,0.632456,1,1,1.0,0,0,0,3,3,4,1,1,0.91106,train,1
LED-000166,STL-000524-0,7189.03,0.03982,0.96018,4,0.457143,0.602397,0.285714,0.285714,0,-0.069007,0,0,0.230769,0,0,0,3,4,5,1,1,0.443039,train,0
LED-000167,STL-000167-0,2130.73,0.015216,0.984784,1,0.428571,0.854545,0.428571,1.0,0,0.447214,0,1,0.461538,0,0,0,1,1,0,0,0,0.137199,test,1
LED-000168,STL-000168-0,0.2,1e-06,0.999999,0,0.809524,0.936,0.809524,1.0,0,0.788811,0,0,0.0,0,1,0,2,3,3,1,1,0.311188,train,1
LED-000168,STL-000342-0,1361.47,0.007237,1.007237,0,0.333333,0.549271,0.333333,0.333333,0,0.0,0,0,0.230769,0,0,0,2,3,3,1,1,0.73721,train,0
LED-000169,STL-000169-0,0.0,0.0,1.0,0,1.0,1.0,1.0,1.0,1,1.0,1,1,1.0,0,0,0,2,1,1,1,0,0.30202,train,1
LED-000170,STL-000170-0,0.0,0.0,1.0,0,0.947368,0.98,0.526316,0.526316,0,0.737865,1,1,1.0,0,0,0,2,4,4,1,1,0.295804,train,1
LED-000170,STL-000181-0,2153.56,0.016854,1.016854,6,0.133333,0.433333,0.133333,0.133333,0,0.0,0,0,0.230769,0,0,0,2,2,2,1,1,0.133631,train,0
LED-000171,STL-000171-0,0.05,0.0,1.0,1,1.0,1.0,1.0,1.0,1,1.0,1,1,1.0,0,0,0,1,1,0,0,0,0.178174,train,1
LED-000172,STL-000172-0,0.16,1e-06,1.000001,0,0.181818,0.608187,0.272727,0.272727,0,0.0,0,1,0.461538,0,0,0,7,5,10,1,1,0.099015,test,1
LED-000173,STL-000173-0,12.83,9.5e-05,0.999905,0,1.0,1.0,1.0,1.0,1,1.0,1,1,1.0,0,0,0,3,3,4,1,1,0.188562,train,1
LED-000173,STL-000433-0,2233.99,0.016477,1.016477,1,0.117647,0.468254,0.117647,0.0,0,0.0,0,0,0.230769,0,0,0,3,3,4,1,1,0.0343,train,0
LED-000174,STL-000174-0,0.0,0.0,1.0,0,1.0,1.0,1.0,1.0,1,1.0,1,1,1.0,0,0,0,3,8,9,1,1,0.137199,val,1
LED-000177,STL-000177-0,0.0,0.0,1.0,2,1.0,1.0,1.0,1.0,1,1.0,1,1,1.0,0,0,0,2,1,1,1,0,0.182006,test,1
LED-000177,STL-000133-1,3945.58,0.039142,0.960858,4,0.125,0.417989,0.25,0.25,0,0.0,0,0,0.230769,0,0,0,2,2,2,1,1,0.03576,test,0
LED-000178,STL-000178-0,0.0,0.0,1.0,0,1.0,1.0,1.0,1.0,1,1.0,1,1,1.0,0,0,0,2,1,1,1,0,0.910642,test,1
LED-000179,STL-000179-0,0.0,0.0,1.0,0,1.0,1.0,1.0,1.0,1,1.0,0,1,0.461538,0,0,0,1,1,0,0,0,0.559085,train,1
LED-000180,STL-000180-0,0.39,6e-06,0.999994,1,1.0,1.0,1.0,1.0,1,1.0,0,1,0.461538,0,0,0,1,2,1,0,1,0.872082,train,1
LED-000181,STL-000181-0,0.0,0.0,1.0,0,1.0,1.0,1.0,1.0,1,1.0,1,1,1.0,0,0,0,1,2,1,0,1,0.181444,train,1
LED-000182,STL-000182-0,0.0,0.0,1.0,0,1.0,1.0,1.0,1.0,1,1.0,1,1,1.0,0,0,0,2,1,1,1,0,0.174608,val,1
LED-000183,STL-000183-0,0.0,0.0,1.0,0,1.0,1.0,1.0,1.0,1,1.0,1,1,1.0,0,0,0,1,1,0,0,0,0.341121,test,1
LED-000184,STL-000184-0,0.31,1e-06,0.999999,0,1.0,1.0,1.0,1.0,1,1.0,1,1,1.0,0,0,0,1,2,1,0,1,0.835504,train,1
LED-000185,STL-000185-0,0.16,9e-06,0.999991,0,1.0,1.0,1.0,1.0,1,1.0,0,0,0.0,0,1,0,2,1,1,1,0,0.338667,train,1
LED-000185,STL-000373-0,183.47,0.010254,1.010254,2,0.24,0.479532,0.16,0.16,0,0.0,0,0,0.230769,0,0,0,2,2,2,1,1,0.109985,train,0
LED-000186,STL-000186-0,0.0,0.0,1.0,0,0.8125,0.936842,0.8125,0.8125,0,0.731272,0,0,0.0,0,1,0,1,1,0,0,0,0.305505,train,1
LED-000187,STL-000187-0,150.07,0.007544,0.992456,0,0.3,0.752941,0.3,0.222222,0,0.0,1,1,1.0,0,0,0,1,2,1,0,1,0.835504,train,1
LED-000188,STL-000188-0,7.03,3e-05,0.99997,1,0.727273,0.9,0.727273,0.727273,0,0.316228,1,1,1.0,0,0,0,2,4,4,1,1,0.58554,train,1
LED-000188,STL-000019-0,3573.85,0.01546,1.01546,5,0.125,0.417989,0.25,0.25,0,0.0,0,0,0.230769,0,0,0,2,3,3,1,1,0.035136,train,0
LED-000189,STL-000189-0,13.0,0.000311,0.999689,0,0.64,0.894118,0.64,0.64,0,0.316228,1,1,1.0,0,0,0,2,1,1,1,0,0.338667,val,1
LED-000190,STL-000190-0,721.32,0.005646,0.994354,0,0.941176,0.988235,0.941176,0.941176,0,0.751469,1,1,1.0,0,0,0,5,2,5,1,1,0.292353,train,1
LED-000190,STL-000073-0,3823.56,0.029926,1.029926,4,0.333333,0.535014,0.333333,0.333333,0,0.0,0,0,0.0,0,1,0,5,6,9,1,1,0.869582,train,0
LED-000191,STL-000191-0,2.5,2.7e-05,0.999973,0,1.0,1.0,1.0,1.0,1,1.0,0,1,0.461538,0,0,0,2,1,1,1,0,0.13202,train,1
LED-000191,STL-000379-0,1446.71,0.015882,1.015882,6,0.459016,0.668519,0.393443,0.393443,0,0.0343,0,0,0.230769,0,0,0,2,2,2,1,1,0.0,train,0
LED-000192,STL-000192-0,0.15,1e-06,0.999999,0,1.0,1.0,1.0,1.0,1,1.0,1,1,1.0,0,0,0,6,2,6,1,1,0.835504,train,1
LED-000192,STL-000190-0,1462.6,0.011646,1.011646,1,0.230769,0.549891,0.153846,0.153846,0,0.09167,0,0,0.230769,0,0,0,6,2,6,1,1,0.204465,train,0
LED-000192,STL-000540-0,5944.29,0.047333,0.952667,4,0.25,0.417989,0.125,0.125,0,0.169031,0,0,0.0,0,1,0,6,5,9,1,1,0.212814,train,0
LED-000192,STL-000073-0,6007.48,0.047836,1.047836,5,0.25,0.417989,0.125,0.125,0,0.169031,0,0,0.0,0,1,0,6,6,10,1,1,0.034752,train,0
LED-000193,STL-000193-0,0.0,0.0,1.0,0,1.0,1.0,1.0,1.0,1,1.0,0,1,0.461538,0,0,0,1,2,1,0,1,0.879883,train,1
LED-000195,STL-000195-0,0.0,0.0,1.0,0,1.0,1.0,1.0,1.0,1,1.0,0,1,0.461538,0,0,0,3,2,3,1,1,0.166812,train,1
LED-000196,STL-000196-0,252.17,0.01605,0.98395,0,1.0,1.0,1.0,1.0,1,1.0,0,1,0.461538,0,0,0,1,2,1,0,1,0.136083,train,1
LED-000197,STL-000197-0,9.83,0.000359,0.999641,0,0.258065,0.82963,0.258065,1.0,0,0.294884,1,1,1.0,0,0,0,1,1,0,0,0,0.249029,test,1
LED-000198,STL-000198-0,0.0,0.0,1.0,1,1.0,1.0,1.0,1.0,1,1.0,0,0,0.0,0,1,0,1,1,0,0,0,0.318465,val,1
LED-000199,STL-000199-0,0.0,0.0,1.0,0,1.0,1.0,1.0,1.0,1,1.0,1,1,1.0,0,0,0,1,1,0,0,0,0.296334,val,1
LED-000202,STL-000202-0,268.29,0.017438,0.982562,0,0.83871,0.753561,0.83871,1.0,0,0.874475,1,1,1.0,0,0,0,1,1,0,0,0,0.579359,train,1
LED-000203,STL-000203-0,0.0,0.0,1.0,0,1.0,1.0,1.0,1.0,1,1.0,0,1,0.461538,0,0,0,2,1,1,1,0,0.579359,test,1
LED-000203,STL-000404-1,220.53,0.002561,1.002561,7,0.186047,0.477513,0.232558,0.232558,0,0.076697,0,0,0.230769,0,0,0,2,2,2,1,1,0.127515,test,0
LED-000204,STL-000335-0,657.62,0.002701,1.002701,0,0.153846,0.0,0.153846,0.153846,0,0.0,0,0,0.230769,0,0,0,3,4,5,1,1,0.045361,train,0
LED-000204,STL-000204-0,1.51,6e-06,0.999994,1,1.0,1.0,1.0,1.0,1,1.0,1,1,1.0,0,0,0,3,4,5,1,1,0.099015,train,1
LED-000204,STL-000139-0,9136.89,0.037523,0.962477,3,0.153846,0.498413,0.230769,0.230769,0,0.0,0,0,0.230769,0,0,0,3,6,7,1,1,-0.041996,train,0
LED-000205,STL-000052-0,2948.06,0.037034,1.037034,0,0.3,0.456383,0.3,0.3,0,-0.188608,0,0,0.230769,0,0,0,2,2,2,1,1,0.758098,train,0
LED-000205,STL-000205-0,0.0,0.0,1.0,1,0.962963,0.992593,0.962963,0.962963,0,0.913043,1,1,1.0,0,0,0,2,2,2,1,1,0.871813,train,1
LED-000206,STL-000206-0,54.21,0.005626,0.994374,1,0.4,0.85,0.4,1.0,0,0.453743,0,0,0.0,0,1,0,1,1,0,0,0,0.10728,train,1
LED-000207,STL-000207-0,20.45,0.000139,0.999861,0,1.0,1.0,1.0,1.0,1,1.0,0,1,0.461538,0,0,0,5,1,4,1,0,0.870988,train,1
LED-000207,STL-000424-0,1237.92,0.008438,0.991562,1,0.26087,0.485897,0.26087,0.26087,0,0.095346,0,0,0.230769,0,0,0,5,2,5,1,1,0.040522,train,0
LED-000207,STL-000416-1,11.34,7.7e-05,1.000077,3,0.222222,0.483333,0.111111,0.111111,0,0.129099,0,0,0.0,0,1,0,5,2,5,1,1,0.081044,train,0
LED-000207,STL-000347-0,5472.21,0.037298,1.037298,4,0.222222,0.466667,0.222222,0.222222,0,0.0,0,0,0.230769,0,0,0,5,3,6,1,1,0.09848,train,0
LED-000207,STL-000158-0,3659.99,0.024946,0.975054,7,0.133333,0.433333,0.133333,0.133333,0,0.0,0,0,0.0,0,1,0,5,4,7,1,1,0.095539,train,0
LED-000208,STL-000208-0,19.06,9.6e-05,0.999904,1,0.608696,0.8875,0.608696,1.0,0,0.597614,1,1,1.0,0,0,0,2,1,1,1,0,0.175682,test,1
LED-000209,STL-000209-0,12.12,6.7e-05,0.999933,0,1.0,1.0,1.0,1.0,1,1.0,1,1,1.0,0,0,0,1,2,1,0,1,0.204124,train,1
LED-000211,STL-000211-0,0.0,0.0,1.0,2,0.774194,0.926316,0.774194,0.8,0,0.766965,1,1,1.0,0,0,0,1,1,0,0,0,0.550973,test,1
LED-000213,STL-000213-0,0.0,0.0,1.0,1,1.0,1.0,1.0,1.0,1,1.0,1,1,1.0,0,0,0,3,2,3,1,1,0.888336,train,1
LED-000214,STL-000127-0,433.18,0.00728,1.00728,0,0.307692,0.502266,0.269231,0.186047,0,0.071474,0,0,0.230769,0,0,0,3,3,4,1,1,0.774917,train,0
LED-000214,STL-000214-0,0.0,0.0,1.0,1,1.0,1.0,1.0,1.0,1,1.0,1,1,1.0,0,0,0,3,3,4,1,1,0.338667,train,1
LED-000214,STL-000521-0,1400.21,0.023532,1.023532,1,0.4,0.570324,0.4,0.380952,0,0.0,0,0,0.230769,0,0,0,3,3,4,1,1,0.169334,train,0
LED-000215,STL-000215-0,0.0,0.0,1.0,0,1.0,1.0,1.0,1.0,1,1.0,1,1,1.0,0,0,0,2,4,4,1,1,0.920358,train,1
LED-000215,STL-000567-0,11225.59,0.045956,0.954044,0,0.352941,0.592157,0.352941,0.32,0,0.0,0,0,0.0,0,1,0,2,5,5,1,1,0.037268,train,0
LED-000216,STL-000365-0,1371.05,0.011784,1.011784,0,1.0,1.0,1.0,1.0,1,1.0,0,0,0.230769,0,0,0,2,4,4,1,1,0.499169,train,0
LED-000216,STL-000397-0,3657.51,0.031437,0.968563,4,0.166667,0.467787,0.166667,0.166667,0,0.0,0,0,0.230769,0,0,0,2,3,3,1,1,0.0,train,0
LED-000217,STL-000217-0,0.0,0.0,1.0,0,0.285714,0.572222,0.357143,0.545455,0,0.096225,1,1,1.0,0,0,0,5,1,4,1,0,0.290659,val,1
LED-000218,STL-000218-0,0.0,0.0,1.0,0,1.0,1.0,1.0,1.0,1,1.0,0,0,0.0,0,1,0,1,1,0,0,0,0.159232,val,1
LED-000219,STL-000219-0,0.0,0.0,1.0,0,1.0,1.0,1.0,1.0,1,1.0,1,1,1.0,0,0,0,1,1,0,0,0,0.189934,train,1
LED-000220,STL-000220-0,0.0,0.0,1.0,5,1.0,1.0,1.0,1.0,1,1.0,1,1,1.0,0,0,0,2,2,2,1,1,0.342415,train,1
LED-000221,STL-000106-0,268.14,0.007429,0.992571,0,0.363636,0.580891,0.409091,0.409091,0,0.048507,0,0,0.384615,0,0,0,3,2,3,1,1,0.25,train,0
LED-000221,STL-000221-0,16.13,0.000447,0.999553,1,1.0,1.0,1.0,1.0,1,1.0,1,1,1.0,0,0,0,3,2,3,1,1,0.381356,train,1
LED-000221,STL-000080-0,494.21,0.013693,0.986307,7,0.25,0.410476,0.25,0.25,0,0.0,0,0,0.230769,0,0,0,3,3,4,1,1,0.166667,train,0
LED-000224,STL-000224-0,3805.33,0.018184,0.981816,0,1.0,1.0,1.0,1.0,1,1.0,1,1,1.0,0,0,0,2,5,5,1,1,0.579359,train,1
LED-000225,STL-000215-0,4131.85,0.017206,1.017206,0,0.4,0.570324,0.4,0.380952,0,0.0,0,0,0.230769,0,0,0,2,4,4,1,1,0.061604,train,0
LED-000225,STL-000567-0,7093.74,0.029541,0.970459,0,0.333333,0.629462,0.4,0.4,0,0.0,0,0,0.0,0,1,0,2,5,5,1,1,0.044901,train,0
LED-000227,STL-000364-0,39.53,0.000222,1.000222,7,0.125,0.470085,0.125,0.0,0,0.0,0,0,0.230769,0,0,0,2,3,3,1,1,0.036811,val,0
LED-000228,STL-000228-0,0.48,3e-06,0.999997,0,1.0,1.0,1.0,1.0,1,1.0,1,1,1.0,0,0,0,2,3,3,1,1,0.545705,train,1
LED-000228,STL-000259-0,3708.46,0.026408,0.973592,2,0.222222,0.440476,0.222222,0.222222,0,0.0,0,0,0.230769,0,0,0,2,3,3,1,1,0.771517,train,0
LED-000229,STL-000229-0,0.0,0.0,1.0,0,1.0,1.0,1.0,1.0,1,1.0,1,1,1.0,0,0,0,3,1,2,1,0,0.188562,train,1
LED-000229,STL-000168-0,3285.45,0.017165,0.982835,2,0.181818,0.47,0.242424,0.242424,0,0.0,0,0,0.0,0,1,0,3,3,4,1,1,0.213201,train,0
LED-000229,STL-000342-0,1923.78,0.010051,0.989949,2,0.380952,0.603205,0.380952,0.380952,0,0.0,0,0,0.230769,0,0,0,3,3,4,1,1,0.707107,train,0
LED-000231,STL-000231-0,9.5,0.000129,0.999871,0,0.764706,0.92381,0.764706,0.764706,0,0.760886,1,1,1.0,0,0,0,4,1,3,1,0,0.410305,train,1
LED-000231,STL-000426-0,3108.53,0.042263,0.957737,5,0.285714,0.535256,0.285714,0.285714,0,0.0,0,0,0.230769,0,0,0,4,4,6,1,1,0.781736,train,0
LED-000231,STL-000510-0,1985.66,0.026997,0.973003,5,0.358974,0.516026,0.358974,0.358974,0,-0.059131,0,0,0.230769,0,0,0,4,3,5,1,1,0.227921,train,0
LED-000232,STL-000232-0,0.09,1e-06,1.000001,0,1.0,1.0,1.0,1.0,1,1.0,0,0,0.0,0,1,0,3,2,3,1,1,0.219971,train,1
LED-000232,STL-000236-0,2962.22,0.031847,1.031847,2,0.133333,0.425926,0.133333,0.133333,0,0.0,0,0,0.230769,0,0,0,3,4,5,1,1,0.769897,train,0
LED-000232,STL-000075-0,2304.1,0.024771,1.024771,3,1.0,1.0,1.0,1.0,1,1.0,0,0,0.230769,0,0,0,3,5,6,1,1,0.092406,train,0
LED-000235,STL-000235-0,0.0,0.0,1.0,0,1.0,1.0,1.0,1.0,1,1.0,1,1,1.0,0,0,0,1,1,0,0,0,0.137649,train,1
LED-000236,STL-000236-0,3.01,3.1e-05,0.999969,1,1.0,1.0,1.0,1.0,1,1.0,1,1,1.0,0,0,0,2,4,4,1,1,0.159394,train,1
LED-000236,STL-000075-0,661.13,0.006888,0.993112,2,0.133333,0.425926,0.133333,0.133333,0,0.0,0,0,0.230769,0,0,0,2,5,5,1,1,0.857075,train,0
LED-000237,STL-000237-0,437.69,0.010586,0.989414,1,0.5,0.632967,0.4,0.4,0,0.149071,1,1,1.0,0,0,0,2,3,3,1,1,0.848528,val,1
LED-000238,STL-000238-0,0.0,0.0,1.0,2,1.0,1.0,1.0,1.0,1,1.0,1,1,1.0,0,0,0,1,2,1,0,1,0.147242,test,1
LED-000239,STL-000239-0,0.0,0.0,1.0,2,1.0,1.0,1.0,1.0,1,1.0,0,0,0.0,0,1,0,1,1,0,0,0,0.178174,train,1
LED-000242,STL-000242-0,0.0,0.0,1.0,0,0.941176,0.988235,0.941176,1.0,0,0.842701,1,1,1.0,0,0,0,4,3,5,1,1,0.2179,val,1
LED-000242,STL-000511-0,4374.68,0.048527,1.048527,5,0.322581,0.542017,0.322581,0.272727,0,0.0,0,0,0.230769,0,0,0,4,5,7,1,1,0.035944,val,0
LED-000243,STL-000243-0,0.0,0.0,1.0,2,1.0,1.0,1.0,1.0,1,1.0,0,0,0.0,0,1,0,1,1,0,0,0,0.308607,test,1
LED-000245,STL-000245-0,0.25,1e-06,1.000001,0,0.941176,0.977778,0.470588,0.470588,0,0.617213,0,0,0.0,0,1,0,2,1,1,1,0,0.102899,train,1
LED-000246,STL-000092-0,571.28,0.023857,0.976143,3,0.228571,0.488095,0.171429,0.171429,0,-0.08165,0,0,0.230769,0,0,0,1,2,1,0,1,0.115728,train,0
LED-000247,STL-000247-0,0.0,0.0,1.0,0,0.83871,0.753561,0.83871,1.0,0,0.874475,1,1,1.0,0,0,0,4,2,4,1,1,0.361449,val,1
LED-000248,STL-000248-0,1291.01,0.011542,0.988458,0,0.4,0.85,0.4,1.0,0,0.453743,1,1,1.0,0,0,0,2,5,5,1,1,0.861858,train,1
LED-000249,STL-000070-0,49.98,0.00021,1.00021,0,1.0,1.0,1.0,1.0,1,1.0,0,0,0.230769,0,0,0,5,4,7,1,1,0.157135,val,0
LED-000249,STL-000249-0,2683.93,0.011296,0.988704,2,1.0,1.0,1.0,1.0,1,1.0,1,1,1.0,0,0,0,5,4,7,1,1,0.861858,val,1
LED-000249,STL-000518-0,8405.14,0.035376,0.964624,4,0.421053,0.572108,0.368421,0.368421,0,0.062622,0,0,0.230769,0,0,0,5,4,7,1,1,0.041996,val,0
LED-000250,STL-000250-0,0.13,1e-06,1.000001,2,1.0,1.0,1.0,1.0,1,1.0,1,1,1.0,0,0,0,2,1,1,1,0,0.20261,val,1
LED-000251,STL-000251-0,0.23,1e-06,1.000001,0,0.875,0.955556,0.875,0.875,0,0.676123,1,1,1.0,0,0,0,1,4,3,0,1,0.383065,train,1
LED-000252,STL-000252-0,0.0,0.0,1.0,0,1.0,1.0,1.0,1.0,1,1.0,1,1,1.0,0,0,0,1,2,1,0,1,0.130931,train,1
LED-000253,STL-000253-0,1469.65,0.009694,0.990306,0,0.857143,0.77381,0.857143,1.0,0,0.876501,1,1,1.0,0,0,0,1,1,0,0,0,0.313545,train,1
LED-000254,STL-000254-0,1107.87,0.014804,0.985196,0,1.0,1.0,1.0,1.0,1,1.0,1,1,1.0,0,0,0,2,1,1,1,0,0.538138,test,1
LED-000255,STL-000352-0,2486.12,0.019724,1.019724,1,0.428571,0.573138,0.285714,0.285714,0,0.0,0,0,0.230769,0,0,0,1,4,3,0,1,0.184812,train,0
LED-000256,STL-000256-0,149.25,0.005579,0.994421,0,1.0,1.0,1.0,1.0,1,1.0,1,1,1.0,0,0,0,1,2,1,0,1,0.861858,test,1
LED-000258,STL-000258-0,0.0,0.0,1.0,1,1.0,1.0,1.0,1.0,1,1.0,1,1,1.0,0,0,0,1,1,0,0,0,0.879883,val,1
LED-000259,STL-000259-0,0.19,1e-06,0.999999,0,0.258065,0.82963,0.258065,1.0,0,0.294884,1,1,1.0,0,0,0,1,3,2,0,1,0.195965,train,1
LED-000260,STL-000260-0,0.0,0.0,1.0,0,0.714286,0.911111,0.714286,1.0,0,0.745356,0,0,0.0,0,1,0,1,1,0,0,0,0.471405,val,1
LED-000261,STL-000261-0,0.0,0.0,1.0,0,1.0,1.0,1.0,1.0,1,1.0,0,1,0.461538,0,0,0,2,1,1,1,0,0.880716,train,1
LED-000261,STL-000549-0,7891.92,0.040257,1.040257,1,0.133333,0.422619,0.133333,0.133333,0,0.0,0,0,0.307692,0,0,0,2,3,3,1,1,0.314309,train,0
LED-000262,STL-000262-0,21.12,8.9e-05,0.999911,0,1.0,1.0,1.0,1.0,1,1.0,0,1,0.461538,0,0,0,5,3,6,1,1,0.102418,train,1
LED-000262,STL-000398-0,6616.35,0.027848,1.027848,1,0.380952,0.603205,0.380952,0.380952,0,0.0,0,0,0.230769,0,0,0,5,4,7,1,1,0.035806,train,0
LED-000262,STL-000599-0,5298.69,0.022302,0.977698,6,0.125,0.470085,0.125,0.0,0,0.0,0,0,0.0,0,1,0,5,4,7,1,1,0.851314,train,0
LED-000263,STL-000263-0,0.0,0.0,1.0,0,0.428571,0.854545,0.428571,1.0,0,0.447214,0,1,0.461538,0,0,0,4,2,4,1,1,0.246416,train,1
LED-000263,STL-000138-0,1386.26,0.014526,1.014526,3,0.315789,0.495726,0.315789,0.315789,0,0.0,0,0,0.230769,0,0,0,4,3,5,1,1,0.127,train,0
LED-000265,STL-000265-0,3033.59,0.018761,0.981239,0,1.0,1.0,1.0,1.0,1,1.0,0,1,0.461538,0,0,0,2,2,2,1,1,0.296334,train,1
LED-000265,STL-000595-0,2969.34,0.018364,0.981636,1,0.142857,0.357143,0.142857,0.142857,0,0.0,0,0,0.307692,0,0,0,2,3,3,1,1,0.211667,train,0
LED-000266,STL-000266-0,0.36,2e-06,1.000002,0,1.0,1.0,1.0,1.0,1,1.0,1,1,1.0,0,0,0,3,3,4,1,1,0.172133,train,1
LED-000266,STL-000587-0,3725.17,0.023635,1.023635,3,0.352941,0.480392,0.352941,0.32,0,0.099381,0,0,0.230769,0,0,0,3,3,4,1,1,0.186339,train,0
LED-000267,STL-000267-0,0.0,0.0,1.0,2,1.0,1.0,1.0,1.0,1,1.0,1,1,1.0,0,0,0,1,1,0,0,0,0.14304,val,1
LED-000268,STL-000268-0,0.28,1e-06,1.000001,0,1.0,1.0,1.0,1.0,1,1.0,0,1,0.461538,0,0,0,2,1,1,1,0,0.20016,train,1
LED-000268,STL-000129-0,5863.86,0.024499,0.975501,7,0.444444,0.603938,0.444444,0.444444,0,0.0,0,0,0.0,0,1,0,2,2,2,1,1,0.470871,train,0
LED-000269,STL-000269-0,0.0,0.0,1.0,0,0.5,0.866667,0.5,1.0,0,0.522233,1,1,1.0,0,0,0,1,1,0,0,0,0.267261,val,1
LED-000270,STL-000270-0,0.0,0.0,1.0,0,1.0,1.0,1.0,1.0,1,1.0,0,0,0.0,0,1,0,4,1,3,1,0,0.141421,val,1
LED-000271,STL-000271-0,536.9,0.014045,0.985955,0,1.0,1.0,1.0,1.0,1,1.0,1,1,1.0,0,0,0,1,1,0,0,0,0.195965,test,1
LED-000272,STL-000272-0,1348.84,0.011649,0.988351,1,1.0,1.0,1.0,1.0,1,1.0,0,0,0.0,0,1,0,1,2,1,0,1,0.29794,val,1
LED-000273,STL-000273-0,0.0,0.0,1.0,0,1.0,1.0,1.0,1.0,1,1.0,1,1,1.0,0,0,0,2,3,3,1,1,0.583383,train,1
LED-000274,STL-000274-0,2150.44,0.009649,0.990351,1,1.0,1.0,1.0,1.0,1,1.0,1,1,1.0,0,0,0,1,5,4,0,1,0.199778,train,1
LED-000275,STL-000275-0,2503.88,0.022429,0.977571,0,1.0,1.0,1.0,1.0,1,1.0,1,1,1.0,0,0,0,2,1,1,1,0,0.525105,train,1
LED-000275,STL-BATCH-000291-000337,1563.59,0.014006,1.014006,7,0.222222,0.378431,0.296296,0.296296,0,0.0,0,0,0.0,0,1,0,2,1,1,1,0,0.342415,train,0
LED-000276,STL-000276-0,0.0,0.0,1.0,1,0.962963,0.985714,0.888889,0.888889,0,0.7698,1,1,1.0,0,0,0,3,2,3,1,1,0.143777,val,1
LED-000276,STL-000143-0,3024.83,0.02335,1.02335,7,0.307692,0.617949,0.358974,0.358974,0,0.062994,0,0,0.230769,0,0,0,3,3,4,1,1,0.093386,val,0
LED-000278,STL-000278-0,0.0,0.0,1.0,0,1.0,1.0,1.0,1.0,1,1.0,1,1,1.0,0,0,0,1,2,1,0,1,0.879883,train,1
LED-000279,STL-000279-0,0.0,0.0,1.0,0,0.4,0.85,0.4,1.0,0,0.453743,1,1,1.0,0,0,0,2,4,4,1,1,0.171499,train,1
LED-000279,STL-000015-0,3337.52,0.019765,0.980235,2,0.344828,0.598906,0.344828,0.344828,0,-0.115045,0,0,0.230769,0,0,0,2,4,4,1,1,0.235339,train,0
LED-000280,STL-000280-0,0.0,0.0,1.0,0,1.0,1.0,1.0,1.0,1,1.0,1,1,1.0,0,0,0,3,3,4,1,1,0.367423,train,1
LED-000280,STL-000170-0,1453.09,0.011244,0.988756,4,0.181818,0.417379,0.272727,0.272727,0,0.100504,0,0,0.384615,0,0,0,3,4,5,1,1,0.178885,train,0
LED-000281,STL-000281-0,1250.08,0.008319,0.991681,0,1.0,1.0,1.0,1.0,1,1.0,1,1,1.0,0,0,0,2,2,2,1,1,0.13202,train,1
LED-000282,STL-000282-0,0.0,0.0,1.0,0,0.285714,0.572222,0.357143,0.545455,0,0.096225,0,1,0.461538,0,0,0,4,4,6,1,1,0.227921,val,1
LED-000283,STL-000283-0,0.0,0.0,1.0,0,1.0,1.0,1.0,1.0,1,1.0,1,1,1.0,0,0,0,2,1,1,1,0,0.392837,train,1
LED-000283,STL-000357-0,3970.43,0.029434,1.029434,5,0.235294,0.519841,0.176471,0.176471,0,-0.182574,0,0,0.230769,0,0,0,2,2,2,1,1,0.196419,train,0
LED-000284,STL-000284-0,0.0,0.0,1.0,0,0.258065,0.82963,0.258065,1.0,0,0.294884,1,1,1.0,0,0,0,2,1,1,1,0,0.308021,train,1
LED-000284,STL-000545-0,241.05,0.009813,1.009813,0,0.391304,0.648343,0.347826,0.347826,0,0.050572,0,0,0.230769,0,0,0,2,1,1,1,0,0.211667,train,0
LED-000285,STL-000285-0,0.16,2e-06,0.999998,0,1.0,1.0,1.0,1.0,1,1.0,1,1,1.0,0,0,0,1,1,0,0,0,0.192879,test,1
LED-000286,STL-000286-0,0.0,0.0,1.0,0,1.0,1.0,1.0,1.0,1,1.0,1,1,1.0,0,0,0,2,5,5,1,1,0.212814,test,1
LED-000287,STL-000287-0,0.0,0.0,1.0,0,1.0,1.0,1.0,1.0,1,1.0,0,1,0.461538,0,0,0,1,3,2,0,1,0.425628,val,1
LED-000288,STL-000288-0,1338.83,0.020321,0.979679,0,1.0,1.0,1.0,1.0,1,1.0,0,1,0.461538,0,0,0,3,2,3,1,1,0.900563,val,1
LED-000289,STL-000289-0,731.31,0.014468,0.985532,0,1.0,1.0,1.0,1.0,1,1.0,0,1,0.461538,0,0,0,1,1,0,0,0,0.174574,train,1
LED-000290,STL-000039-0,740.17,0.003797,1.003797,0,0.363636,0.594883,0.363636,0.363636,0,0.0,0,0,0.230769,0,0,0,2,2,2,1,1,0.467707,train,0
LED-000292,STL-000292-0,0.0,0.0,1.0,0,0.258065,0.82963,0.258065,1.0,0,0.282843,1,1,1.0,0,0,0,2,1,1,1,0,0.879883,train,1
LED-000292,STL-000041-0,1568.57,0.025038,0.974962,5,0.190476,0.436275,0.190476,0.190476,0,0.0,0,0,0.230769,0,0,0,2,2,2,1,1,0.769897,train,0
LED-000294,STL-000112-0,2195.68,0.027945,1.027945,2,0.238095,0.425926,0.238095,0.238095,0,0.0,0,0,0.230769,0,0,0,1,2,1,0,1,0.191079,train,0
LED-000296,STL-000296-0,0.0,0.0,1.0,0,0.83871,0.753561,0.83871,1.0,0,0.874475,0,0,0.0,0,1,0,2,2,2,1,1,0.181444,train,1
LED-000296,STL-000040-0,1705.21,0.037199,0.962801,3,0.242424,0.491758,0.30303,0.30303,0,0.087706,0,0,0.230769,0,0,0,2,2,2,1,1,0.0,train,0
LED-000297,STL-000297-0,0.27,2e-06,1.000002,0,1.0,1.0,1.0,1.0,1,1.0,1,1,1.0,0,0,0,4,3,5,1,1,0.277219,val,1
LED-000298,STL-000298-0,5.7,4.6e-05,0.999954,0,0.631579,0.574786,0.631579,1.0,0,0.603023,1,1,1.0,0,0,0,2,3,3,1,1,0.588348,train,1
LED-000298,STL-000577-0,5118.75,0.041026,0.958974,2,0.235294,0.442308,0.235294,0.235294,0,0.0,0,0,0.0,0,1,0,2,3,3,1,1,0.360288,train,0
LED-000299,STL-000299-0,13.07,0.000266,0.999734,0,1.0,1.0,1.0,1.0,1,1.0,1,1,1.0,0,0,0,1,1,0,0,0,0.381,val,1
LED-000300,STL-000300-0,0.0,0.0,1.0,0,0.692308,0.905882,0.692308,1.0,0,0.68313,0,0,0.0,0,1,0,2,3,3,1,1,0.255377,train,1
LED-000300,STL-000562-0,1247.49,0.007224,1.007224,6,0.0,0.0,0.0,0.0,0,0.0,0,0,0.230769,0,0,0,2,2,2,1,1,0.049147,train,0
LED-000301,STL-000301-0,738.22,0.014806,0.985194,0,1.0,1.0,1.0,1.0,1,1.0,0,0,0.0,0,1,0,2,2,2,1,1,0.19803,train,1
LED-000302,STL-000302-0,4149.08,0.019113,0.980887,0,1.0,1.0,1.0,1.0,1,1.0,0,0,0.0,0,1,0,2,2,2,1,1,0.879883,train,1
LED-000302,STL-000184-0,5088.64,0.023441,0.976559,5,0.275862,0.527485,0.275862,0.275862,0,0.0,0,0,0.307692,0,0,0,2,2,2,1,1,0.296334,train,0
LED-000303,STL-000303-0,0.0,0.0,1.0,0,1.0,1.0,1.0,1.0,1,1.0,1,1,1.0,0,0,0,1,2,1,0,1,0.395132,test,1
LED-000307,STL-000307-0,0.0,0.0,1.0,0,1.0,1.0,1.0,1.0,1,1.0,1,1,1.0,0,0,0,4,1,3,1,0,0.897085,train,1
LED-000307,STL-000516-0,1668.5,0.021649,0.978351,3,0.272727,0.592157,0.272727,0.272727,0,0.0,0,0,0.230769,0,0,0,4,1,3,1,0,0.239046,train,0
LED-000307,STL-000516-1,385.39,0.005,0.995,4,0.272727,0.592157,0.272727,0.272727,0,0.0,0,0,0.0,0,1,0,4,2,4,1,1,0.239046,train,0
LED-000308,STL-000528-0,8715.37,0.043681,0.956319,0,0.25,0.455238,0.25,0.25,0,0.0,0,0,0.0,0,1,0,3,3,4,1,1,0.764866,train,0
LED-000308,STL-000308-0,0.0,0.0,1.0,0,1.0,1.0,1.0,1.0,1,1.0,0,1,0.461538,0,0,0,3,2,3,1,1,0.240192,train,1
LED-000308,STL-000425-0,8313.7,0.041668,0.958332,1,0.2,0.479853,0.1,0.1,0,0.0,0,0,0.230769,0,0,0,3,4,5,1,1,0.770329,train,0
LED-000309,STL-000309-0,0.41,3e-06,0.999997,2,0.434783,0.855556,0.434783,1.0,0,0.46291,1,1,1.0,0,0,0,1,2,1,0,1,0.268462,val,1
LED-000310,STL-000310-0,19.4,0.000158,0.999842,1,1.0,1.0,1.0,1.0,1,1.0,1,1,1.0,0,0,0,2,2,2,1,1,0.177667,train,1
LED-000310,STL-000544-0,3097.85,0.02517,1.02517,1,0.216216,0.511376,0.27027,0.27027,0,0.0,0,0,0.0,0,1,0,2,2,2,1,1,0.205153,train,0
LED-000312,STL-000312-0,0.0,0.0,1.0,0,1.0,1.0,1.0,1.0,1,1.0,0,0,0.0,0,1,0,1,1,0,0,0,0.174574,train,1
LED-000313,STL-000313-0,0.0,0.0,1.0,0,0.5,0.625584,0.416667,0.461538,0,-0.172133,1,1,1.0,0,0,0,2,4,4,1,1,0.172133,train,1
LED-000314,STL-000314-0,0.0,0.0,1.0,0,1.0,1.0,1.0,1.0,1,1.0,1,1,1.0,0,0,0,2,1,1,1,0,0.1557,train,1
LED-000314,STL-000085-0,2137.74,0.026317,1.026317,2,0.333333,0.561905,0.333333,0.333333,0,0.0,0,0,0.230769,0,0,0,2,2,2,1,1,0.223607,train,0
LED-000315,STL-000315-0,0.0,0.0,1.0,1,1.0,1.0,1.0,1.0,1,1.0,1,1,1.0,0,0,0,1,2,1,0,1,0.195965,val,1
LED-000316,STL-000316-0,11.41,6.2e-05,0.999938,0,1.0,1.0,1.0,1.0,1,1.0,1,1,1.0,0,0,0,1,3,2,0,1,0.205152,train,1
LED-000318,STL-000318-0,4255.15,0.019863,0.980137,0,1.0,1.0,1.0,1.0,1,1.0,1,1,1.0,0,0,0,2,1,1,1,0,0.174574,val,1
LED-000319,STL-000319-0,1142.31,0.008728,0.991272,0,0.692308,0.905882,0.692308,0.692308,0,0.68313,1,1,1.0,0,0,0,3,5,6,1,1,0.163299,val,1
LED-000321,STL-000321-0,2980.21,0.014471,0.985529,0,1.0,1.0,1.0,1.0,1,1.0,0,1,0.461538,0,0,0,2,2,2,1,1,0.914991,val,1
LED-000322,STL-000322-0,0.4,3e-06,1.000003,0,0.631579,0.574786,0.631579,1.0,0,0.603023,1,1,1.0,0,0,0,3,3,4,1,1,0.326599,train,1
LED-000322,STL-000121-0,6516.94,0.046659,0.953341,2,0.363636,0.505128,0.363636,0.363636,0,-0.142134,0,0,0.230769,0,0,0,3,3,4,1,1,0.068599,train,0
LED-000323,STL-000323-0,0.0,0.0,1.0,0,1.0,1.0,1.0,1.0,1,1.0,1,1,1.0,0,0,0,2,3,3,1,1,0.149696,train,1
LED-000323,STL-BATCH-000523-000530,12084.92,0.048415,0.951585,7,0.354839,0.591042,0.354839,0.354839,0,-0.033634,0,0,0.0,0,1,0,2,4,4,1,1,-0.033278,train,0
LED-000324,STL-000324-0,0.0,0.0,1.0,0,0.961538,0.992308,0.961538,0.961538,0,0.840673,0,0,0.0,0,1,0,2,1,1,1,0,0.28691,train,1
LED-000324,STL-000504-0,8279.01,0.035755,0.964245,1,0.242424,0.491758,0.242424,0.242424,0,0.087706,0,0,0.307692,0,0,0,2,2,2,1,1,0.036811,train,0
LED-000325,STL-000325-0,0.0,0.0,1.0,0,1.0,1.0,1.0,1.0,1,1.0,1,1,1.0,0,0,0,1,1,0,0,0,0.866025,train,1
LED-000326,STL-000326-0,0.06,3e-06,0.999997,1,0.3,0.752941,0.3,0.222222,0,0.0,1,1,1.0,0,0,0,2,1,1,1,0,0.566947,val,1
LED-000327,STL-000327-0,0.0,0.0,1.0,0,0.258065,0.82963,0.258065,1.0,0,0.294884,1,1,1.0,0,0,0,3,1,2,1,0,0.205153,val,1
LED-000327,STL-000026-0,4328.57,0.045335,0.954665,3,0.2,0.41358,0.2,0.2,0,0.208514,0,0,0.307692,0,0,0,3,3,4,1,1,0.142134,val,0
LED-000327,STL-000046-0,4008.94,0.041988,1.041988,6,0.176471,0.0,0.176471,0.176471,0,-0.09325,0,0,0.0,0,1,0,3,3,4,1,1,0.07785,val,0
LED-000328,STL-000328-0,0.4,2.9e-05,0.999971,0,1.0,1.0,1.0,1.0,1,1.0,0,1,0.461538,0,0,0,1,1,0,0,0,0.251976,train,1
LED-000329,STL-000329-0,0.23,3e-06,1.000003,0,1.0,1.0,1.0,1.0,1,1.0,1,1,1.0,0,0,0,1,1,0,0,0,0.219971,train,1
LED-000330,STL-000330-0,933.2,0.009434,0.990566,0,1.0,1.0,1.0,1.0,1,1.0,0,1,0.461538,0,0,0,3,1,2,1,0,0.425628,train,1
LED-000330,STL-000236-0,2943.32,0.029754,0.970246,5,0.133333,0.431481,0.222222,0.222222,0,0.0,0,0,0.230769,0,0,0,3,4,5,1,1,0.29794,train,0
LED-000330,STL-000075-0,3601.44,0.036407,0.963593,6,0.190476,0.416667,0.142857,0.142857,0,0.0,0,0,0.230769,0,0,0,3,5,6,1,1,0.0,train,0
LED-000331,STL-000331-0,1608.43,0.020034,0.979966,2,1.0,1.0,1.0,1.0,1,1.0,1,1,1.0,0,0,0,2,5,5,1,1,0.55301,test,1
LED-000332,STL-000332-0,0.0,0.0,1.0,0,0.727273,0.9,0.727273,0.727273,0,0.316228,1,1,1.0,0,0,0,1,2,1,0,1,0.219971,test,1
LED-000335,STL-000335-0,0.0,0.0,1.0,0,1.0,1.0,1.0,1.0,1,1.0,1,1,1.0,0,0,0,3,4,5,1,1,0.143777,train,1
LED-000335,STL-000204-0,659.13,0.0027,0.9973,1,0.153846,0.0,0.153846,0.153846,0,0.0,0,0,0.230769,0,0,0,3,4,5,1,1,0.836905,train,0
LED-000335,STL-000139-0,9794.51,0.040116,0.959884,3,0.275862,0.56746,0.275862,0.275862,0,0.0,0,0,0.230769,0,0,0,3,6,7,1,1,0.465891,train,0
LED-000336,STL-000316-0,2810.2,0.015098,0.984902,1,0.333333,0.513529,0.333333,0.333333,0,-0.05164,0,0,0.230769,0,0,0,3,3,4,1,1,0.779383,train,0
LED-000336,STL-BATCH-000406-000441,7594.49,0.040801,1.040801,2,0.615385,0.684444,0.615385,0.648649,0,0.500435,0,0,0.0,0,1,0,3,3,4,1,1,0.132733,train,0
LED-000338,STL-000338-0,2365.31,0.021048,0.978952,0,1.0,1.0,1.0,1.0,1,1.0,1,1,1.0,0,0,0,1,4,3,0,1,0.136083,test,1
LED-000339,STL-000339-0,0.0,0.0,1.0,0,1.0,1.0,1.0,1.0,1,1.0,1,1,1.0,0,0,0,3,3,4,1,1,0.179721,train,1
LED-000340,STL-000340-0,341.23,0.008952,0.991048,1,0.64,0.894118,0.64,0.64,0,0.316228,0,1,0.461538,0,0,0,1,1,0,0,0,0.262613,test,1
LED-000341,STL-000341-0,0.0,0.0,1.0,0,0.888889,0.96,0.888889,0.888889,0,0.782624,1,1,1.0,0,0,0,2,2,2,1,1,0.244949,train,1
LED-000342,STL-000168-0,1362.15,0.007189,0.992811,0,0.315789,0.520128,0.315789,0.315789,0,0.0,0,0,0.0,0,1,0,2,3,3,1,1,0.11134,train,0
LED-000342,STL-000342-0,0.48,3e-06,0.999997,0,1.0,1.0,1.0,1.0,1,1.0,1,1,1.0,0,0,0,2,3,3,1,1,0.205153,train,1
LED-000344,STL-000344-0,0.0,0.0,1.0,0,0.214286,0.736,0.214286,0.214286,0,0.0,0,1,0.461538,0,0,0,2,1,1,1,0,0.283654,test,1
LED-000344,STL-000107-0,2545.67,0.01825,1.01825,5,0.2,0.492063,0.2,0.2,0,0.0,0,0,0.230769,0,0,0,2,2,2,1,1,0.262613,test,0
LED-000346,STL-000346-0,3005.76,0.013622,0.986378,0,1.0,1.0,1.0,1.0,1,1.0,0,0,0.0,0,1,0,4,4,6,1,1,0.110432,train,1
LED-000346,STL-000581-0,9040.11,0.040969,1.040969,1,0.307692,0.523077,0.461538,0.461538,0,-0.201008,0,0,0.230769,0,0,0,4,4,6,1,1,0.423338,train,0
LED-000346,STL-000188-0,10506.48,0.047615,1.047615,7,0.117647,0.442308,0.117647,0.117647,0,0.235702,0,0,0.230769,0,0,0,4,4,6,1,1,0.511199,train,0
LED-000347,STL-000347-0,889.81,0.005813,0.994187,0,1.0,1.0,1.0,1.0,1,1.0,1,1,1.0,0,0,0,2,3,3,1,1,0.110581,train,1
LED-000347,STL-000414-0,1638.44,0.010703,1.010703,1,0.142857,0.430556,0.285714,0.285714,0,0.0,0,0,0.230769,0,0,0,2,2,2,1,1,0.222277,train,0
LED-000348,STL-000348-0,0.0,0.0,1.0,0,1.0,1.0,1.0,1.0,1,1.0,0,1,0.461538,0,0,0,2,2,2,1,1,0.353553,train,1
LED-000349,STL-000349-0,7.16,6.3e-05,0.999937,0,0.4,0.85,0.4,1.0,0,0.453743,0,0,0.0,0,1,0,2,1,1,1,0,0.181444,train,1
LED-000349,STL-000495-0,5625.27,0.049555,1.049555,4,0.26087,0.549074,0.304348,0.304348,0,-0.108465,0,0,0.384615,0,0,0,2,2,2,1,1,0.287213,train,0
LED-000351,STL-000351-0,0.0,0.0,1.0,1,1.0,1.0,1.0,1.0,1,1.0,1,1,1.0,0,0,0,2,2,2,1,1,0.158362,train,1
LED-000352,STL-000352-0,2698.96,0.020566,0.979434,0,0.636364,0.893333,0.636364,1.0,0,0.57735,1,1,1.0,0,0,0,1,4,3,0,1,0.14304,train,1
LED-000353,STL-000353-0,0.0,0.0,1.0,0,1.0,1.0,1.0,1.0,1,1.0,1,1,1.0,0,0,0,1,1,0,0,0,0.258199,train,1
LED-000354,STL-000248-0,5742.72,0.049378,0.950622,0,0.4,0.613339,0.363636,0.363636,0,0.166378,0,0,0.230769,0,0,0,1,5,4,0,1,0.169334,train,0
LED-000355,STL-000355-0,0.47,6e-06,1.000006,0,0.5,0.625584,0.416667,0.461538,0,-0.172133,1,1,1.0,0,0,0,1,2,1,0,1,0.285774,test,1
LED-000356,STL-000356-0,0.0,0.0,1.0,0,0.83871,0.753561,0.83871,1.0,0,0.874475,1,1,1.0,0,0,0,3,3,4,1,1,0.910642,val,1
LED-000356,STL-000090-0,2005.66,0.010061,0.989939,0,0.360656,0.696667,0.360656,0.360656,0,0.0,0,0,0.230769,0,0,0,3,3,4,1,1,0.830291,val,0
LED-000357,STL-000357-0,0.0,0.0,1.0,1,1.0,1.0,1.0,1.0,1,1.0,0,1,0.461538,0,0,0,3,2,3,1,1,0.871813,train,1
LED-000357,STL-000173-0,3294.32,0.023724,0.976276,6,0.2,0.492063,0.2,0.2,0,0.0,0,0,0.230769,0,0,0,3,3,4,1,1,0.175075,train,0
LED-000357,STL-000433-0,1047.5,0.007544,0.992456,7,0.222222,0.5,0.222222,0.285714,0,0.0,0,0,0.230769,0,0,0,3,3,4,1,1,0.095539,train,0
LED-000358,STL-000358-0,0.0,0.0,1.0,0,1.0,1.0,1.0,1.0,1,1.0,1,1,1.0,0,0,0,2,1,1,1,0,0.326599,train,1
LED-000358,STL-000354-0,1319.58,0.028096,0.971904,1,0.363636,0.580891,0.409091,0.409091,0,0.048507,0,0,0.230769,0,0,0,2,1,1,1,0,0.174574,train,0
LED-000359,STL-000359-0,339.43,0.01204,0.98796,0,0.444444,0.706349,0.444444,0.444444,0,0.458831,0,0,0.0,0,1,0,2,1,1,1,0,0.166482,test,1
LED-000359,STL-000332-0,35.1,0.001245,1.001245,4,0.2,0.472222,0.2,0.2,0,0.0,0,0,0.230769,0,0,0,2,2,2,1,1,0.063758,test,0
LED-000360,STL-000360-0,3851.58,0.018737,0.981263,0,1.0,1.0,1.0,1.0,1,1.0,1,1,1.0,0,0,0,4,2,4,1,1,0.215614,train,1
LED-000360,STL-000473-0,4829.14,0.023492,1.023492,1,0.384615,0.483224,0.384615,0.352941,0,0.0,0,0,0.230769,0,0,0,4,4,6,1,1,0.116543,train,0
LED-000360,STL-000093-0,295.07,0.001435,1.001435,2,0.171429,0.449288,0.228571,0.228571,0,0.074125,0,0,0.230769,0,0,0,4,5,7,1,1,0.123208,train,0
LED-000361,STL-000361-0,0.0,0.0,1.0,2,0.913043,0.939429,0.913043,0.913043,0,0.793884,1,1,1.0,0,0,0,1,1,0,0,0,0.261861,train,1
LED-000362,STL-000362-0,536.64,0.018667,0.981333,0,1.0,1.0,1.0,1.0,1,1.0,1,1,1.0,0,0,0,1,1,0,0,0,0.3114,train,1
LED-000363,STL-000363-0,0.0,0.0,1.0,0,0.214286,0.736,0.214286,0.214286,0,0.0,0,0,0.0,0,1,0,2,1,1,1,0,0.1788,train,1
LED-000363,STL-000252-0,1139.82,0.034911,1.034911,7,0.363636,0.575476,0.30303,0.30303,0,0.089087,0,0,0.230769,0,0,0,2,2,2,1,1,0.182006,train,0
LED-000364,STL-000364-0,0.0,0.0,1.0,0,1.0,1.0,1.0,1.0,1,1.0,1,1,1.0,0,0,0,2,3,3,1,1,0.848528,val,1
LED-000365,STL-000365-0,0.11,1e-06,0.999999,0,1.0,1.0,1.0,1.0,1,1.0,1,1,1.0,0,0,0,2,4,4,1,1,0.156772,train,1
LED-000365,STL-000397-0,5028.67,0.042719,0.957281,4,0.166667,0.467787,0.166667,0.166667,0,0.0,0,0,0.230769,0,0,0,2,3,3,1,1,0.127,train,0
LED-000366,STL-000028-0,4999.98,0.041757,1.041757,0,0.296296,0.518926,0.296296,0.296296,0,0.0,0,0,0.0,0,1,0,2,3,3,1,1,0.0343,train,0
LED-000366,STL-000366-0,0.0,0.0,1.0,2,1.0,1.0,1.0,1.0,1,1.0,0,0,0.0,0,1,0,2,2,2,1,1,0.367423,train,1
LED-000367,STL-000367-0,0.0,0.0,1.0,0,1.0,1.0,1.0,1.0,1,1.0,1,1,1.0,0,0,0,1,1,0,0,0,0.842927,train,1
LED-000368,STL-000368-0,0.37,2e-06,1.000002,1,1.0,1.0,1.0,1.0,1,1.0,1,1,1.0,0,0,0,4,2,4,1,1,0.181444,val,1
LED-000368,STL-000230-0,7819.83,0.042297,0.957703,1,0.0,0.0,0.0,0.0,0,0.0,0,0,0.307692,0,0,0,4,3,5,1,1,0.274986,val,0
LED-000369,STL-000369-0,1075.79,0.013127,0.986873,0,1.0,1.0,1.0,1.0,1,1.0,1,1,1.0,0,0,0,2,1,1,1,0,0.361449,train,1
LED-000371,STL-000371-0,5252.56,0.024784,0.975216,1,0.837209,0.777037,0.837209,1.0,0,0.848528,1,1,1.0,0,0,0,4,3,5,1,1,0.816497,val,1
LED-000371,STL-000005-0,7178.31,0.033871,1.033871,6,0.666667,0.70216,0.666667,0.8,0,0.589768,0,0,0.230769,0,0,0,4,3,5,1,1,0.0,val,0
LED-000372,STL-000372-0,0.0,0.0,1.0,1,1.0,1.0,1.0,1.0,1,1.0,1,1,1.0,0,0,0,2,1,1,1,0,0.848528,test,1
LED-000373,STL-000373-0,0.08,4e-06,1.000004,1,1.0,1.0,1.0,1.0,1,1.0,0,1,0.461538,0,0,0,1,2,1,0,1,0.219971,train,1
LED-000374,STL-000374-0,0.0,0.0,1.0,0,1.0,1.0,1.0,1.0,1,1.0,1,1,1.0,0,0,0,2,1,1,1,0,0.118771,val,1
LED-000375,STL-000375-0,0.0,0.0,1.0,0,0.913043,0.939429,0.913043,0.913043,0,0.793884,1,1,1.0,0,0,0,1,1,0,0,0,0.226805,val,1
LED-000376,STL-000376-0,0.0,0.0,1.0,0,0.4,0.85,0.4,1.0,0,0.453743,1,1,1.0,0,0,0,1,1,0,0,0,0.191273,train,1
LED-000378,STL-000378-0,0.0,0.0,1.0,0,1.0,1.0,1.0,1.0,1,1.0,1,1,1.0,0,0,0,1,1,0,0,0,0.906238,val,1
LED-000379,STL-000379-0,0.0,0.0,1.0,0,0.809524,0.936,0.809524,1.0,0,0.826236,1,1,1.0,0,0,0,1,2,1,0,1,0.211667,train,1
LED-000380,STL-000380-0,3770.71,0.019575,0.980425,0,0.636364,0.893333,0.636364,1.0,0,0.620174,1,1,1.0,0,0,0,3,4,5,1,1,0.253546,train,1
LED-000380,STL-000574-0,9514.21,0.049392,1.049392,2,0.636364,0.893333,0.636364,1.0,0,0.620174,0,0,0.230769,0,0,0,3,7,8,1,1,0.486153,train,0
LED-000381,STL-000381-0,0.35,6e-06,1.000006,1,1.0,1.0,1.0,1.0,1,1.0,1,1,1.0,0,0,0,1,1,0,0,0,0.174574,train,1
LED-000382,STL-000382-0,0.0,0.0,1.0,0,1.0,1.0,1.0,1.0,1,1.0,1,1,1.0,0,0,0,3,2,3,1,1,0.183309,test,1
LED-000383,STL-000383-0,0.0,0.0,1.0,0,1.0,1.0,1.0,1.0,1,1.0,0,1,0.461538,0,0,0,2,7,7,1,1,0.174608,train,1
LED-000383,STL-000352-0,1526.19,0.011734,0.988266,5,0.214286,0.509402,0.214286,0.214286,0,0.0,0,0,0.230769,0,0,0,2,4,4,1,1,0.830291,train,0
LED-000385,STL-000385-0,0.0,0.0,1.0,2,1.0,1.0,1.0,1.0,1,1.0,0,0,0.0,0,1,0,2,3,3,1,1,0.824786,test,1
LED-000386,STL-000386-0,277.3,0.006827,0.993173,0,0.941176,0.988235,0.941176,0.941176,0,0.733333,0,1,0.461538,0,0,0,1,1,0,0,0,0.285774,train,1
LED-000387,STL-000387-0,0.0,0.0,1.0,1,0.4,0.85,0.4,1.0,0,0.453743,1,1,1.0,0,0,0,1,1,0,0,0,0.347183,train,1
LED-000388,STL-000388-0,0.0,0.0,1.0,0,1.0,1.0,1.0,1.0,1,1.0,1,1,1.0,0,0,0,3,2,3,1,1,0.352738,train,1
LED-000388,STL-BATCH-000086-000570,3632.02,0.015572,1.015572,0,0.382979,0.58796,0.382979,0.382979,0,0.044281,0,0,0.0,0,1,0,3,2,3,1,1,0.02739,train,0
LED-000388,STL-000062-0,7916.18,0.033941,0.966059,3,0.296296,0.496053,0.222222,0.222222,0,0.0,0,0,0.230769,0,0,0,3,2,3,1,1,0.769897,train,0
LED-000389,STL-000069-0,3351.41,0.034839,0.965161,4,0.5,0.640265,0.388889,0.388889,0,0.0,0,0,0.230769,0,0,0,2,5,5,1,1,0.037743,train,0
LED-000390,STL-000390-0,0.0,0.0,1.0,0,1.0,1.0,1.0,1.0,1,1.0,1,1,1.0,0,0,0,1,1,0,0,0,0.091766,train,1
LED-000391,STL-000391-0,0.0,0.0,1.0,0,1.0,1.0,1.0,1.0,1,1.0,1,1,1.0,0,0,0,1,3,2,0,1,0.218844,train,1
LED-000392,STL-000392-0,0.0,0.0,1.0,0,1.0,1.0,1.0,1.0,1,1.0,1,1,1.0,0,0,0,2,5,5,1,1,0.274352,test,1
LED-000392,STL-000105-0,3455.02,0.040874,1.040874,1,0.380952,0.604777,0.333333,0.333333,0,0.056344,0,0,0.0,0,1,0,2,5,5,1,1,0.296334,test,0
LED-000393,STL-000393-0,0.0,0.0,1.0,0,1.0,1.0,1.0,1.0,1,1.0,1,1,1.0,0,0,0,2,1,1,1,0,0.254,train,1
LED-000394,STL-000394-0,1616.97,0.008092,0.991908,0,1.0,1.0,1.0,1.0,1,1.0,0,1,0.461538,0,0,0,7,5,10,1,1,0.142857,train,1
LED-000394,STL-000034-0,173.13,0.000866,1.000866,1,0.592593,0.677839,0.555556,0.631579,0,0.50128,0,0,0.230769,0,0,0,7,5,10,1,1,0.222718,train,0
LED-000394,STL-000574-0,2316.67,0.011594,1.011594,6,0.285714,0.497619,0.228571,0.228571,0,0.08165,0,0,0.230769,0,0,0,7,7,12,1,1,0.037424,train,0
LED-000394,STL-000224-0,5639.36,0.028222,1.028222,7,0.341463,0.523097,0.341463,0.341463,0,0.060858,0,0,0.307692,0,0,0,7,5,10,1,1,0.095238,train,0
LED-000395,STL-000395-0,0.0,0.0,1.0,0,1.0,1.0,1.0,1.0,1,1.0,1,1,1.0,0,0,0,1,1,0,0,0,0.910642,val,1
LED-000396,STL-000396-0,21.03,0.005186,0.994814,0,0.764706,0.92381,0.764706,1.0,0,0.760886,1,1,1.0,0,0,0,1,1,0,0,0,0.848528,train,1
LED-000397,STL-000397-0,0.0,0.0,1.0,0,0.933333,0.970833,0.533333,0.533333,0,0.547723,0,1,0.461538,0,0,0,1,3,2,0,1,0.188562,train,1
LED-000398,STL-000262-0,6637.95,0.027182,0.972818,0,0.3,0.54304,0.3,0.3,0,0.0,0,0,0.230769,0,0,0,5,3,6,1,1,0.080582,train,0
LED-000398,STL-000398-0,0.48,2e-06,0.999998,1,0.933333,0.970833,0.533333,0.533333,0,0.547723,1,1,1.0,0,0,0,5,4,7,1,1,0.253546,train,1
LED-000398,STL-000599-0,11915.52,0.048794,0.951206,6,0.0,0.0,0.0,0.0,0,0.0,0,0,0.0,0,1,0,5,4,7,1,1,0.486153,train,0
LED-000399,STL-000300-0,5097.07,0.030415,1.030415,4,0.4,0.592425,0.266667,0.266667,0,0.07785,0,0,0.0,0,1,0,1,3,2,0,1,0.1066,train,0
LED-000400,STL-000400-0,3096.44,0.024041,0.975959,2,1.0,1.0,1.0,1.0,1,1.0,0,1,0.461538,0,0,0,3,6,7,1,1,0.861858,test,1
LED-000400,STL-000405-0,4901.72,0.038057,0.961943,3,0.45283,0.631683,0.415094,0.415094,0,0.0,0,0,0.230769,0,0,0,3,5,6,1,1,0.235702,test,0
LED-000403,STL-000403-0,894.5,0.006186,0.993814,0,1.0,1.0,1.0,1.0,1,1.0,1,1,1.0,0,0,0,3,2,3,1,1,0.246416,train,1
LED-000403,STL-000322-0,4921.13,0.034034,0.965966,1,0.631579,0.574786,0.631579,1.0,0,0.603023,0,0,0.230769,0,0,0,3,3,4,1,1,0.769897,train,0
LED-000405,STL-000405-0,0.0,0.0,1.0,0,1.0,1.0,1.0,1.0,1,1.0,0,1,0.461538,0,0,0,2,5,5,1,1,0.408248,test,1
LED-000407,STL-000407-0,0.0,0.0,1.0,1,1.0,1.0,1.0,1.0,1,1.0,0,0,0.0,0,1,0,1,1,0,0,0,0.218844,test,1
LED-000408,STL-000408-0,0.0,0.0,1.0,0,0.913043,0.939429,0.913043,0.913043,0,0.793884,0,0,0.0,0,1,0,2,2,2,1,1,0.223607,val,1
LED-000410,STL-000410-0,0.0,0.0,1.0,0,1.0,1.0,1.0,1.0,1,1.0,1,1,1.0,0,0,0,2,2,2,1,1,0.338667,train,1
LED-000410,STL-000209-0,4736.44,0.026684,1.026684,6,0.367347,0.626327,0.326531,0.326531,0,0.0,0,0,0.230769,0,0,0,2,2,2,1,1,0.09525,train,0
LED-000411,STL-000151-0,1172.64,0.016242,1.016242,1,0.363636,0.577778,0.363636,0.363636,0,0.0,0,0,0.0,0,1,0,2,2,2,1,1,0.260897,train,0
LED-000411,STL-000411-0,0.41,6e-06,0.999994,2,0.631579,0.574786,0.631579,1.0,0,0.603023,1,1,1.0,0,0,0,2,2,2,1,1,0.352454,train,1
LED-000412,STL-000412-0,0.49,4e-06,1.000004,0,1.0,1.0,1.0,1.0,1,1.0,1,1,1.0,0,0,0,2,2,2,1,1,0.174574,train,1
LED-000413,STL-000413-0,5045.72,0.02397,0.97603,1,1.0,1.0,1.0,1.0,1,1.0,1,1,1.0,0,0,0,1,1,0,0,0,0.879883,train,1
LED-000414,STL-000414-0,0.0,0.0,1.0,0,0.631579,0.574786,0.631579,1.0,0,0.603023,1,1,1.0,0,0,0,2,2,2,1,1,0.222681,train,1
LED-000415,STL-000415-0,0.07,2e-06,1.000002,0,1.0,1.0,1.0,1.0,1,1.0,0,0,0.0,0,1,0,4,1,3,1,0,0.205798,test,1
LED-000415,STL-000144-0,276.68,0.005983,1.005983,7,0.190476,0.47619,0.190476,0.190476,0,0.0,0,0,0.0,0,1,0,4,3,5,1,1,0.285774,test,0
LED-000416,STL-000113-0,3446.86,0.014859,1.014859,0,0.190476,0.436275,0.190476,0.190476,0,0.0,0,0,0.230769,0,0,0,3,3,4,1,1,0.046225,train,0
LED-000416,STL-000313-0,2099.73,0.009052,1.009052,1,0.166667,0.423903,0.166667,0.181818,0,0.0,0,0,0.230769,0,0,0,3,4,5,1,1,0.131559,train,0
LED-000417,STL-000417-0,0.0,0.0,1.0,1,1.0,1.0,1.0,1.0,1,1.0,0,0,0.0,0,1,0,1,2,1,0,1,0.270031,val,1
LED-000419,STL-000419-0,1254.28,0.012608,0.987392,0,0.636364,0.893333,0.636364,1.0,0,0.68313,1,1,1.0,0,0,0,3,1,2,1,0,0.251976,train,1
LED-000419,STL-000047-0,4292.54,0.04315,0.95685,4,0.190476,0.47619,0.190476,0.190476,0,0.0,0,0,0.230769,0,0,0,3,3,4,1,1,0.032075,train,0
LED-000420,STL-000420-0,0.0,0.0,1.0,0,1.0,1.0,1.0,1.0,1,1.0,0,0,0.0,0,1,0,3,2,3,1,1,0.143777,train,1
LED-000420,STL-000213-0,6021.6,0.033051,0.966949,5,0.186047,0.477513,0.232558,0.232558,0,0.076697,0,0,0.230769,0,0,0,3,2,3,1,1,0.186772,train,0
LED-000421,STL-000421-0,0.0,0.0,1.0,0,1.0,1.0,1.0,1.0,1,1.0,1,1,1.0,0,0,0,2,5,5,1,1,0.215166,train,1
LED-000422,STL-000422-0,0.0,0.0,1.0,0,0.68,0.90303,0.68,1.0,0,0.741941,1,1,1.0,0,0,0,2,1,1,1,0,0.848528,train,1
LED-000422,STL-000458-0,8.01,0.000142,0.999858,5,0.272727,0.519535,0.272727,0.272727,0,-0.107676,0,0,0.230769,0,0,0,2,3,3,1,1,0.04714,train,0
LED-000423,STL-000540-0,3697.96,0.029982,0.970018,0,0.333333,0.518908,0.333333,0.333333,0,-0.11547,0,0,0.0,0,1,0,3,5,6,1,1,0.157135,train,0
LED-000424,STL-000424-0,0.0,0.0,1.0,0,1.0,1.0,1.0,1.0,1,1.0,1,1,1.0,0,0,0,4,2,4,1,1,0.162088,train,1
LED-000424,STL-000416-1,1249.26,0.008587,1.008587,2,0.380952,0.435897,0.380952,0.380952,0,0.123091,0,0,0.0,0,1,0,4,2,4,1,1,0.040522,train,0
LED-000424,STL-000347-0,6710.13,0.046125,1.046125,3,0.285714,0.535256,0.285714,0.285714,0,0.0,0,0,0.307692,0,0,0,4,3,5,1,1,0.131306,train,0
LED-000424,STL-000158-0,2422.07,0.016649,0.983351,6,0.222222,0.351282,0.222222,0.222222,0,0.0,0,0,0.0,0,1,0,4,4,6,1,1,0.063693,train,0
LED-000425,STL-000425-0,0.16,1e-06,1.000001,0,1.0,1.0,1.0,1.0,1,1.0,1,1,1.0,0,0,0,1,4,3,0,1,0.303895,train,1
LED-000426,STL-000426-0,18.81,0.000267,0.999733,1,1.0,1.0,1.0,1.0,1,1.0,1,1,1.0,0,0,0,3,4,5,1,1,0.298142,train,1
LED-000426,STL-000510-0,1104.06,0.015669,1.015669,1,0.294118,0.604701,0.352941,0.352941,0,0.0,0,0,0.230769,0,0,0,3,3,4,1,1,0.756978,train,0
LED-000427,STL-000427-0,0.0,0.0,1.0,1,0.941176,0.977778,0.470588,0.470588,0,0.617213,1,1,1.0,0,0,0,3,2,3,1,1,0.879883,train,1
LED-000427,STL-000060-0,4138.29,0.03963,1.03963,6,0.125,0.417989,0.25,0.25,0,0.0,0,0,0.230769,0,0,0,3,2,3,1,1,0.200805,train,0
LED-000428,STL-000428-0,2.12,1.1e-05,0.999989,0,0.181818,0.608187,0.272727,0.272727,0,0.0,1,1,1.0,0,0,0,3,3,4,1,1,0.15401,test,1
LED-000429,STL-000429-0,0.0,0.0,1.0,0,0.857143,0.966667,0.857143,0.857143,0,0.2,0,0,0.0,0,1,0,1,1,0,0,0,0.328244,val,1
LED-000430,STL-000430-0,0.0,0.0,1.0,0,0.764706,0.92381,0.764706,1.0,0,0.727607,0,0,0.0,0,1,0,2,1,1,1,0,0.186772,train,1
LED-000430,STL-000594-0,1344.81,0.029034,0.970966,1,0.380952,0.602564,0.380952,0.380952,0,0.0,0,0,0.230769,0,0,0,2,2,2,1,1,0.097538,train,0
LED-000431,STL-000431-0,1322.18,0.006928,0.993072,0,1.0,1.0,1.0,1.0,1,1.0,0,1,0.461538,0,0,0,1,4,3,0,1,0.208979,train,1
LED-000432,STL-000432-0,0.0,0.0,1.0,0,1.0,1.0,1.0,1.0,1,1.0,0,1,0.461538,0,0,0,4,2,4,1,1,0.089087,test,1
LED-000432,STL-000338-0,9.1,8.3e-05,1.000083,6,0.210526,0.495726,0.210526,0.210526,0,0.150756,0,0,0.230769,0,0,0,4,4,6,1,1,0.133631,test,0
LED-000433,STL-000173-0,3782.75,0.027146,0.972854,0,0.322581,0.542017,0.322581,0.272727,0,0.0,0,0,0.230769,0,0,0,3,3,4,1,1,0.073621,train,0
LED-000433,STL-000433-0,1535.93,0.011022,0.988978,1,0.3,0.752941,0.3,0.222222,0,0.0,1,1,1.0,0,0,0,3,3,4,1,1,0.910642,train,1
LED-000433,STL-000122-0,5122.85,0.036763,1.036763,3,0.272727,0.486202,0.272727,0.171429,0,0.080257,0,0,0.0,0,1,0,3,4,5,1,1,0.036811,train,0
LED-000434,STL-000434-0,0.0,0.0,1.0,1,1.0,1.0,1.0,1.0,1,1.0,1,1,1.0,0,0,0,2,2,2,1,1,0.255031,test,1
LED-000435,STL-000435-0,0.25,1e-06,1.000001,1,1.0,1.0,1.0,1.0,1,1.0,1,1,1.0,0,0,0,1,1,0,0,0,0.579359,val,1
LED-000436,STL-000436-0,0.0,0.0,1.0,0,0.387097,0.848,0.387097,1.0,0,0.4,1,1,1.0,0,0,0,3,2,3,1,1,0.40161,train,1
LED-000436,STL-000461-0,3383.08,0.037961,1.037961,5,0.2,0.493333,0.2,0.2,0,0.0,0,0,0.307692,0,0,0,3,3,4,1,1,0.235159,train,0
LED-000437,STL-000437-0,0.08,1e-06,1.000001,0,1.0,1.0,1.0,1.0,1,1.0,1,1,1.0,0,0,0,3,1,2,1,0,0.550973,train,1
LED-000437,STL-000071-1,1065.33,0.008549,0.991451,6,0.171429,0.497619,0.171429,0.171429,0,0.0,0,0,0.230769,0,0,0,3,1,2,1,0,0.080582,train,0
LED-000437,STL-000192-0,975.77,0.007831,1.007831,7,0.125,0.417989,0.25,0.25,0,0.0,0,0,0.230769,0,0,0,3,2,3,1,1,0.089087,train,0
LED-000438,STL-000438-0,9.09,7.4e-05,0.999926,1,0.4,0.85,0.4,1.0,0,0.453743,1,1,1.0,0,0,0,2,1,1,1,0,0.871978,train,1
LED-000438,STL-000464-0,2238.72,0.018255,1.018255,5,0.26087,0.549074,0.347826,0.347826,0,-0.054233,0,0,0.0,0,1,0,2,2,2,1,1,0.74407,train,0
LED-000439,STL-000439-0,525.33,0.011848,0.988152,0,1.0,1.0,1.0,1.0,1,1.0,1,1,1.0,0,0,0,1,2,1,0,1,0.196419,test,1
LED-000440,STL-000440-0,0.0,0.0,1.0,0,1.0,1.0,1.0,1.0,1,1.0,1,1,1.0,0,0,0,3,1,2,1,0,0.879883,train,1
LED-000440,STL-000028-0,5684.82,0.047749,1.047749,3,0.285714,0.549003,0.285714,0.285714,0,0.0,0,0,0.0,0,1,0,3,3,4,1,1,0.184812,train,0
LED-000440,STL-000366-0,684.84,0.005752,1.005752,5,0.4,0.635022,0.44,0.6,0,0.412514,0,0,0.0,0,1,0,3,2,3,1,1,0.073324,train,0
LED-000442,STL-000442-0,0.0,0.0,1.0,0,1.0,1.0,1.0,1.0,1,1.0,0,0,0.0,0,1,0,4,2,4,1,1,0.280224,val,1
LED-000444,STL-000444-0,0.0,0.0,1.0,0,0.631579,0.892308,0.368421,0.368421,0,0.558156,1,1,1.0,0,0,0,1,1,0,0,0,0.035944,train,1
LED-000446,STL-000446-0,0.0,0.0,1.0,2,0.875,0.975,0.875,0.875,0,0.5,1,1,1.0,0,0,0,4,3,5,1,1,0.599002,test,1
LED-000446,STL-000479-0,6331.87,0.029355,0.970645,2,0.133333,0.422619,0.133333,0.133333,0,0.0,0,0,0.230769,0,0,0,4,3,5,1,1,0.035944,test,0
LED-000447,STL-000447-0,0.03,1e-06,0.999999,0,0.666667,0.9,0.666667,1.0,0,0.654654,0,0,0.0,0,1,0,2,1,1,1,0,0.274986,train,1
LED-000447,STL-000044-0,2274.92,0.045243,0.954757,6,0.142857,0.430556,0.285714,0.285714,0,0.0,0,0,0.230769,0,0,0,2,2,2,1,1,0.725775,train,0
LED-000448,STL-000448-0,1088.33,0.006336,0.993664,1,0.809524,0.936,0.809524,1.0,0,0.774597,1,1,1.0,0,0,0,1,3,2,0,1,0.188562,train,1
LED-000450,STL-000450-0,0.0,0.0,1.0,0,0.727273,0.9,0.727273,0.727273,0,0.316228,0,1,0.461538,0,0,0,3,4,5,1,1,0.308607,val,1
LED-000450,STL-000154-0,3260.25,0.032828,0.967172,0,0.153846,0.436508,0.153846,0.153846,0,0.0,0,0,0.0,0,1,0,3,5,6,1,1,0.120873,val,0
LED-000451,STL-000451-0,1968.8,0.023887,0.976113,0,0.428571,0.854545,0.428571,1.0,0,0.447214,1,1,1.0,0,0,0,3,1,2,1,0,0.338667,train,1
LED-000452,STL-000452-0,0.0,0.0,1.0,1,0.411765,0.569048,0.411765,0.666667,0,0.31497,1,1,1.0,0,0,0,2,2,2,1,1,0.195965,val,1
LED-000455,STL-000455-0,0.0,0.0,1.0,0,1.0,1.0,1.0,1.0,1,1.0,0,0,0.0,0,1,0,1,1,0,0,0,0.143777,train,1
LED-000456,STL-000456-0,0.0,0.0,1.0,1,1.0,1.0,1.0,1.0,1,1.0,1,1,1.0,0,0,0,1,3,2,0,1,0.369274,val,1
LED-000458,STL-000458-0,0.26,5e-06,1.000005,0,1.0,1.0,1.0,1.0,1,1.0,1,1,1.0,0,0,0,1,3,2,0,1,0.848528,train,1
LED-000459,STL-000459-0,0.0,0.0,1.0,1,1.0,1.0,1.0,1.0,1,1.0,1,1,1.0,0,0,0,1,1,0,0,0,0.147242,train,1
LED-000460,STL-000460-0,0.23,2e-06,1.000002,1,0.83871,0.753561,0.83871,1.0,0,0.874475,1,1,1.0,0,0,0,2,2,2,1,1,0.274986,val,1
LED-000461,STL-000461-0,0.0,0.0,1.0,0,1.0,1.0,1.0,1.0,1,1.0,0,1,0.461538,0,0,0,3,3,4,1,1,0.195965,train,1
LED-000461,STL-000069-0,342.9,0.003707,1.003707,5,0.272727,0.592157,0.272727,0.272727,0,0.0,0,0,0.230769,0,0,0,3,5,6,1,1,0.169334,train,0
LED-000462,STL-000462-0,93.24,0.00708,0.99292,1,1.0,1.0,1.0,1.0,1,1.0,0,1,0.461538,0,0,0,1,1,0,0,0,0.517294,train,1
LED-000463,STL-000463-0,10.18,4.2e-05,0.999958,0,1.0,1.0,1.0,1.0,1,1.0,1,1,1.0,0,0,0,2,2,2,1,1,0.147242,train,1
LED-000463,STL-000466-0,5187.21,0.021433,1.021433,1,0.166667,0.280952,0.333333,0.333333,0,0.0,0,0,0.230769,0,0,0,2,2,2,1,1,0.223152,train,0
LED-000464,STL-000464-0,0.0,0.0,1.0,0,0.9,0.98,0.9,0.9,0,0.8,0,0,0.0,0,1,0,1,2,1,0,1,0.147242,train,1
LED-000465,STL-000465-0,0.0,0.0,1.0,1,1.0,1.0,1.0,1.0,1,1.0,0,0,0.0,0,1,0,1,2,1,0,1,0.159232,train,1
LED-000466,STL-000463-0,5197.26,0.021024,0.978976,0,0.166667,0.280952,0.333333,0.333333,0,0.0,0,0,0.230769,0,0,0,2,2,2,1,1,0.254,train,0
LED-000466,STL-000466-0,0.13,1e-06,1.000001,1,1.0,1.0,1.0,1.0,1,1.0,1,1,1.0,0,0,0,2,2,2,1,1,0.879883,train,1
LED-000467,STL-000467-0,0.0,0.0,1.0,0,0.962963,0.992593,0.962963,0.962963,0,0.826087,1,1,1.0,0,0,0,1,1,0,0,0,0.253546,train,1
LED-000468,STL-000054-0,9410.22,0.044967,0.955033,1,0.133333,0.0,0.133333,0.133333,0,0.0,0,0,0.0,0,1,0,4,3,5,1,1,0.131306,train,0
LED-000468,STL-000468-0,0.0,0.0,1.0,2,1.0,1.0,1.0,1.0,1,1.0,1,1,1.0,0,0,0,4,3,5,1,1,0.15162,train,1
LED-000468,STL-000482-0,10262.99,0.049042,0.950958,2,0.102564,0.359259,0.153846,0.153846,0,0.0,0,0,0.230769,0,0,0,4,4,6,1,1,0.127386,train,0
LED-000469,STL-000469-0,0.0,0.0,1.0,1,1.0,1.0,1.0,1.0,1,1.0,1,1,1.0,0,0,0,1,1,0,0,0,0.13901,train,1
LED-000470,STL-000470-0,0.36,9e-06,1.000009,0,0.375,0.769231,0.375,0.375,0,0.0,1,1,1.0,0,0,0,2,3,3,1,1,0.848528,test,1
LED-000471,STL-000471-0,0.0,0.0,1.0,0,0.526316,0.871429,0.526316,1.0,0,0.46291,1,1,1.0,0,0,0,1,1,0,0,0,0.133631,train,1
LED-000472,STL-000472-0,0.0,0.0,1.0,1,0.809524,0.936,0.809524,0.809524,0,0.732467,0,0,0.0,0,1,0,2,2,2,1,1,0.305505,train,1
LED-000473,STL-000473-0,17.81,8.5e-05,0.999915,0,1.0,1.0,1.0,1.0,1,1.0,0,1,0.461538,0,0,0,3,4,5,1,1,0.233087,train,1
LED-000473,STL-000093-0,4551.88,0.021634,0.978366,1,0.325581,0.514077,0.372093,0.352941,0,0.0,0,0,0.230769,0,0,0,3,5,6,1,1,0.15401,train,0
LED-000474,STL-000474-0,0.0,0.0,1.0,0,1.0,1.0,1.0,1.0,1,1.0,1,1,1.0,0,0,0,3,2,3,1,1,0.116248,test,1
LED-000475,STL-000475-0,0.0,0.0,1.0,2,1.0,1.0,1.0,1.0,1,1.0,1,1,1.0,0,0,0,1,2,1,0,1,0.296334,train,1
LED-000476,STL-000476-0,8.77,4.8e-05,0.999952,0,1.0,1.0,1.0,1.0,1,1.0,0,1,0.461538,0,0,0,1,1,0,0,0,0.195965,train,1
LED-000477,STL-000477-0,0.0,0.0,1.0,0,1.0,1.0,1.0,1.0,1,1.0,1,1,1.0,0,0,0,3,1,2,1,0,0.174574,train,1
LED-000477,STL-000498-0,7506.78,0.034952,1.034952,2,0.266667,0.492911,0.266667,0.285714,0,0.1283,0,0,0.0,0,1,0,3,3,4,1,1,0.204124,train,0
LED-000477,STL-000588-0,731.28,0.003405,0.996595,2,0.266667,0.492911,0.266667,0.285714,0,0.1283,0,0,0.230769,0,0,0,3,3,4,1,1,0.707107,train,0
LED-000478,STL-000478-0,0.0,0.0,1.0,0,1.0,1.0,1.0,1.0,1,1.0,0,0,0.0,0,1,0,2,3,3,1,1,0.50098,test,1
LED-000479,STL-000446-0,3521.28,0.016596,1.016596,1,0.133333,0.422619,0.133333,0.133333,0,0.0,0,0,0.230769,0,0,0,3,3,4,1,1,0.125988,test,0
LED-000479,STL-000479-0,2810.59,0.013246,0.986754,1,1.0,1.0,1.0,1.0,1,1.0,1,1,1.0,0,0,0,3,3,4,1,1,0.226805,test,1
LED-000480,STL-000480-0,2601.51,0.024638,0.975362,1,1.0,1.0,1.0,1.0,1,1.0,1,1,1.0,0,0,0,1,2,1,0,1,0.235702,test,1
LED-000481,STL-000481-0,0.0,0.0,1.0,1,0.526316,0.871429,0.526316,1.0,0,0.46291,0,0,0.0,0,1,0,2,2,2,1,1,0.855921,test,1
LED-000482,STL-000482-0,18.0,9e-05,0.99991,0,0.636364,0.893333,0.636364,1.0,0,0.68313,1,1,1.0,0,0,0,2,4,4,1,1,0.910642,train,1
LED-000483,STL-000483-0,191.45,0.016081,0.983919,3,1.0,1.0,1.0,1.0,1,1.0,1,1,1.0,0,0,0,1,1,0,0,0,0.159232,val,1
LED-000485,STL-000485-0,0.0,0.0,1.0,4,1.0,1.0,1.0,1.0,1,1.0,1,1,1.0,0,0,0,4,4,6,1,1,0.860663,test,1
LED-000486,STL-000486-0,0.0,0.0,1.0,1,1.0,1.0,1.0,1.0,1,1.0,1,1,1.0,0,0,0,1,2,1,0,1,0.177667,train,1
LED-000490,STL-000490-0,4237.36,0.020492,0.979508,0,1.0,1.0,1.0,1.0,1,1.0,1,1,1.0,0,0,0,2,6,6,1,1,0.204598,val,1
LED-000491,STL-000491-0,0.47,2e-06,0.999998,2,1.0,1.0,1.0,1.0,1,1.0,0,1,0.461538,0,0,0,3,3,4,1,1,0.326599,test,1
LED-000492,STL-000492-0,0.0,0.0,1.0,0,0.826087,0.940741,0.826087,0.826087,0,0.824621,1,1,1.0,0,0,0,1,1,0,0,0,0.174574,train,1
LED-000493,STL-000493-0,0.0,0.0,1.0,0,0.941176,0.977778,0.470588,0.470588,0,0.617213,1,1,1.0,0,0,0,1,1,0,0,0,0.1557,train,1
LED-000494,STL-000494-0,0.0,0.0,1.0,0,1.0,1.0,1.0,1.0,1,1.0,1,1,1.0,0,0,0,2,1,1,1,0,0.20016,train,1
LED-000494,STL-000027-0,1874.97,0.01115,0.98885,2,0.235294,0.402116,0.235294,0.235294,0,-0.09325,0,0,0.230769,0,0,0,2,2,2,1,1,0.727533,train,0
LED-000495,STL-000495-0,0.0,0.0,1.0,3,1.0,1.0,1.0,1.0,1,1.0,1,1,1.0,0,0,0,1,2,1,0,1,0.099889,train,1
LED-000496,STL-000496-0,2574.07,0.012497,0.987503,0,1.0,1.0,1.0,1.0,1,1.0,1,1,1.0,0,0,0,4,1,3,1,0,0.381,val,1
LED-000497,STL-000497-0,0.41,3e-06,1.000003,0,0.888889,0.97037,0.888889,0.888889,0,0.428571,1,1,1.0,0,0,0,2,1,1,1,0,0.267261,val,1
LED-000498,STL-000498-0,0.0,0.0,1.0,0,1.0,1.0,1.0,1.0,1,1.0,0,0,0.0,0,1,0,2,3,3,1,1,0.360288,train,1
LED-000498,STL-000588-0,8238.06,0.037061,0.962939,0,1.0,1.0,1.0,1.0,1,1.0,0,0,0.230769,0,0,0,2,3,3,1,1,0.046225,train,0
LED-000499,STL-000499-0,0.0,0.0,1.0,0,1.0,1.0,1.0,1.0,1,1.0,1,1,1.0,0,0,0,1,2,1,0,1,0.195965,train,1
LED-000500,STL-000323-0,10082.47,0.042093,1.042093,0,0.470588,0.640694,0.470588,0.470588,0,-0.042796,0,0,0.230769,0,0,0,4,3,5,1,1,0.06601,train,0
LED-000500,STL-BATCH-000523-000530,2002.45,0.00836,0.99164,7,0.360656,0.696667,0.360656,0.360656,0,0.0,0,0,0.0,0,1,0,4,4,6,1,1,-0.029348,train,0
LED-000503,STL-000503-0,650.73,0.015433,0.984567,1,1.0,1.0,1.0,1.0,1,1.0,1,1,1.0,0,0,0,1,2,1,0,1,0.196116,train,1
LED-000504,STL-000504-0,0.0,0.0,1.0,0,1.0,1.0,1.0,1.0,1,1.0,1,1,1.0,0,0,0,2,2,2,1,1,0.848528,train,1
LED-000504,STL-000024-0,7160.22,0.03207,0.96793,5,0.333333,0.518908,0.333333,0.333333,0,-0.11547,0,0,0.307692,0,0,0,2,3,3,1,1,0.130931,train,0
LED-000505,STL-000505-0,1132.45,0.011118,0.988882,4,0.666667,0.9,0.666667,1.0,0,0.707107,0,1,0.461538,0,0,0,2,2,2,1,1,0.328244,val,1
LED-000506,STL-000360-0,9882.79,0.046707,0.953293,4,0.125,0.417989,0.25,0.25,0,0.0,0,0,0.230769,0,0,0,5,2,5,1,1,0.851314,train,0
LED-000506,STL-000473-0,1202.07,0.005681,0.994319,5,0.166667,0.467787,0.166667,0.266667,0,-0.172133,0,0,0.230769,0,0,0,5,4,7,1,1,0.857215,train,0
LED-000506,STL-000093-0,5736.14,0.027109,0.972891,6,0.242424,0.514652,0.181818,0.181818,0,0.0,0,0,0.230769,0,0,0,5,5,8,1,1,0.851314,train,0
LED-000507,STL-000507-0,0.0,0.0,1.0,0,1.0,1.0,1.0,1.0,1,1.0,0,0,0.0,0,1,0,3,2,3,1,1,0.550973,train,1
LED-000507,STL-000348-0,117.16,0.001618,0.998382,4,0.355556,0.468799,0.355556,0.355556,0,-0.094281,0,0,0.230769,0,0,0,3,2,3,1,1,0.0,train,0
LED-000508,STL-000508-0,0.0,0.0,1.0,0,1.0,1.0,1.0,1.0,1,1.0,1,1,1.0,0,0,0,2,1,1,1,0,0.262152,train,1
LED-000508,STL-000193-0,181.18,0.001286,1.001286,1,0.325581,0.514077,0.372093,0.352941,0,0.0,0,0,0.230769,0,0,0,2,2,2,1,1,0.146647,train,0
LED-000509,STL-000509-0,0.24,4e-06,1.000004,0,1.0,1.0,1.0,1.0,1,1.0,1,1,1.0,0,0,0,1,1,0,0,0,0.223152,test,1
LED-000510,STL-000273-0,790.27,0.003531,0.996469,4,0.242424,0.514652,0.181818,0.181818,0,0.0,0,0,0.230769,0,0,0,2,3,3,1,1,0.208979,train,0
LED-000511,STL-000511-0,2255.44,0.023305,0.976695,0,1.0,1.0,1.0,1.0,1,1.0,1,1,1.0,0,0,0,2,5,5,1,1,0.306382,val,1
LED-000512,STL-000512-0,0.0,0.0,1.0,0,1.0,1.0,1.0,1.0,1,1.0,1,1,1.0,0,0,0,1,1,0,0,0,0.184812,train,1
LED-000513,STL-000513-0,1118.99,0.023042,0.976958,0,1.0,1.0,1.0,1.0,1,1.0,0,0,0.0,0,1,0,4,2,4,1,1,0.226805,train,1
LED-000513,STL-000301-0,557.96,0.011489,1.011489,3,0.592593,0.677839,0.555556,0.631579,0,0.50128,0,0,0.0,0,1,0,4,2,4,1,1,0.06601,train,0
LED-000514,STL-000514-0,0.0,0.0,1.0,1,0.8125,0.936842,0.8125,0.8125,0,0.731272,1,1,1.0,0,0,0,1,1,0,0,0,0.194625,train,1
LED-000516,STL-000323-0,5081.44,0.020781,1.020781,5,0.129032,0.460684,0.129032,0.129032,0,0.0,0,0,0.384615,0,0,0,1,3,2,0,1,0.254772,train,0
LED-000517,STL-000517-0,14.31,0.000528,0.999472,0,0.555556,0.876923,0.444444,0.444444,0,0.348155,1,1,1.0,0,0,0,1,1,0,0,0,0.879883,train,1
LED-000518,STL-000518-0,0.0,0.0,1.0,1,0.913043,0.939429,0.913043,0.913043,0,0.793884,0,1,0.461538,0,0,0,2,4,4,1,1,0.364698,val,1
LED-000520,STL-000520-0,0.0,0.0,1.0,1,1.0,1.0,1.0,1.0,1,1.0,1,1,1.0,0,0,0,2,2,2,1,1,0.20261,test,1
LED-000521,STL-000399-0,161.21,0.002647,1.002647,0,1.0,1.0,1.0,1.0,1,1.0,0,0,0.384615,0,0,0,4,1,3,1,0,0.195965,train,0
LED-000521,STL-000127-0,967.03,0.015879,0.984121,1,0.291667,0.447985,0.291667,0.291667,0,-0.167968,0,0,0.230769,0,0,0,4,3,5,1,1,0.774917,train,0
LED-000521,STL-000214-0,1400.21,0.022991,0.977009,2,0.4,0.570324,0.4,0.380952,0,0.0,0,0,0.230769,0,0,0,4,3,5,1,1,0.211667,train,0
LED-000521,STL-000521-0,0.0,0.0,1.0,2,1.0,1.0,1.0,1.0,1,1.0,1,1,1.0,0,0,0,4,3,5,1,1,0.338667,train,1
LED-000522,STL-000585-0,2216.36,0.017116,1.017116,0,0.391304,0.648343,0.347826,0.347826,0,0.050572,0,0,0.230769,0,0,0,5,3,6,1,1,0.215614,train,0
LED-000522,STL-000522-0,0.0,0.0,1.0,2,1.0,1.0,1.0,1.0,1,1.0,1,1,1.0,0,0,0,5,5,8,1,1,0.313545,train,1
LED-000522,STL-000083-0,4351.95,0.033608,0.966392,3,0.166667,0.335088,0.166667,0.166667,0,0.0,0,0,0.230769,0,0,0,5,5,8,1,1,0.254,train,0
LED-000522,STL-000383-0,567.59,0.004383,1.004383,5,0.375,0.610886,0.25,0.25,0,0.080845,0,0,0.307692,0,0,0,5,7,10,1,1,0.240966,train,0
LED-000524,STL-000524-0,0.0,0.0,1.0,0,0.434783,0.855556,0.434783,1.0,0,0.46291,1,1,1.0,0,0,0,3,4,5,1,1,0.174574,train,1
LED-000524,STL-000279-0,4495.09,0.025931,0.974069,3,0.142857,0.437037,0.142857,0.142857,0,0.0,0,0,0.230769,0,0,0,3,4,5,1,1,0.0,train,0
LED-000524,STL-000015-0,7832.61,0.045183,0.954817,5,0.148148,0.330303,0.148148,0.148148,0,0.0,0,0,0.230769,0,0,0,3,4,5,1,1,0.274563,train,0
LED-000525,STL-000525-0,0.0,0.0,1.0,0,1.0,1.0,1.0,1.0,1,1.0,0,0,0.0,0,1,0,2,1,1,1,0,0.299342,val,1
LED-000526,STL-000526-0,0.0,0.0,1.0,2,1.0,1.0,1.0,1.0,1,1.0,1,1,1.0,0,0,0,1,1,0,0,0,0.262613,val,1
LED-000527,STL-000527-0,3562.22,0.014583,0.985417,1,1.0,1.0,1.0,1.0,1,1.0,1,1,1.0,0,0,0,4,4,6,1,1,0.879883,val,1
LED-000528,STL-000528-0,0.0,0.0,1.0,2,1.0,1.0,1.0,1.0,1,1.0,0,0,0.0,0,1,0,3,3,4,1,1,0.123613,train,1
LED-000528,STL-000308-0,8715.37,0.045677,1.045677,2,0.25,0.455238,0.25,0.25,0,0.0,0,0,0.230769,0,0,0,3,2,3,1,1,0.109985,train,0
LED-000528,STL-000425-0,401.67,0.002105,1.002105,3,0.315789,0.520128,0.315789,0.315789,0,-0.065795,0,0,0.230769,0,0,0,3,4,5,1,1,0.0,train,0
LED-000531,STL-000036-0,564.09,0.008849,0.991151,1,0.285714,0.547619,0.190476,0.190476,0,0.119523,0,0,0.230769,0,0,0,4,2,4,1,1,0.142134,train,0
LED-000531,STL-000104-0,3046.04,0.047785,1.047785,1,0.294118,0.604762,0.294118,0.294118,0,0.0,0,0,0.230769,0,0,0,4,2,4,1,1,0.059708,train,0
LED-000531,STL-000116-0,2167.78,0.034008,0.965992,3,0.451613,0.555672,0.387097,0.387097,0,0.0,0,0,0.230769,0,0,0,4,3,5,1,1,0.041031,train,0
LED-000531,STL-000531-0,0.35,5e-06,1.000005,3,0.526316,0.871429,0.526316,1.0,0,0.46291,1,1,1.0,0,0,0,4,4,6,1,1,0.369274,train,1
LED-000532,STL-000532-0,0.0,0.0,1.0,2,0.387097,0.848,0.387097,1.0,0,0.4,1,1,1.0,0,0,0,1,2,1,0,1,0.163299,train,1
LED-000534,STL-000534-0,0.0,0.0,1.0,1,1.0,1.0,1.0,1.0,1,1.0,1,1,1.0,0,0,0,1,1,0,0,0,0.141421,train,1
LED-000535,STL-000535-0,0.0,0.0,1.0,0,1.0,1.0,1.0,1.0,1,1.0,1,1,1.0,0,0,0,2,3,3,1,1,0.174608,train,1
LED-000535,STL-000111-0,2149.98,0.018114,0.981886,3,0.4,0.602456,0.4,0.4,0,0.0,0,0,0.0,0,1,0,2,4,4,1,1,0.073621,train,0
LED-000536,STL-000536-0,21.88,0.002852,0.997148,0,1.0,1.0,1.0,1.0,1,1.0,1,1,1.0,0,0,0,1,1,0,0,0,0.879883,test,1
LED-000537,STL-000537-0,11.36,0.000139,0.999861,2,1.0,1.0,1.0,1.0,1,1.0,1,1,1.0,0,0,0,3,2,3,1,1,0.876501,train,1
LED-000538,STL-000538-0,0.14,9e-06,1.000009,0,0.757576,0.921951,0.757576,1.0,0,0.780869,0,1,0.461538,0,0,0,1,1,0,0,0,0.20998,train,1
LED-000539,STL-000539-0,0.01,1e-06,0.999999,0,1.0,1.0,1.0,1.0,1,1.0,0,1,0.461538,0,0,0,1,1,0,0,0,0.07152,train,1
LED-000540,STL-000540-0,0.41,3e-06,0.999997,0,1.0,1.0,1.0,1.0,1,1.0,0,0,0.0,0,1,0,3,5,6,1,1,0.888336,train,1
LED-000541,STL-000541-0,1666.23,0.024159,0.975841,0,0.941176,0.988235,0.941176,0.941176,0,0.733333,1,1,1.0,0,0,0,1,2,1,0,1,0.268687,train,1
LED-000542,STL-000542-0,0.0,0.0,1.0,0,1.0,1.0,1.0,1.0,1,1.0,1,1,1.0,0,0,0,2,1,1,1,0,0.223152,train,1
LED-000543,STL-000543-0,0.0,0.0,1.0,0,0.214286,0.736,0.214286,0.214286,0,0.0,1,1,1.0,0,0,0,1,2,1,0,1,0.172133,train,1
LED-000544,STL-000310-0,3117.25,0.024706,0.975294,0,0.216216,0.511376,0.27027,0.27027,0,0.0,0,0,0.230769,0,0,0,2,2,2,1,1,0.31427,train,0
LED-000544,STL-000544-0,0.0,0.0,1.0,0,1.0,1.0,1.0,1.0,1,1.0,0,0,0.0,0,1,0,2,2,2,1,1,0.181444,train,1
LED-000545,STL-000543-0,2725.98,0.043432,0.956568,6,0.25,0.470085,0.125,0.125,0,0.0,0,0,0.230769,0,0,0,2,2,2,1,1,0.04714,train,0
LED-000546,STL-000546-0,0.17,7e-06,1.000007,2,1.0,1.0,1.0,1.0,1,1.0,1,1,1.0,0,0,0,1,1,0,0,0,0.381,train,1
LED-000548,STL-000548-0,0.0,0.0,1.0,1,0.764706,0.92381,0.764706,1.0,0,0.64715,1,1,1.0,0,0,0,1,2,1,0,1,0.295084,train,1
LED-000549,STL-000549-0,1.56,8e-06,0.999992,0,0.941176,0.977778,0.470588,0.470588,0,0.617213,1,1,1.0,0,0,0,1,3,2,0,1,0.324967,train,1
LED-000550,STL-000550-0,0.0,0.0,1.0,1,0.923077,0.984615,0.923077,0.923077,0,0.555556,0,1,0.461538,0,0,0,2,3,3,1,1,0.3114,val,1
LED-000551,STL-000551-0,0.0,0.0,1.0,3,1.0,1.0,1.0,1.0,1,1.0,1,1,1.0,0,0,0,1,1,0,0,0,0.338667,train,1
LED-000552,STL-000552-0,0.0,0.0,1.0,0,0.962963,0.992593,0.962963,0.962963,0,0.913043,1,1,1.0,0,0,0,3,2,3,1,1,0.272475,val,1
LED-000553,STL-000553-0,0.09,1e-06,0.999999,0,1.0,1.0,1.0,1.0,1,1.0,0,0,0.0,0,1,0,2,1,1,1,0,0.075485,test,1
LED-000553,STL-000133-1,3131.96,0.033417,1.033417,0,0.631579,0.755556,0.631579,0.631579,0,0.358569,0,0,0.230769,0,0,0,2,2,2,1,1,0.823853,test,0
LED-000554,STL-000554-0,3.04,1.9e-05,0.999981,0,1.0,1.0,1.0,1.0,1,1.0,1,1,1.0,0,0,0,1,2,1,0,1,0.550973,train,1
LED-000555,STL-000555-0,0.39,3e-06,0.999997,0,1.0,1.0,1.0,1.0,1,1.0,1,1,1.0,0,0,0,2,2,2,1,1,0.313545,train,1
LED-000555,STL-000298-0,5677.77,0.043528,0.956472,7,0.258065,0.525556,0.258065,0.258065,0,0.1,0,0,0.307692,0,0,0,2,3,3,1,1,0.239474,train,0
LED-000556,STL-000055-0,2685.76,0.025184,0.974816,4,0.333333,0.30112,0.333333,0.333333,0,0.0,0,0,0.230769,0,0,0,1,3,2,0,1,0.048113,train,0
LED-000557,STL-000557-0,0.12,1e-06,1.000001,0,0.411765,0.569048,0.411765,0.666667,0,0.31497,1,1,1.0,0,0,0,1,3,2,0,1,0.287214,train,1
LED-000559,STL-000559-0,0.0,0.0,1.0,0,1.0,1.0,1.0,1.0,1,1.0,0,1,0.461538,0,0,0,2,3,3,1,1,0.162088,val,1
LED-000560,STL-000560-0,0.0,0.0,1.0,0,1.0,1.0,1.0,1.0,1,1.0,1,1,1.0,0,0,0,4,2,4,1,1,0.324176,val,1
LED-000560,STL-000070-0,1634.44,0.006831,0.993169,4,0.333333,0.535014,0.333333,0.333333,0,0.0,0,0,0.230769,0,0,0,4,4,6,1,1,0.113715,val,0
LED-000560,STL-000249-0,4368.35,0.018256,0.981744,6,0.333333,0.535014,0.333333,0.333333,0,0.0,0,0,0.230769,0,0,0,4,4,6,1,1,0.262613,val,0
LED-000562,STL-000562-0,2631.83,0.014906,0.985094,1,0.083333,0.0,0.083333,0.083333,0,0.0,1,1,1.0,0,0,0,2,2,2,1,1,0.848528,train,1
LED-000562,STL-000195-0,1394.84,0.0079,1.0079,3,0.142857,0.374074,0.357143,0.357143,0,0.0,0,0,0.230769,0,0,0,2,2,2,1,1,0.041703,train,0
LED-000563,STL-000563-0,0.0,0.0,1.0,3,1.0,1.0,1.0,1.0,1,1.0,1,1,1.0,0,0,0,1,1,0,0,0,0.268687,train,1
LED-000564,STL-000564-0,855.57,0.006516,0.993484,0,1.0,1.0,1.0,1.0,1,1.0,1,1,1.0,0,0,0,7,3,8,1,1,0.876501,train,1
LED-000564,STL-000147-0,6418.45,0.048879,0.951121,0,0.333333,0.561905,0.333333,0.333333,0,0.0,0,0,0.230769,0,0,0,7,2,7,1,1,0.186339,train,0
LED-000564,STL-000585-0,397.11,0.003024,1.003024,1,0.235294,0.402116,0.235294,0.235294,0,-0.09325,0,0,0.230769,0,0,0,7,3,8,1,1,0.438357,train,0
LED-000564,STL-000522-0,1819.25,0.013854,0.986146,3,0.230769,0.417711,0.230769,0.230769,0,0.108465,0,0,0.230769,0,0,0,7,5,10,1,1,0.717137,train,0
LED-000564,STL-000083-0,6171.2,0.046997,0.953003,4,0.333333,0.561905,0.333333,0.333333,0,0.0,0,0,0.230769,0,0,0,7,5,10,1,1,-0.043033,train,0
LED-000564,STL-000383-0,1251.66,0.009532,0.990468,6,0.1,0.313187,0.1,0.1,0,0.0,0,0,0.230769,0,0,0,7,7,12,1,1,0.122474,train,0
LED-000565,STL-000565-0,0.0,0.0,1.0,0,1.0,1.0,1.0,1.0,1,1.0,1,1,1.0,0,0,0,4,3,5,1,1,0.095238,train,1
LED-000565,STL-000394-0,4116.32,0.020345,0.979655,7,0.341463,0.5087,0.292683,0.292683,0,-0.055048,0,0,0.230769,0,0,0,4,5,7,1,1,0.0,train,0
LED-000568,STL-000568-0,0.0,0.0,1.0,0,1.0,1.0,1.0,1.0,1,1.0,0,0,0.0,0,1,0,1,1,0,0,0,0.879883,test,1
LED-000569,STL-000569-0,2.45,1.9e-05,0.999981,1,0.83871,0.753561,0.83871,1.0,0,0.874475,1,1,1.0,0,0,0,4,5,7,1,1,0.129099,val,1
LED-000571,STL-000571-0,0.0,0.0,1.0,0,0.5,0.866667,0.5,1.0,0,0.522233,0,0,0.0,0,1,0,1,1,0,0,0,0.287213,train,1
LED-000572,STL-000572-0,0.0,0.0,1.0,0,1.0,1.0,1.0,1.0,1,1.0,0,1,0.461538,0,0,0,1,1,0,0,0,0.116248,train,1
LED-000574,STL-000034-0,2143.54,0.010604,0.989396,0,0.242424,0.491758,0.242424,0.242424,0,0.087706,0,0,0.230769,0,0,0,5,5,8,1,1,0.134231,train,0
LED-000574,STL-000574-0,0.0,0.0,1.0,5,1.0,1.0,1.0,1.0,1,1.0,1,1,1.0,0,0,0,5,7,10,1,1,0.225554,train,1
LED-000574,STL-000224-0,3322.69,0.016438,1.016438,6,0.1,0.313187,0.1,0.1,0,0.0,0,0,0.230769,0,0,0,5,5,8,1,1,0.07175,train,0
LED-000575,STL-000575-0,0.0,0.0,1.0,1,0.8125,0.936842,0.8125,0.8125,0,0.731272,0,0,0.0,0,1,0,4,3,5,1,1,0.233126,train,1
LED-000575,STL-000160-0,2589.35,0.033281,0.966719,4,0.296296,0.486842,0.222222,0.222222,0,0.0,0,0,0.230769,0,0,0,4,3,5,1,1,0.170251,train,0
LED-000576,STL-000576-0,0.0,0.0,1.0,0,1.0,1.0,1.0,1.0,1,1.0,1,1,1.0,0,0,0,1,1,0,0,0,0.196419,test,1
LED-000578,STL-000578-0,0.16,1e-06,1.000001,0,1.0,1.0,1.0,1.0,1,1.0,1,1,1.0,0,0,0,1,1,0,0,0,0.261861,train,1
LED-000579,STL-000579-0,0.0,0.0,1.0,0,1.0,1.0,1.0,1.0,1,1.0,1,1,1.0,0,0,0,1,3,2,0,1,0.268687,val,1
LED-000580,STL-000580-0,0.0,0.0,1.0,2,1.0,1.0,1.0,1.0,1,1.0,1,1,1.0,0,0,0,2,2,2,1,1,0.133631,train,1
LED-000580,STL-000507-0,457.75,0.006281,0.993719,5,0.3125,0.595099,0.34375,0.34375,0,0.0,0,0,0.0,0,1,0,2,2,2,1,1,0.453743,train,0
LED-000581,STL-000581-0,1812.6,0.00783,0.99217,0,0.923077,0.982051,0.923077,0.923077,0,0.668994,1,1,1.0,0,0,0,3,4,5,1,1,0.224702,train,1
LED-000581,STL-000139-0,2854.54,0.01233,1.01233,4,0.411765,0.595849,0.411765,0.411765,0,-0.067267,0,0,0.230769,0,0,0,3,6,7,1,1,0.156772,train,0
LED-000581,STL-000188-0,346.23,0.001496,0.998504,6,0.117647,0.442308,0.117647,0.117647,0,0.0,0,0,0.230769,0,0,0,3,4,5,1,1,0.117579,train,0
LED-000582,STL-000582-0,892.02,0.011772,0.988228,0,1.0,1.0,1.0,1.0,1,1.0,1,1,1.0,0,0,0,4,2,4,1,1,0.264039,val,1
LED-000583,STL-000583-0,0.36,1.2e-05,1.000012,0,0.4,0.632775,0.333333,0.333333,0,0.0,0,0,0.0,0,1,0,1,1,0,0,0,0.219971,train,1
LED-000584,STL-000584-0,1733.17,0.023203,0.976797,1,1.0,1.0,1.0,1.0,1,1.0,1,1,1.0,0,0,0,2,1,1,1,0,0.27735,train,1
LED-000584,STL-000580-0,1819.35,0.024357,0.975643,7,0.186047,0.477513,0.232558,0.232558,0,0.076697,0,0,0.230769,0,0,0,2,2,2,1,1,0.046225,train,0
LED-000585,STL-000564-0,4358.42,0.032329,0.967671,1,0.235294,0.402116,0.235294,0.235294,0,-0.09325,0,0,0.230769,0,0,0,6,3,7,1,1,0.524143,train,0
LED-000585,STL-000585-0,3105.74,0.023037,0.976963,2,1.0,1.0,1.0,1.0,1,1.0,0,1,0.461538,0,0,0,6,3,7,1,1,0.906238,train,1
LED-000585,STL-000465-0,4170.73,0.030937,1.030937,3,0.216216,0.516049,0.216216,0.216216,0,0.065938,0,0,0.0,0,1,0,6,2,6,1,1,0.796391,train,0
LED-000585,STL-000522-0,5322.1,0.039477,0.960523,4,0.391304,0.648343,0.347826,0.347826,0,0.050572,0,0,0.230769,0,0,0,6,5,9,1,1,0.524143,train,0
LED-000585,STL-000383-0,4754.51,0.035267,0.964733,7,0.3,0.579867,0.3,0.3,0,0.13901,0,0,0.230769,0,0,0,6,7,11,1,1,0.071611,train,0
LED-000587,STL-000587-0,3505.57,0.021266,0.978734,0,1.0,1.0,1.0,1.0,1,1.0,1,1,1.0,0,0,0,1,3,2,0,1,0.308607,train,1
LED-000588,STL-000498-0,8238.06,0.038488,1.038488,0,1.0,1.0,1.0,1.0,1,1.0,0,0,0.0,0,1,0,2,3,3,1,1,0.769897,train,0
LED-000588,STL-000588-0,0.0,0.0,1.0,0,1.0,1.0,1.0,1.0,1,1.0,1,1,1.0,0,0,0,2,3,3,1,1,0.296334,train,1
LED-000589,STL-000589-0,2076.79,0.012276,0.987724,1,1.0,1.0,1.0,1.0,1,1.0,1,1,1.0,0,0,0,1,2,1,0,1,0.321029,train,1
LED-000590,STL-000590-0,1637.2,0.020674,0.979326,2,1.0,1.0,1.0,1.0,1,1.0,1,1,1.0,0,0,0,1,2,1,0,1,0.888336,test,1
LED-000591,STL-000591-0,0.0,0.0,1.0,2,1.0,1.0,1.0,1.0,1,1.0,1,1,1.0,0,0,0,1,2,1,0,1,0.191273,train,1
LED-000592,STL-000592-0,0.0,0.0,1.0,0,1.0,1.0,1.0,1.0,1,1.0,1,1,1.0,0,0,0,1,3,2,0,1,0.226805,train,1
LED-000593,STL-000593-0,0.0,0.0,1.0,0,0.888889,0.96,0.888889,0.888889,0,0.782624,0,1,0.461538,0,0,0,2,1,1,1,0,0.897085,val,1
LED-000594,STL-000594-0,925.74,0.020169,0.979831,0,0.64,0.894118,0.64,1.0,0,0.632456,1,1,1.0,0,0,0,1,2,1,0,1,0.125436,train,1
LED-000596,STL-000596-0,0.0,0.0,1.0,0,1.0,1.0,1.0,1.0,1,1.0,1,1,1.0,0,0,0,3,1,2,1,0,0.255031,train,1
LED-000596,STL-000535-0,1303.64,0.010864,0.989136,1,0.173913,0.399145,0.26087,0.26087,0,0.0,0,0,0.230769,0,0,0,3,3,4,1,1,0.069843,train,0
LED-000596,STL-000111-0,3453.62,0.028782,0.971218,4,0.222222,0.539869,0.222222,0.222222,0,0.08165,0,0,0.0,0,1,0,3,4,5,1,1,0.073621,train,0
LED-000597,STL-000597-0,0.0,0.0,1.0,0,1.0,1.0,1.0,1.0,1,1.0,1,1,1.0,0,0,0,2,1,1,1,0,0.888336,train,1
LED-000597,STL-000300-0,1615.3,0.009443,1.009443,5,0.16,0.495098,0.24,0.24,0,0.0,0,0,0.0,0,1,0,2,3,3,1,1,0.071067,train,0
LED-000598,STL-000598-0,0.14,1e-06,1.000001,0,1.0,1.0,1.0,1.0,1,1.0,0,1,0.461538,0,0,0,4,2,4,1,1,0.219971,train,1
LED-000598,STL-000263-0,2021.02,0.021635,1.021635,1,0.342857,0.523643,0.342857,0.342857,0,0.06742,0,0,0.307692,0,0,0,4,2,4,1,1,0.123208,train,0
LED-000598,STL-000138-0,3407.28,0.036475,1.036475,4,0.307692,0.523077,0.307692,0.307692,0,0.0,0,0,0.230769,0,0,0,4,3,5,1,1,0.211667,train,0
LED-000264,STL-000264-0,0.45,2e-06,1.000002,2,1.0,1.0,1.0,1.0,1,1.0,1,1,1.0,0,0,0,1,5,4,0,1,0.303239,test,1
LED-000561,STL-000561-0,0.0,0.0,1.0,1,1.0,1.0,1.0,1.0,1,1.0,1,1,1.0,0,0,0,3,3,4,1,1,0.861858,test,1
LED-000567,STL-000215-0,11225.59,0.04817,1.04817,0,0.352941,0.592157,0.352941,0.32,0,0.0,0,0,0.230769,0,0,0,3,4,5,1,1,0.486153,train,0
LED-000567,STL-000567-0,0.0,0.0,1.0,0,1.0,1.0,1.0,1.0,1,1.0,0,0,0.0,0,1,0,3,5,6,1,1,0.236228,train,1
LED-000277,STL-000236-0,1718.69,0.018234,1.018234,0,0.272727,0.417379,0.272727,0.272727,0,0.113961,0,0,0.307692,0,0,0,2,4,4,1,1,0.244949,train,0
LED-000277,STL-000075-0,1060.57,0.011252,1.011252,1,0.210526,0.495726,0.210526,0.210526,0,0.150756,0,0,0.230769,0,0,0,2,5,5,1,1,-0.0343,train,0
LED-000586,STL-000586-0,0.3,1.4e-05,0.999986,0,1.0,1.0,1.0,1.0,1,1.0,0,1,0.461538,0,0,0,1,1,0,0,0,0.39841,train,1
LED-000523,STL-000524-0,390.02,0.002245,0.997755,0,0.296296,0.527778,0.296296,0.296296,0,0.0,0,0,0.230769,0,0,0,3,4,5,1,1,0.742308,train,0
LED-000523,STL-000279-0,4885.11,0.028117,0.971883,3,0.4,0.85,0.4,1.0,0,0.453743,0,0,0.230769,0,0,0,3,4,5,1,1,0.453743,train,0
LED-000523,STL-000015-0,8222.63,0.047327,0.952673,5,0.344828,0.598906,0.344828,0.344828,0,-0.115045,0,0,0.230769,0,0,0,3,4,5,1,1,0.259437,train,0
LED-000530,STL-000426-0,3249.81,0.048365,1.048365,5,0.227273,0.527778,0.227273,0.227273,0,0.0,0,0,0.230769,0,0,0,1,4,3,0,1,0.125,train,0
LED-000577,STL-000577-0,0.0,0.0,1.0,0,0.258065,0.82963,0.258065,1.0,0,0.294884,0,0,0.0,0,1,0,2,3,3,1,1,0.223607,train,1
LED-000577,STL-000365-0,1933.16,0.016157,0.983843,2,0.272727,0.519535,0.272727,0.272727,0,-0.107676,0,0,0.230769,0,0,0,2,4,4,1,1,0.756978,train,0
LED-000317,STL-000317-0,0.2,3e-06,0.999997,0,1.0,1.0,1.0,1.0,1,1.0,0,0,0.0,0,1,0,2,1,1,1,0,0.130931,train,1
LED-000317,STL-000119-0,1098.84,0.015939,1.015939,6,0.325581,0.514077,0.325581,0.325581,0,0.0,0,0,0.230769,0,0,0,2,2,2,1,1,0.244949,train,0
LED-000019,STL-000019-0,0.43,2e-06,1.000002,0,1.0,1.0,1.0,1.0,1,1.0,1,1,1.0,0,0,0,3,3,4,1,1,0.848528,train,1
LED-000019,STL-000113-0,668.85,0.002849,1.002849,5,0.153846,0.407407,0.153846,0.153846,0,0.0,0,0,0.230769,0,0,0,3,3,4,1,1,0.707107,train,0
LED-000019,STL-000313-0,678.28,0.002889,0.997111,6,0.375,0.335979,0.375,0.428571,0,0.0,0,0,0.230769,0,0,0,3,4,5,1,1,0.044721,train,0
LED-000558,STL-000073-0,6687.7,0.048363,0.951637,2,0.117647,0.0,0.117647,0.117647,0,0.0,0,0,0.0,0,1,0,1,6,5,0,1,0.096225,train,0
LED-000595,STL-000595-0,0.0,0.0,1.0,0,1.0,1.0,1.0,1.0,1,1.0,0,1,0.461538,0,0,0,1,3,2,0,1,0.861858,train,1
LED-000240,STL-000431-0,4998.7,0.025697,0.974303,1,0.3,0.579867,0.3,0.3,0,0.13901,0,0,0.230769,0,0,0,2,4,4,1,1,0.830291,train,0
LED-000599,STL-000599-0,2.06,9e-06,0.999991,0,0.3,0.752941,0.3,0.222222,0,0.0,0,0,0.0,0,1,0,3,4,5,1,1,0.594913,train,1
LED-000599,STL-000388-0,945.61,0.004071,1.004071,6,0.388889,0.556588,0.388889,0.37037,0,0.093352,0,0,0.230769,0,0,0,3,2,3,1,1,0.756978,train,0
LED-000599,STL-BATCH-000086-000570,4577.63,0.019707,1.019707,6,0.355556,0.515126,0.355556,0.222222,0,-0.070273,0,0,0.0,0,1,0,3,2,3,1,1,0.36195,train,0
LED-000086,STL-000123-0,359.42,0.009373,0.990627,6,0.285714,0.497619,0.228571,0.228571,0,0.08165,0,0,0.230769,0,0,0,1,2,1,0,1,0.255377,train,0
LED-000257,STL-000257-0,3218.97,0.015815,0.984185,0,1.0,1.0,1.0,1.0,1,1.0,1,1,1.0,0,0,0,1,2,1,0,1,0.233126,train,1
LED-000056,STL-000541-0,399.61,0.005973,1.005973,0,0.24,0.517157,0.16,0.16,0,0.0,0,0,0.230769,0,0,0,1,2,1,0,1,0.095539,train,0
LED-000418,STL-000458-0,585.73,0.010525,1.010525,2,0.228571,0.382716,0.285714,0.285714,0,0.0,0,0,0.230769,0,0,0,1,3,2,0,1,0.218844,train,0
LED-000223,STL-000431-0,4249.28,0.022935,1.022935,0,0.235294,0.402116,0.235294,0.235294,0,-0.09325,0,0,0.230769,0,0,0,1,4,3,0,1,0.119416,train,0
LED-000449,STL-000449-0,0.07,1e-06,1.000001,3,0.181818,0.608187,0.272727,0.272727,0,0.0,0,1,0.461538,0,0,0,2,1,1,1,0,0.848528,train,1
LED-000201,STL-000280-0,5125.5,0.041299,1.041299,3,0.105263,0.41453,0.105263,0.105263,0,0.150756,0,0,0.230769,0,0,0,3,3,4,1,1,0.095637,train,0
LED-000201,STL-000170-0,3672.41,0.029591,1.029591,7,0.133333,0.425926,0.133333,0.133333,0,0.0,0,0,0.230769,0,0,0,3,4,5,1,1,0.069843,train,0
LED-000453,STL-000589-0,5613.86,0.032503,0.967497,4,0.47619,0.617516,0.380952,0.380952,0,0.0,0,0,0.230769,0,0,0,1,2,1,0,1,0.07744,train,0
LED-000533,STL-000533-0,0.31,6e-06,0.999994,0,1.0,1.0,1.0,1.0,1,1.0,0,1,0.461538,0,0,0,1,1,0,0,0,0.550973,train,1
LED-000075,STL-000075-0,0.0,0.0,1.0,0,1.0,1.0,1.0,1.0,1,1.0,0,1,0.461538,0,0,0,1,5,4,0,1,0.166378,train,1
LED-000230,STL-000368-0,7820.2,0.044167,1.044167,1,0.176471,0.0,0.176471,0.176471,0,-0.09325,0,0,0.307692,0,0,0,3,2,3,1,1,0.089087,val,0
LED-000230,STL-000230-0,0.0,0.0,1.0,1,0.258065,0.82963,0.258065,1.0,0,0.294884,1,1,1.0,0,0,0,3,3,4,1,1,0.308607,val,1
LED-000345,STL-000345-0,0.0,0.0,1.0,0,0.888889,0.96,0.888889,0.888889,0,0.782624,1,1,1.0,0,0,0,2,3,3,1,1,0.246564,val,1
LED-000304,STL-000304-0,16.25,0.000308,0.999692,0,1.0,1.0,1.0,1.0,1,1.0,1,1,1.0,0,0,0,2,1,1,1,0,0.326599,val,1
LED-000295,STL-000295-0,0.12,1e-06,0.999999,0,1.0,1.0,1.0,1.0,1,1.0,1,1,1.0,0,0,0,3,1,2,1,0,0.381,val,1
LED-000295,STL-000417-0,4333.14,0.04863,0.95137,2,0.355556,0.468799,0.355556,0.355556,0,-0.094281,0,0,0.0,0,1,0,3,2,3,1,1,0.073324,val,0
LED-000488,STL-000488-0,5873.29,0.024893,0.975107,0,1.0,1.0,1.0,1.0,1,1.0,0,0,0.0,0,1,0,3,3,4,1,1,0.213201,val,1
LED-000488,STL-000124-0,907.54,0.003846,1.003846,4,0.2,0.492063,0.2,0.2,0,0.0,0,0,0.230769,0,0,0,3,3,4,1,1,0.089562,val,0
LED-000157,STL-000157-0,954.63,0.00688,0.99312,0,0.631579,0.892308,0.368421,0.368421,0,0.558156,1,1,1.0,0,0,0,1,2,1,0,1,0.925579,val,1
LED-000293,STL-000293-0,2373.93,0.014024,0.985976,0,1.0,1.0,1.0,1.0,1,1.0,1,1,1.0,0,0,0,2,2,2,1,1,0.381,val,1
LED-000087,STL-000087-0,0.0,0.0,1.0,0,0.833333,0.95,0.833333,0.833333,0,0.25,1,1,1.0,0,0,0,1,1,0,0,0,0.914991,val,1
