ledger_public_id,settlement_public_id,group_size,relationship_type_candidate,is_potential_one_to_many,is_potential_many_to_one,abs_amount_diff,relative_amount_diff,amount_ratio,date_diff_days,vendor_levenshtein_similarity,vendor_jaro_winkler_similarity,vendor_token_sort_similarity,vendor_token_set_similarity,vendor_exact_normalized_match,vendor_embedding_cosine_similarity,reference_exact_match,reference_substring_overlap,reference_similarity,description_embedding_cosine_similarity,reference_missing_ledger,reference_missing_settlement,reference_both_missing,candidate_count_for_ledger,candidate_count_for_settlement,competing_candidate_count,split,label
LED-000000,STL-000000-0,1,one_to_one,0,0,0.0,0.0,1.0,0,1.0,1.0,1.0,1.0,1,1.0,1,1,1.0,0.189525,0,0,0,12,5,15,val,1
LED-000001,STL-000001-0,1,one_to_one,0,0,0.0,0.0,1.0,0,1.0,1.0,1.0,1.0,1,1.0,1,1,1.0,0.321288,0,0,0,20,55,73,train,1
LED-000002,STL-000002-0,1,one_to_one,0,0,0.0,0.0,1.0,0,1.0,1.0,1.0,1.0,1,1.0,0,1,0.461538,0.559085,0,0,0,40,14,52,train,1
LED-000002,STL-000122-0,1,one_to_one,0,0,6518.64,0.043172,0.956828,2,0.292683,0.510582,0.292683,0.292683,0,0.0,0,0,0.0,0.037743,0,1,0,40,57,95,train,0
LED-000002,STL-000029-0,1,one_to_one,0,0,1885.85,0.01249,1.01249,7,0.4,0.635022,0.44,0.6,0,0.412514,0,0,0.230769,0.130744,0,0,0,40,54,92,train,0
LED-000003,STL-000003-0,1,one_to_one,0,0,0.0,0.0,1.0,0,0.971429,0.977124,0.914286,1.0,0,0.909241,1,1,1.0,0.332182,0,0,0,7,14,19,val,1
LED-000004,STL-000004-0,1,one_to_one,0,0,24.59,0.0006,0.9994,0,1.0,1.0,1.0,1.0,1,1.0,1,1,1.0,0.218844,0,0,0,24,29,51,train,1
LED-000005,STL-000005-0,1,one_to_one,0,0,0.1,0.0,1.0,1,1.0,1.0,1.0,1.0,1,1.0,0,1,0.461538,0.188562,0,0,0,20,15,33,val,1
LED-000006,STL-000006-0,1,one_to_one,0,0,0.26,1e-06,0.999999,0,0.8,0.94,0.8,0.8,0,0.0,1,1,1.0,0.534523,0,0,0,40,42,80,train,1
LED-000007,STL-000007-0,1,one_to_one,0,0,0.25,1e-06,0.999999,0,0.666667,0.9,0.666667,1.0,0,0.707107,1,1,1.0,0.283654,0,0,0,8,3,9,test,1
LED-000008,STL-000008-0,1,one_to_one,0,0,6.94,3.6e-05,0.999964,1,1.0,1.0,1.0,1.0,1,1.0,1,1,1.0,0.381,0,0,0,20,20,38,train,1
LED-000008,STL-000431-0,1,one_to_one,0,0,1001.92,0.005259,0.994741,6,0.228571,0.382716,0.285714,0.285714,0,0.0,0,0,0.230769,0.184812,0,0,0,20,20,38,train,0
LED-000009,STL-000009-0,1,one_to_one,0,0,0.0,0.0,1.0,0,1.0,1.0,1.0,1.0,1,1.0,0,0,0.0,0.308021,0,1,0,20,29,47,test,1
LED-000011,STL-000011-0,1,one_to_one,0,0,0.0,0.0,1.0,0,0.64,0.894118,0.64,1.0,0,0.632456,1,1,1.0,0.280224,0,0,0,19,31,48,train,1
LED-000012,STL-000012-0,1,one_to_one,0,0,0.0,0.0,1.0,0,1.0,1.0,1.0,1.0,1,1.0,0,1,0.461538,0.313545,0,0,0,47,49,94,test,1
LED-000013,STL-000013-0,1,one_to_one,0,0,169.55,0.011086,0.988914,0,1.0,1.0,1.0,1.0,1,1.0,1,1,1.0,0.196419,0,0,0,8,10,16,val,1
LED-000014,STL-000346-0,1,one_to_one,0,0,8617.48,0.041226,1.041226,0,0.307692,0.617949,0.358974,0.358974,0,0.065372,0,0,0.0,0.044544,0,1,0,21,15,34,train,0
LED-000014,STL-000014-0,1,one_to_one,0,0,0.0,0.0,1.0,0,0.666667,0.9,0.666667,1.0,0,0.707107,1,1,1.0,0.192879,0,0,0,21,17,36,train,1
LED-000014,STL-000257-0,1,one_to_one,0,0,8716.01,0.041697,0.958303,3,0.25,0.584749,0.25,0.25,0,-0.104828,0,0,0.230769,0.169031,0,0,0,21,26,45,train,0
LED-000015,STL-000015-0,1,one_to_one,0,0,0.0,0.0,1.0,0,0.833333,0.895305,0.75,0.75,0,0.657794,1,1,1.0,0.329541,0,0,0,21,31,50,train,1
LED-000016,STL-000016-0,1,one_to_one,0,0,0.0,0.0,1.0,1,1.0,1.0,1.0,1.0,1,1.0,1,1,1.0,0.186339,0,0,0,15,19,32,val,1
LED-000017,STL-000017-0,1,one_to_one,0,0,0.0,0.0,1.0,1,0.692308,0.905882,0.692308,0.714286,0,0.68313,1,1,1.0,0.163956,0,0,0,12,24,34,train,1
LED-000018,STL-000018-0,1,one_to_one,0,0,0.0,0.0,1.0,0,1.0,1.0,1.0,1.0,1,1.0,1,1,1.0,0.102899,0,0,0,18,10,26,val,1
LED-000018,STL-000288-0,1,one_to_one,0,0,1865.61,0.028092,0.971908,5,0.266667,0.511905,0.133333,0.133333,0,0.182574,0,0,0.230769,-0.0343,0,0,0,18,39,55,val,0
LED-000021,STL-000021-0,1,one_to_one,0,0,5.85,0.000639,0.999361,1,1.0,1.0,1.0,1.0,1,1.0,1,1,1.0,0.20261,0,0,0,21,21,40,train,1
LED-000023,STL-000023-0,1,one_to_one,0,0,0.0,0.0,1.0,0,1.0,1.0,1.0,1.0,1,1.0,1,1,1.0,0.408248,0,0,0,20,43,61,train,1
LED-000024,STL-000024-0,1,one_to_one,0,0,0.0,0.0,1.0,0,1.0,1.0,1.0,1.0,1,1.0,1,1,1.0,0.579359,0,0,0,32,11,41,train,1
LED-000024,STL-000096-0,1,one_to_one,0,0,3316.31,0.015346,0.984654,5,0.24,0.495098,0.16,0.16,0,0.0,0,0,0.230769,0.191273,0,0,0,32,20,50,train,0
LED-000025,STL-000025-0,1,one_to_one,0,0,0.29,3e-06,1.000003,0,1.0,1.0,1.0,1.0,1,1.0,0,1,0.461538,0.911014,0,0,0,9,15,22,test,1
LED-000026,STL-000026-0,1,one_to_one,0,0,0.0,0.0,1.0,0,0.375,0.769231,0.375,0.375,0,0.0,1,1,1.0,0.347183,0,0,0,25,122,145,val,1
LED-000027,STL-000027-0,1,one_to_one,0,0,0.0,0.0,1.0,1,1.0,1.0,1.0,1.0,1,1.0,1,1,1.0,0.151947,0,0,0,22,26,46,train,1
LED-000028,STL-000028-0,1,one_to_one,0,0,3125.62,0.024444,0.975556,0,1.0,1.0,1.0,1.0,1,1.0,0,0,0.0,0.550973,0,1,0,24,10,32,train,1
LED-000028,STL-000555-0,1,one_to_one,0,0,2572.55,0.020119,1.020119,3,0.315789,0.589744,0.315789,0.315789,0,-0.066667,0,0,0.230769,0.742308,0,0,0,24,9,31,train,0
LED-000029,STL-000265-0,1,one_to_one,0,0,5782.92,0.037827,1.037827,0,0.186047,0.477513,0.232558,0.232558,0,0.076697,0,0,0.230769,0.178174,0,0,0,23,46,67,train,0
LED-000029,STL-000029-0,1,one_to_one,0,0,0.0,0.0,1.0,0,1.0,1.0,1.0,1.0,1,1.0,0,1,0.461538,0.192879,0,0,0,23,54,75,train,1
LED-000029,STL-000595-0,1,one_to_one,0,0,5847.17,0.038248,1.038248,1,0.186047,0.477513,0.139535,0.139535,0,0.0,0,0,0.230769,0.133631,0,0,0,23,45,66,train,0
LED-000030,STL-000389-2,1,one_to_one,0,0,1116.17,0.025313,0.974687,0,0.166667,0.335088,0.166667,0.166667,0,0.0,0,0,0.230769,0.123208,0,0,0,63,65,126,train,0
LED-000030,STL-000030-0,1,one_to_one,0,0,985.95,0.02236,0.97764,2,0.555556,0.876923,0.555556,1.0,0,0.522233,1,1,1.0,0.338667,0,0,0,63,46,107,train,1
LED-000031,STL-000031-0,1,one_to_one,0,0,0.0,0.0,1.0,0,1.0,1.0,1.0,1.0,1,1.0,1,1,1.0,0.305505,0,0,0,31,7,36,train,1
LED-000031,STL-000421-0,1,one_to_one,0,0,3054.85,0.028611,0.971389,2,0.24,0.495098,0.16,0.16,0,0.0,0,0,0.307692,0.04714,0,0,0,31,26,55,train,0
LED-000033,STL-000033-0,1,one_to_one,0,0,0.0,0.0,1.0,0,1.0,1.0,1.0,1.0,1,1.0,1,1,1.0,0.835504,0,0,0,37,17,52,train,1
LED-000033,STL-000274-0,1,one_to_one,0,0,5498.66,0.024306,0.975694,2,0.2,0.493333,0.2,0.2,0,0.0,0,0,0.230769,0.222277,0,0,0,37,39,74,train,0
LED-000034,STL-000394-0,1,one_to_one,0,0,1790.1,0.008951,0.991049,0,0.592593,0.677839,0.555556,0.631579,0,0.50128,0,0,0.230769,0.162088,0,0,0,29,15,42,train,0
LED-000034,STL-000034-0,1,one_to_one,0,0,0.0,0.0,1.0,1,1.0,1.0,1.0,1.0,1,1.0,1,1,1.0,0.871813,0,0,0,29,13,40,train,1
LED-000034,STL-000574-0,1,one_to_one,0,0,2143.54,0.010718,1.010718,6,0.242424,0.491758,0.242424,0.242424,0,0.087706,0,0,0.230769,0.222925,0,0,0,29,18,45,train,0
LED-000034,STL-000224-0,1,one_to_one,0,0,5466.23,0.027332,1.027332,7,0.307692,0.617949,0.358974,0.358974,0,0.065372,0,0,0.230769,0.20261,0,0,0,29,14,41,train,0
LED-000036,STL-000036-0,1,one_to_one,0,0,0.0,0.0,1.0,2,0.608696,0.8875,0.608696,1.0,0,0.597614,1,1,1.0,0.879883,0,0,0,37,28,63,train,1
LED-000036,STL-000116-0,1,one_to_one,0,0,1603.69,0.025383,0.974617,4,0.606061,0.637745,0.484848,0.666667,0,0.483046,0,0,0.230769,0.127,0,0,0,37,31,66,train,0
LED-000036,STL-000531-0,1,one_to_one,0,0,564.44,0.008934,1.008934,4,0.095238,0.420833,0.095238,0.095238,0,0.154303,0,0,0.230769,0.254,0,0,0,37,33,68,train,0
LED-000037,STL-000037-0,1,one_to_one,0,0,0.42,1.3e-05,0.999987,0,1.0,1.0,1.0,1.0,1,1.0,0,1,0.461538,0.338667,0,0,0,37,57,92,train,1
LED-000039,STL-000039-0,1,one_to_one,0,0,0.0,0.0,1.0,2,0.962963,0.992593,0.962963,0.962963,0,0.826087,1,1,1.0,0.3175,0,0,0,6,10,14,train,1
LED-000040,STL-000040-0,1,one_to_one,0,0,22.49,0.000509,0.999491,0,1.0,1.0,1.0,1.0,1,1.0,1,1,1.0,0.184812,0,0,0,38,18,54,train,1
LED-000041,STL-000041-0,1,one_to_one,0,0,0.0,0.0,1.0,0,1.0,1.0,1.0,1.0,1,1.0,1,1,1.0,0.149071,0,0,0,22,15,35,train,1
LED-000042,STL-000042-0,1,one_to_one,0,0,20.46,8.6e-05,0.999914,1,0.285714,0.572222,0.357143,0.545455,0,0.096225,1,1,1.0,0.916544,0,0,0,25,44,67,train,1
LED-000042,STL-000089-0,1,one_to_one,0,0,8551.96,0.036081,1.036081,1,0.285714,0.527778,0.285714,0.285714,0,0.0,0,0,0.230769,0.269408,0,0,0,25,38,61,train,0
LED-000042,STL-000581-0,1,one_to_one,0,0,7328.6,0.030919,0.969081,3,0.285714,0.535256,0.285714,0.285714,0,0.0,0,0,0.230769,0.187251,0,0,0,25,13,36,train,0
LED-000042,STL-000335-0,1,one_to_one,0,0,7133.05,0.030094,1.030094,4,1.0,1.0,1.0,1.0,1,1.0,0,0,0.230769,0.169334,0,0,0,25,22,45,train,0
LED-000042,STL-000204-0,1,one_to_one,0,0,6473.92,0.027313,1.027313,5,0.153846,0.0,0.153846,0.153846,0,0.0,0,0,0.307692,0.215614,0,0,0,25,12,35,train,0
LED-000042,STL-000139-0,1,one_to_one,0,0,2661.46,0.011229,0.988771,7,0.275862,0.56746,0.275862,0.275862,0,0.0,0,0,0.230769,0.195965,0,0,0,25,53,76,train,0
LED-000043,STL-000110-0,1,one_to_one,0,0,1321.45,0.014309,0.985691,0,1.0,1.0,1.0,1.0,1,1.0,0,0,0.230769,0.742308,0,0,0,31,12,41,train,0
LED-000044,STL-000044-0,1,one_to_one,0,0,0.48,1e-05,1.00001,1,0.631579,0.574786,0.631579,1.0,0,0.603023,1,1,1.0,0.27735,0,0,0,20,27,45,train,1
LED-000044,STL-000296-0,1,one_to_one,0,0,2165.97,0.045118,0.954882,7,0.367347,0.626327,0.326531,0.326531,0,0.0,0,0,0.0,0.09245,0,1,0,20,21,39,train,0
LED-000045,STL-000045-0,1,one_to_one,0,0,0.0,0.0,1.0,0,0.214286,0.736,0.214286,0.214286,0,0.0,1,1,1.0,0.164122,0,0,0,37,45,80,train,1
LED-000046,STL-000046-0,1,one_to_one,0,0,778.51,0.007764,0.992236,2,1.0,1.0,1.0,1.0,1,1.0,0,0,0.0,0.860663,0,1,0,36,55,89,val,1
LED-000047,STL-000047-0,1,one_to_one,0,0,0.12,1e-06,0.999999,0,0.933333,0.970833,0.533333,0.533333,0,0.547723,1,1,1.0,0.19245,0,0,0,44,55,97,train,1
LED-000048,STL-000048-0,1,one_to_one,0,0,0.0,0.0,1.0,4,1.0,1.0,1.0,1.0,1,1.0,1,1,1.0,0.14304,0,0,0,35,9,42,val,1
LED-000049,STL-000049-0,1,one_to_one,0,0,0.0,0.0,1.0,0,1.0,1.0,1.0,1.0,1,1.0,0,1,0.461538,0.866025,0,0,0,19,6,23,train,1
LED-000049,STL-000031-0,1,one_to_one,0,0,400.21,0.003762,1.003762,1,0.380952,0.603205,0.380952,0.380952,0,0.0,0,0,0.230769,0.742308,0,0,0,19,7,24,train,0
LED-000049,STL-000421-0,1,one_to_one,0,0,2654.64,0.024956,0.975044,3,0.333333,0.549271,0.333333,0.333333,0,0.0,0,0,0.230769,0.178174,0,0,0,19,26,43,train,0
LED-000050,STL-000141-0,1,one_to_one,0,0,10748.38,0.045606,1.045606,5,0.176471,0.484444,0.176471,0.176471,0,0.0,0,0,0.230769,0.186339,0,0,0,28,27,53,val,0
LED-000051,STL-000051-0,1,one_to_one,0,0,6.82,4.7e-05,0.999953,1,1.0,1.0,1.0,1.0,1,1.0,1,1,1.0,0.599003,0,0,0,31,8,37,test,1
LED-000052,STL-000255-1,1,one_to_one,0,0,1828.59,0.022151,1.022151,0,1.0,1.0,1.0,1.0,1,1.0,0,0,0.230769,0.098058,0,0,0,48,57,103,train,0
LED-000052,STL-000052-0,1,one_to_one,0,0,0.0,0.0,1.0,1,1.0,1.0,1.0,1.0,1,1.0,1,1,1.0,0.320256,0,0,0,48,54,100,train,1
LED-000052,STL-000205-0,1,one_to_one,0,0,2948.06,0.035712,0.964288,2,0.3,0.456383,0.3,0.3,0,-0.188608,0,0,0.230769,0.160128,0,0,0,48,30,76,train,0
LED-000053,STL-000053-0,1,one_to_one,0,0,0.0,0.0,1.0,0,1.0,1.0,1.0,1.0,1,1.0,1,1,1.0,0.280158,0,0,0,115,68,181,train,1
LED-000053,STL-000540-0,1,one_to_one,0,0,4065.85,0.035179,1.035179,4,0.242424,0.491758,0.242424,0.242424,0,0.087706,0,0,0.0,0.186772,0,1,0,115,57,170,train,0
LED-000054,STL-000054-0,1,one_to_one,0,0,0.0,0.0,1.0,0,0.352941,0.842857,0.352941,1.0,0,0.456435,0,0,0.0,0.848528,0,1,0,28,13,39,train,1
LED-000054,STL-000468-0,1,one_to_one,0,0,9410.22,0.047084,1.047084,1,0.216216,0.511376,0.27027,0.27027,0,0.0,0,0,0.230769,0.122474,0,0,0,28,13,39,train,0
LED-000054,STL-000482-0,1,one_to_one,0,0,852.77,0.004267,0.995733,1,0.344828,0.478694,0.275862,0.275862,0,0.0,0,0,0.230769,0.068599,0,0,0,28,12,38,train,0
LED-000055,STL-000055-0,1,one_to_one,0,0,0.0,0.0,1.0,0,1.0,1.0,1.0,1.0,1,1.0,1,1,1.0,0.296334,0,0,0,15,27,40,train,1
LED-000057,STL-000057-0,1,one_to_one,0,0,5521.71,0.02252,0.97748,0,1.0,1.0,1.0,1.0,1,1.0,0,1,0.461538,0.919272,0,0,0,9,18,25,train,1
LED-000058,STL-000058-0,1,one_to_one,0,0,13.52,0.000427,0.999573,3,0.96,0.992,0.96,0.96,0,0.801002,1,1,1.0,0.174574,0,0,0,62,47,107,train,1
LED-000060,STL-000060-0,1,one_to_one,0,0,15.52,0.000143,0.999857,0,1.0,1.0,1.0,1.0,1,1.0,1,1,1.0,0.350325,0,0,0,35,53,86,train,1
LED-000060,STL-000248-0,1,one_to_one,0,0,1981.19,0.018247,1.018247,5,0.186047,0.477513,0.139535,0.139535,0,0.0,0,0,0.230769,0.205153,0,0,0,35,48,81,train,0
LED-000062,STL-000062-0,1,one_to_one,0,0,0.15,1e-06,1.000001,0,0.64,0.894118,0.64,1.0,0,0.632456,1,1,1.0,0.367423,0,0,0,25,28,51,train,1
LED-000063,STL-000063-0,1,one_to_one,0,0,0.0,0.0,1.0,0,0.387097,0.848,0.387097,1.0,0,0.4,1,1,1.0,0.879883,0,0,0,35,36,69,test,1
LED-000064,STL-000064-0,1,one_to_one,0,0,0.0,0.0,1.0,0,1.0,1.0,1.0,1.0,1,1.0,0,0,0.0,0.550973,0,1,0,9,21,28,val,1
LED-000064,STL-000174-0,1,one_to_one,0,0,27.31,0.000141,0.999859,2,0.384615,0.483224,0.384615,0.352941,0,0.0,0,0,0.307692,0.453743,0,0,0,9,24,31,val,0
LED-000065,STL-000065-0,1,one_to_one,0,0,0.0,0.0,1.0,0,0.809524,0.936,0.809524,0.809524,0,0.732467,1,1,1.0,0.381,0,0,0,21,32,51,train,1
LED-000066,STL-000066-0,1,one_to_one,0,0,5919.79,0.024477,0.975523,1,1.0,1.0,1.0,1.0,1,1.0,1,1,1.0,0.205153,0,0,0,39,30,67,val,1
LED-000067,STL-000067-0,1,one_to_one,0,0,0.0,0.0,1.0,0,1.0,1.0,1.0,1.0,1,1.0,1,1,1.0,0.902214,0,0,0,8,25,31,val,1
LED-000068,STL-000068-0,1,one_to_one,0,0,0.0,0.0,1.0,0,0.857143,0.77381,0.857143,1.0,0,0.876501,0,0,0.0,0.324176,0,1,0,113,179,290,train,1
LED-000069,STL-000069-0,1,one_to_one,0,0,0.34,4e-06,0.999996,2,1.0,1.0,1.0,1.0,1,1.0,1,1,1.0,0.848528,0,0,0,26,35,59,train,1
LED-000070,STL-000070-0,1,one_to_one,0,0,0.0,0.0,1.0,1,1.0,1.0,1.0,1.0,1,1.0,1,1,1.0,0.196116,0,0,0,23,19,40,val,1
LED-000070,STL-000249-0,1,one_to_one,0,0,2733.91,0.011504,0.988496,3,1.0,1.0,1.0,1.0,1,1.0,0,0,0.230769,0.075485,0,0,0,23,17,38,val,0
LED-000070,STL-000518-0,1,one_to_one,0,0,8455.12,0.035579,0.964421,5,0.421053,0.572108,0.368421,0.368421,0,0.062622,0,0,0.230769,0.454257,0,0,0,23,17,38,val,0
LED-000071,STL-000148-0,1,one_to_one,0,0,4804.95,0.019792,1.019792,4,0.592593,0.677839,0.555556,0.631579,0,0.50128,0,0,0.0,0.037424,0,1,0,158,94,250,train,0
LED-000072,STL-000072-0,1,one_to_one,0,0,4.88,0.005685,0.994315,0,0.352941,0.842857,0.352941,1.0,0,0.456435,1,1,1.0,0.879883,0,0,0,37,70,105,train,1
LED-000073,STL-000073-0,1,one_to_one,0,0,0.06,0.0,1.0,2,1.0,1.0,1.0,1.0,1,1.0,0,0,0.0,0.13901,0,1,0,88,79,165,train,1
LED-000074,STL-000074-0,1,one_to_one,0,0,0.0,0.0,1.0,1,1.0,1.0,1.0,1.0,1,1.0,0,0,0.0,0.195965,0,1,0,15,38,51,val,1
LED-000076,STL-000076-0,1,one_to_one,0,0,9.97,0.000118,0.999882,0,1.0,1.0,1.0,1.0,1,1.0,1,1,1.0,0.2179,0,0,0,17,48,63,train,1
LED-000076,STL-000225-0,1,one_to_one,0,0,2988.0,0.035223,1.035223,5,0.2,0.479853,0.1,0.1,0,0.0,0,0,0.0,0.0,0,1,0,17,29,44,train,0
LED-000077,STL-000077-0,1,one_to_one,0,0,2008.66,0.009896,0.990104,1,0.928571,0.980952,0.928571,0.928571,0,0.714286,1,1,1.0,0.452911,0,0,0,36,23,57,train,1
LED-000079,STL-000079-0,1,one_to_one,0,0,0.0,0.0,1.0,0,0.352941,0.842857,0.352941,1.0,0,0.456435,0,0,0.0,0.15097,0,1,0,35,15,48,val,1
LED-000079,STL-000230-0,1,one_to_one,0,0,8268.1,0.048984,1.048984,5,0.125,0.357143,0.125,0.125,0,0.129099,0,0,0.230769,0.16343,0,0,0,35,34,67,val,0
LED-000080,STL-000080-0,1,one_to_one,0,0,0.0,0.0,1.0,0,1.0,1.0,1.0,1.0,1,1.0,1,1,1.0,0.196589,0,0,0,19,10,27,train,1
LED-000081,STL-000081-0,1,one_to_one,0,0,0.0,0.0,1.0,0,1.0,1.0,1.0,1.0,1,1.0,1,1,1.0,0.879883,0,0,0,63,109,170,train,1
LED-000082,STL-000082-0,1,one_to_one,0,0,0.0,0.0,1.0,0,1.0,1.0,1.0,1.0,1,1.0,1,1,1.0,0.213201,0,0,0,24,30,52,train,1
LED-000083,STL-000083-0,1,one_to_one,0,0,0.0,0.0,1.0,0,0.555556,0.876923,0.555556,1.0,0,0.522233,0,1,0.461538,0.328244,0,0,0,25,52,75,train,1
LED-000083,STL-000383-0,1,one_to_one,0,0,4919.54,0.039312,1.039312,2,0.230769,0.455128,0.384615,0.384615,0,-0.201008,0,0,0.230769,0.116775,0,0,0,25,39,62,train,0
LED-000083,STL-000352-0,1,one_to_one,0,0,3393.35,0.027116,1.027116,7,0.428571,0.509402,0.285714,0.285714,0,0.0,0,0,0.230769,0.119416,0,0,0,25,64,87,train,0
LED-000084,STL-000084-0,1,one_to_one,0,0,0.06,1.1e-05,1.000011,1,1.0,1.0,1.0,1.0,1,1.0,1,1,1.0,0.848528,0,0,0,15,33,46,train,1
LED-000085,STL-000085-0,1,one_to_one,0,0,0.23,3e-06,1.000003,1,1.0,1.0,1.0,1.0,1,1.0,0,1,0.461538,0.255031,0,0,0,28,17,43,train,1
LED-000085,STL-000475-0,1,one_to_one,0,0,2065.19,0.024772,1.024772,6,0.272727,0.505882,0.272727,0.272727,0,0.0,0,0,0.230769,0.073621,0,0,0,28,18,44,train,0
LED-000088,STL-000088-0,1,one_to_one,0,0,0.0,0.0,1.0,0,1.0,1.0,1.0,1.0,1,1.0,0,1,0.461538,0.208514,0,0,0,23,21,42,train,1
LED-000089,STL-000042-0,1,one_to_one,0,0,8596.06,0.035,0.965,1,0.230769,0.538889,0.307692,0.307692,0,0.0,0,0,0.230769,0.191273,0,0,0,22,44,64,train,0
LED-000089,STL-000089-0,1,one_to_one,0,0,23.64,9.6e-05,0.999904,1,1.0,1.0,1.0,1.0,1,1.0,1,1,1.0,0.078087,0,0,0,22,38,58,train,1
LED-000089,STL-000335-0,1,one_to_one,0,0,1442.55,0.005874,0.994126,4,0.285714,0.527778,0.285714,0.285714,0,0.0,0,0,0.230769,0.073621,0,0,0,22,22,42,train,0
LED-000089,STL-000204-0,1,one_to_one,0,0,2101.68,0.008557,0.991443,5,0.181818,0.455556,0.181818,0.181818,0,0.0,0,0,0.230769,0.830291,0,0,0,22,12,32,train,0
LED-000089,STL-000139-0,1,one_to_one,0,0,11237.06,0.045754,0.954246,7,0.222222,0.535714,0.222222,0.222222,0,0.0,0,0,0.230769,0.477119,0,0,0,22,53,73,train,0
LED-000090,STL-000356-0,1,one_to_one,0,0,2005.66,0.010164,1.010164,0,0.392157,0.655954,0.431373,0.431373,0,0.0,0,0,0.230769,0.191079,0,0,0,32,9,39,val,0
LED-000090,STL-000090-0,1,one_to_one,0,0,0.0,0.0,1.0,0,1.0,1.0,1.0,1.0,1,1.0,0,1,0.461538,0.286618,0,0,0,32,13,43,val,1
LED-000092,STL-000092-0,1,one_to_one,0,0,124.25,0.005287,0.994713,1,0.933333,0.970833,0.533333,0.533333,0,0.547723,1,1,1.0,0.879883,0,0,0,47,39,84,train,1
LED-000093,STL-000093-0,1,one_to_one,0,0,2948.31,0.01412,0.98588,0,1.0,1.0,1.0,1.0,1,1.0,1,1,1.0,0.277219,0,0,0,19,29,46,train,1
LED-000093,STL-000592-0,1,one_to_one,0,0,7565.09,0.03623,1.03623,7,0.641509,0.703324,0.603774,0.641509,0,0.368037,0,0,0.307692,0.254,0,0,0,19,16,33,train,0
LED-000095,STL-000095-0,1,one_to_one,0,0,0.0,0.0,1.0,0,1.0,1.0,1.0,1.0,1,1.0,0,1,0.461538,0.338667,0,0,0,23,28,49,train,1
LED-000096,STL-000096-0,1,one_to_one,0,0,21.57,0.000101,0.999899,4,1.0,1.0,1.0,1.0,1,1.0,0,1,0.461538,0.367423,0,0,0,56,20,74,train,1
LED-000098,STL-000098-0,1,one_to_one,0,0,0.0,0.0,1.0,0,1.0,1.0,1.0,1.0,1,1.0,1,1,1.0,0.879883,0,0,0,24,1,23,train,1
LED-000099,STL-000099-0,1,one_to_one,0,0,0.0,0.0,1.0,1,1.0,1.0,1.0,1.0,1,1.0,1,1,1.0,0.255377,0,0,0,38,51,87,train,1
LED-000099,STL-000248-0,1,one_to_one,0,0,3800.88,0.033236,0.966764,2,0.3125,0.595099,0.34375,0.34375,0,0.0,0,0,0.230769,0.049147,0,0,0,38,48,84,train,0
LED-000100,STL-000100-0,1,one_to_one,0,0,0.0,0.0,1.0,1,1.0,1.0,1.0,1.0,1,1.0,1,1,1.0,0.195965,0,0,0,19,19,36,train,1
LED-000101,STL-000101-0,1,one_to_one,0,0,1110.35,0.012866,0.987134,0,0.857143,0.971429,0.857143,0.857143,0,0.4,0,0,0.0,0.834058,0,1,0,56,47,101,test,1
LED-000102,STL-000102-0,1,one_to_one,0,0,0.0,0.0,1.0,0,0.764706,0.92381,0.764706,1.0,0,0.789542,0,1,0.461538,0.182006,0,0,0,122,85,205,train,1
LED-000102,STL-000014-0,1,one_to_one,0,0,6128.79,0.030206,1.030206,7,0.307692,0.523077,0.307692,0.307692,0,0.0,0,0,0.230769,0.085126,0,0,0,122,17,137,train,0
LED-000103,STL-000103-0,1,one_to_one,0,0,0.0,0.0,1.0,1,1.0,1.0,1.0,1.0,1,1.0,0,0,0.0,0.102899,0,1,0,79,105,182,train,1
LED-000104,STL-000104-0,1,one_to_one,0,0,0.0,0.0,1.0,1,0.285714,0.572222,0.357143,0.545455,0,0.096225,1,1,1.0,0.19803,0,0,0,35,20,53,train,1
LED-000104,STL-000531-0,1,one_to_one,0,0,3045.69,0.045601,0.954399,3,0.307692,0.55,0.307692,0.307692,0,0.0,0,0,0.230769,0.272166,0,0,0,35,33,66,train,0
LED-000104,STL-000591-0,1,one_to_one,0,0,1730.48,0.025909,1.025909,6,0.153846,0.0,0.153846,0.153846,0,0.0,0,0,0.230769,0.746391,0,0,0,35,55,88,train,0
LED-000105,STL-000392-0,1,one_to_one,0,0,3455.02,0.039269,0.960731,0,0.380952,0.604777,0.333333,0.333333,0,0.056344,0,0,0.230769,0.20261,0,0,0,25,39,62,test,0
LED-000105,STL-000105-0,1,one_to_one,0,0,0.0,0.0,1.0,1,1.0,1.0,1.0,1.0,1,1.0,0,0,0.0,0.35015,0,1,0,25,38,61,test,1
LED-000106,STL-000106-0,1,one_to_one,0,0,0.0,0.0,1.0,0,1.0,1.0,1.0,1.0,1,1.0,0,1,0.461538,0.328244,0,0,0,10,27,35,train,1
LED-000106,STL-000221-0,1,one_to_one,0,0,252.01,0.007035,1.007035,1,0.363636,0.580891,0.409091,0.409091,0,0.048507,0,0,0.384615,0.204837,0,0,0,10,25,33,train,0
LED-000106,STL-000080-0,1,one_to_one,0,0,226.07,0.006311,0.993689,7,0.307692,0.528822,0.307692,0.307692,0,0.0,0,0,0.230769,0.205153,0,0,0,10,10,18,train,0
LED-000107,STL-000107-0,1,one_to_one,0,0,1507.11,0.010499,0.989501,2,1.0,1.0,1.0,1.0,1,1.0,1,1,1.0,0.188562,0,0,0,15,9,22,test,1
LED-000108,STL-000108-0,1,one_to_one,0,0,0.0,0.0,1.0,0,0.964286,0.992857,0.964286,0.964286,0,0.866667,0,0,0.0,0.871813,0,1,0,17,44,59,test,1
LED-000109,STL-000109-0,1,one_to_one,0,0,0.0,0.0,1.0,0,0.666667,0.9,0.666667,1.0,0,0.707107,1,1,1.0,0.866025,0,0,0,24,45,67,train,1
LED-000110,STL-000110-0,1,one_to_one,0,0,1294.14,0.014018,0.985982,0,1.0,1.0,1.0,1.0,1,1.0,1,1,1.0,0.318511,0,0,0,31,12,41,train,1
LED-000111,STL-000535-0,1,one_to_one,0,0,2149.98,0.018449,1.018449,0,0.4,0.602456,0.4,0.4,0,0.0,0,0,0.230769,0.044721,0,0,0,23,15,36,train,0
LED-000111,STL-000111-0,1,one_to_one,0,0,0.0,0.0,1.0,3,1.0,1.0,1.0,1.0,1,1.0,0,0,0.0,0.188562,0,1,0,23,7,28,train,1
LED-000112,STL-000112-0,1,one_to_one,0,0,0.0,0.0,1.0,0,0.631579,0.574786,0.631579,1.0,0,0.603023,1,1,1.0,0.910642,0,0,0,21,36,55,train,1
LED-000113,STL-000113-0,1,one_to_one,0,0,0.0,0.0,1.0,0,0.258065,0.82963,0.258065,1.0,0,0.294884,1,1,1.0,0.215166,0,0,0,13,27,38,train,1
LED-000113,STL-000313-0,1,one_to_one,0,0,1347.13,0.005722,0.994278,1,0.176471,0.56649,0.235294,0.1875,0,-0.09325,0,0,0.230769,0.122474,0,0,0,13,15,26,train,0
LED-000114,STL-000114-0,1,one_to_one,0,0,0.0,0.0,1.0,0,0.258065,0.82963,0.258065,1.0,0,0.294884,1,1,1.0,0.328244,0,0,0,12,8,18,train,1
LED-000115,STL-000115-0,1,one_to_one,0,0,0.0,0.0,1.0,0,0.4,0.85,0.4,1.0,0,0.453743,0,1,0.461538,0.262613,0,0,0,7,7,12,train,1
LED-000116,STL-000116-0,1,one_to_one,0,0,516.18,0.008313,0.991687,0,1.0,1.0,1.0,1.0,1,1.0,0,1,0.461538,0.848528,0,0,0,23,31,52,train,1
LED-000116,STL-000531-0,1,one_to_one,0,0,1651.95,0.026605,1.026605,0,0.181818,0.505882,0.181818,0.181818,0,0.149071,0,0,0.230769,0.04714,0,0,0,23,33,54,train,0
LED-000117,STL-000117-0,1,one_to_one,0,0,0.0,0.0,1.0,0,1.0,1.0,1.0,1.0,1,1.0,1,1,1.0,0.848528,0,0,0,8,22,28,test,1
LED-000118,STL-000118-0,1,one_to_one,0,0,0.0,0.0,1.0,1,0.961538,0.992308,0.961538,0.961538,0,0.800641,0,0,0.0,0.239259,0,1,0,51,68,117,train,1
LED-000119,STL-000119-0,1,one_to_one,0,0,0.45,6e-06,1.000006,0,1.0,1.0,1.0,1.0,1,1.0,1,1,1.0,0.248734,0,0,0,5,14,17,train,1
LED-000120,STL-000120-0,1,one_to_one,0,0,0.0,0.0,1.0,0,0.214286,0.736,0.214286,0.214286,0,0.0,1,1,1.0,0.879883,0,0,0,8,23,29,val,1
LED-000121,STL-000121-0,1,one_to_one,0,0,0.06,0.0,1.0,0,0.285714,0.572222,0.357143,0.545455,0,0.096225,1,1,1.0,0.171499,0,0,0,24,34,56,train,1
LED-000122,STL-000122-0,1,one_to_one,0,0,0.36,2e-06,1.000002,0,1.0,1.0,1.0,1.0,1,1.0,0,0,0.0,0.15097,0,1,0,89,57,144,train,1
LED-000123,STL-000123-0,1,one_to_one,0,0,0.0,0.0,1.0,0,1.0,1.0,1.0,1.0,1,1.0,1,1,1.0,0.196419,0,0,0,61,42,101,train,1
LED-000124,STL-000124-0,1,one_to_one,0,0,2326.83,0.009728,0.990272,0,1.0,1.0,1.0,1.0,1,1.0,1,1,1.0,0.246416,0,0,0,19,37,54,val,1
LED-000125,STL-000394-0,1,one_to_one,0,0,5379.07,0.027896,1.027896,3,0.355556,0.515126,0.355556,0.222222,0,-0.070273,0,0,0.230769,0.087287,0,0,0,36,15,49,train,0
LED-000125,STL-000034-0,1,one_to_one,0,0,7169.17,0.037179,1.037179,4,0.325581,0.514077,0.372093,0.352941,0,0.0,0,0,0.230769,0.163299,0,0,0,36,13,47,train,0
LED-000125,STL-000380-0,1,one_to_one,0,0,3972.21,0.0206,0.9794,7,0.166667,0.467787,0.166667,0.266667,0,0.0,0,0,0.307692,0.760263,0,0,0,36,18,52,train,0
LED-000126,STL-000126-0,1,one_to_one,0,0,0.0,0.0,1.0,0,1.0,1.0,1.0,1.0,1,1.0,1,1,1.0,0.367423,0,0,0,25,37,60,train,1
LED-000126,STL-000109-0,1,one_to_one,0,0,22.58,0.000311,0.999689,3,0.26087,0.494872,0.26087,0.26087,0,0.087706,0,0,0.230769,0.043644,0,0,0,25,45,68,train,0
LED-000127,STL-000127-0,1,one_to_one,0,0,0.0,0.0,1.0,0,0.870968,0.954286,0.870968,1.0,0,0.890564,0,1,0.461538,0.281788,0,0,0,86,70,154,train,1
LED-000127,STL-000214-0,1,one_to_one,0,0,433.18,0.007228,0.992772,1,0.272727,0.486202,0.272727,0.171429,0,0.080257,0,0,0.230769,0.254,0,0,0,86,87,171,train,0
LED-000127,STL-000521-0,1,one_to_one,0,0,967.03,0.016135,1.016135,1,0.3,0.456383,0.3,0.3,0,-0.188608,0,0,0.230769,0.254,0,0,0,86,93,177,train,0
LED-000128,STL-000128-0,1,one_to_one,0,0,21.83,0.000183,0.999817,0,1.0,1.0,1.0,1.0,1,1.0,0,1,0.461538,0.238976,0,0,0,12,17,27,train,1
LED-000128,STL-000298-0,1,one_to_one,0,0,5321.48,0.044553,1.044553,2,0.238095,0.425926,0.238095,0.238095,0,0.0,0,0,0.230769,0.854017,0,0,0,12,27,37,train,0
LED-000128,STL-000577-0,1,one_to_one,0,0,208.43,0.001745,1.001745,4,0.1,0.425926,0.15,0.15,0,0.0,0,0,0.0,0.228802,0,1,0,12,25,35,train,0
LED-000128,STL-000365-0,1,one_to_one,0,0,1724.73,0.01444,0.98556,6,0.45283,0.631683,0.415094,0.415094,0,0.0,0,0,0.230769,0.524143,0,0,0,12,57,67,train,0
LED-000129,STL-000129-0,1,one_to_one,0,0,0.12,1e-06,0.999999,0,1.0,1.0,1.0,1.0,1,1.0,0,0,0.0,0.19803,0,1,0,146,14,158,train,1
LED-000130,STL-000130-0,1,one_to_one,0,0,0.47,4e-06,1.000004,0,0.631579,0.892308,0.368421,0.368421,0,0.558156,1,1,1.0,0.308607,0,0,0,63,37,98,val,1
LED-000131,STL-000131-0,1,one_to_one,0,0,1079.12,0.024527,0.975473,0,1.0,1.0,1.0,1.0,1,1.0,0,1,0.461538,0.866025,0,0,0,22,7,27,train,1
LED-000132,STL-000132-0,1,one_to_one,0,0,0.16,1e-06,1.000001,1,1.0,1.0,1.0,1.0,1,1.0,1,1,1.0,0.367423,0,0,0,17,19,34,test,1
LED-000132,STL-000164-0,1,one_to_one,0,0,521.82,0.002188,1.002188,7,0.380952,0.529412,0.380952,0.380952,0,0.0,0,0,0.230769,0.043644,0,0,0,17,19,34,test,0
LED-000134,STL-000134-0,1,one_to_one,0,0,0.01,0.0,1.0,1,1.0,1.0,1.0,1.0,1,1.0,1,1,1.0,0.226455,0,0,0,22,25,45,train,1
LED-000135,STL-000135-0,1,one_to_one,0,0,0.0,0.0,1.0,0,0.5,0.866667,0.5,1.0,0,0.547723,1,1,1.0,0.279751,0,0,0,43,31,72,train,1
LED-000136,STL-000136-0,1,one_to_one,0,0,0.0,0.0,1.0,0,0.387097,0.848,0.387097,1.0,0,0.4,1,1,1.0,0.171499,0,0,0,10,3,11,train,1
LED-000137,STL-000137-0,1,one_to_one,0,0,0.0,0.0,1.0,0,1.0,1.0,1.0,1.0,1,1.0,1,1,1.0,0.196589,0,0,0,29,13,40,train,1
LED-000138,STL-000138-0,1,one_to_one,0,0,1533.49,0.015591,0.984409,0,0.666667,0.9,0.666667,1.0,0,0.707107,1,1,1.0,0.245737,0,0,0,54,37,89,train,1
LED-000139,STL-000139-0,1,one_to_one,0,0,0.0,0.0,1.0,0,0.25,0.742857,0.25,0.25,0,0.0,1,1,1.0,0.866025,0,0,0,42,53,93,train,1
LED-000139,STL-000188-0,1,one_to_one,0,0,3200.77,0.013657,0.986343,2,0.0,0.0,0.0,0.0,0,0.0,0,0,0.230769,0.742308,0,0,0,42,51,91,train,0
LED-000139,STL-000019-0,1,one_to_one,0,0,380.11,0.001622,1.001622,6,0.166667,0.481481,0.166667,0.166667,0,0.0,0,0,0.230769,0.044544,0,0,0,42,19,59,train,0
LED-000140,STL-000140-0,1,one_to_one,0,0,0.0,0.0,1.0,0,1.0,1.0,1.0,1.0,1,1.0,0,1,0.461538,0.848528,0,0,0,16,19,33,train,1
LED-000141,STL-000141-0,1,one_to_one,0,0,0.0,0.0,1.0,0,0.947368,0.98,0.526316,0.526316,0,0.737865,0,1,0.461538,0.308607,0,0,0,12,27,37,val,1
LED-000142,STL-000516-1,1,one_to_one,0,0,3100.32,0.038858,0.961142,3,0.153846,0.0,0.153846,0.153846,0,0.0,0,0,0.0,0.680414,0,1,0,5,11,14,train,0
LED-000143,STL-000143-0,1,one_to_one,0,0,0.0,0.0,1.0,0,0.961538,0.992308,0.961538,0.961538,0,0.852437,1,1,1.0,0.367423,0,0,0,21,21,40,val,1
LED-000143,STL-000157-0,1,one_to_one,0,0,5228.71,0.039442,1.039442,5,0.631579,0.892308,0.368421,0.368421,0,0.558156,0,0,0.230769,0.0343,0,0,0,21,32,51,val,0
LED-000144,STL-000144-0,1,one_to_one,0,0,639.45,0.013558,0.986442,0,1.0,1.0,1.0,1.0,1,1.0,0,0,0.0,0.347183,0,1,0,49,70,117,test,1
LED-000145,STL-000145-0,1,one_to_one,0,0,15.0,8.6e-05,0.999914,0,1.0,1.0,1.0,1.0,1,1.0,1,1,1.0,0.871813,0,0,0,9,13,20,test,1
LED-000146,STL-000146-0,1,one_to_one,0,0,0.0,0.0,1.0,0,0.428571,0.854545,0.428571,1.0,0,0.447214,1,1,1.0,0.177667,0,0,0,22,33,53,train,1
LED-000146,STL-000251-0,1,one_to_one,0,0,3969.28,0.017364,1.017364,6,0.068966,0.396104,0.137931,0.137931,0,0.0,0,0,0.230769,0.071067,0,0,0,22,20,40,train,0
LED-000147,STL-000564-0,1,one_to_one,0,0,5555.7,0.044481,1.044481,0,0.333333,0.561905,0.333333,0.333333,0,0.0,0,0,0.230769,0.036886,0,0,0,41,25,64,train,0
LED-000147,STL-000147-0,1,one_to_one,0,0,7.18,5.7e-05,0.999943,0,1.0,1.0,1.0,1.0,1,1.0,1,1,1.0,0.172516,0,0,0,41,24,63,train,1
LED-000147,STL-000522-0,1,one_to_one,0,0,4592.02,0.036765,1.036765,3,0.166667,0.335088,0.166667,0.166667,0,0.0,0,0,0.230769,0.036886,0,0,0,41,35,74,train,0
LED-000147,STL-000083-0,1,one_to_one,0,0,240.07,0.001922,1.001922,4,1.0,1.0,1.0,1.0,1,1.0,0,0,0.230769,0.199205,0,0,0,41,52,91,train,0
LED-000147,STL-000383-0,1,one_to_one,0,0,5159.61,0.04131,1.04131,6,0.222222,0.517949,0.222222,0.222222,0,0.0,0,0,0.230769,0.075593,0,0,0,41,39,78,train,0
LED-000148,STL-000148-0,1,one_to_one,0,0,0.27,1e-06,1.000001,1,1.0,1.0,1.0,1.0,1,1.0,0,0,0.0,0.184812,0,1,0,112,94,204,train,1
LED-000148,STL-000042-0,1,one_to_one,0,0,10579.36,0.042731,0.957269,7,0.652174,0.734473,0.652174,0.75,0,0.508475,0,0,0.230769,0.146647,0,0,0,112,44,154,train,0
LED-000148,STL-000089-0,1,one_to_one,0,0,2006.94,0.008106,0.991894,7,0.3125,0.523504,0.3125,0.3125,0,0.0,0,0,0.307692,0.269408,0,0,0,112,38,148,train,0
LED-000149,STL-000149-0,1,one_to_one,0,0,82.59,0.005415,0.994585,3,1.0,1.0,1.0,1.0,1,1.0,0,0,0.0,0.381,0,1,0,23,60,81,train,1
LED-000149,STL-000196-0,1,one_to_one,0,0,205.74,0.013488,1.013488,6,0.292683,0.510582,0.292683,0.292683,0,0.0,0,0,0.230769,0.254,0,0,0,23,89,110,train,0
LED-000150,STL-000150-0,1,one_to_one,0,0,2744.27,0.013614,0.986386,0,0.608696,0.8875,0.608696,1.0,0,0.597614,1,1,1.0,0.287214,0,0,0,17,10,25,val,1
LED-000151,STL-000151-0,1,one_to_one,0,0,1726.1,0.022984,0.977016,0,1.0,1.0,1.0,1.0,1,1.0,0,0,0.0,0.15401,0,1,0,47,71,116,train,1
LED-000151,STL-000411-0,1,one_to_one,0,0,2899.15,0.038605,0.961395,1,0.222222,0.351282,0.222222,0.222222,0,0.0,0,0,0.230769,0.03745,0,0,0,47,29,74,train,0
LED-000152,STL-000152-0,1,one_to_one,0,0,0.0,0.0,1.0,4,0.428571,0.854545,0.428571,1.0,0,0.447214,1,1,1.0,0.274986,0,0,0,31,59,88,train,1
LED-000154,STL-000450-0,1,one_to_one,0,0,3260.25,0.033942,1.033942,0,0.0,0.0,0.0,0.0,0,0.0,0,0,0.230769,0.127688,0,0,0,34,49,81,val,0
LED-000154,STL-000154-0,1,one_to_one,0,0,0.0,0.0,1.0,0,1.0,1.0,1.0,1.0,1,1.0,0,0,0.0,0.311188,0,1,0,34,56,88,val,1
LED-000155,STL-000155-0,1,one_to_one,0,0,0.0,0.0,1.0,0,1.0,1.0,1.0,1.0,1,1.0,0,0,0.0,0.247156,0,1,0,13,9,20,train,1
LED-000156,STL-000156-0,1,one_to_one,0,0,0.0,0.0,1.0,0,0.727273,0.9,0.727273,0.727273,0,0.316228,1,1,1.0,0.598444,0,0,0,30,23,51,train,1
LED-000158,STL-000158-0,1,one_to_one,0,0,0.0,0.0,1.0,0,1.0,1.0,1.0,1.0,1,1.0,0,0,0.0,0.231034,0,1,0,25,12,35,train,1
LED-000160,STL-000160-0,1,one_to_one,0,0,0.0,0.0,1.0,1,0.888889,0.96,0.888889,0.888889,0,0.782624,1,1,1.0,0.255031,0,0,0,13,21,32,train,1
LED-000161,STL-000232-0,1,one_to_one,0,0,1665.82,0.018236,1.018236,5,0.129032,0.402222,0.129032,0.129032,0,0.0,0,0,0.0,0.769897,0,1,0,30,43,71,train,0
LED-000162,STL-000162-0,1,one_to_one,0,0,0.0,0.0,1.0,0,1.0,1.0,1.0,1.0,1,1.0,1,1,1.0,0.10728,0,0,0,23,43,64,test,1
LED-000163,STL-000163-0,1,one_to_one,0,0,0.0,0.0,1.0,0,0.913043,0.939429,0.913043,0.913043,0,0.793884,1,1,1.0,0.137199,0,0,0,25,21,44,val,1
LED-000164,STL-000164-0,1,one_to_one,0,0,2670.34,0.011048,0.988952,0,1.0,1.0,1.0,1.0,1,1.0,1,1,1.0,0.303895,0,0,0,5,19,22,test,1
LED-000165,STL-000165-0,1,one_to_one,0,0,0.0,0.0,1.0,1,1.0,1.0,1.0,1.0,1,1.0,1,1,1.0,0.257674,0,0,0,16,23,37,train,1
LED-000166,STL-000166-0,1,one_to_one,0,0,0.0,0.0,1.0,3,0.64,0.894118,0.64,1.0,0,0.632456,1,1,1.0,0.91106,0,0,0,9,12,19,train,1
LED-000166,STL-000524-0,1,one_to_one,0,0,7189.03,0.03982,0.96018,4,0.457143,0.602397,0.285714,0.285714,0,-0.069007,0,0,0.230769,0.443039,0,0,0,9,9,16,train,0
LED-000167,STL-000167-0,1,one_to_one,0,0,2130.73,0.015216,0.984784,1,0.428571,0.854545,0.428571,1.0,0,0.447214,0,1,0.461538,0.137199,0,0,0,21,9,28,test,1
LED-000168,STL-000168-0,1,one_to_one,0,0,0.2,1e-06,0.999999,0,0.809524,0.936,0.809524,1.0,0,0.788811,0,0,0.0,0.311188,0,1,0,87,90,175,train,1
LED-000168,STL-000342-0,1,one_to_one,0,0,1361.47,0.007237,1.007237,0,0.333333,0.549271,0.333333,0.333333,0,0.0,0,0,0.230769,0.73721,0,0,0,87,81,166,train,0
LED-000169,STL-000169-0,1,one_to_one,0,0,0.0,0.0,1.0,0,1.0,1.0,1.0,1.0,1,1.0,1,1,1.0,0.30202,0,0,0,21,11,30,train,1
LED-000170,STL-000170-0,1,one_to_one,0,0,0.0,0.0,1.0,0,0.947368,0.98,0.526316,0.526316,0,0.737865,1,1,1.0,0.295804,0,0,0,11,20,29,train,1
LED-000170,STL-000181-0,1,one_to_one,0,0,2153.56,0.016854,1.016854,6,0.133333,0.433333,0.133333,0.133333,0,0.0,0,0,0.230769,0.133631,0,0,0,11,54,63,train,0
LED-000171,STL-000171-0,1,one_to_one,0,0,0.05,0.0,1.0,1,1.0,1.0,1.0,1.0,1,1.0,1,1,1.0,0.178174,0,0,0,16,9,23,train,1
LED-000172,STL-000172-0,1,one_to_one,0,0,0.16,1e-06,1.000001,0,0.181818,0.608187,0.272727,0.272727,0,0.0,0,1,0.461538,0.099015,0,0,0,30,13,41,test,1
LED-000173,STL-000173-0,1,one_to_one,0,0,12.83,9.5e-05,0.999905,0,1.0,1.0,1.0,1.0,1,1.0,1,1,1.0,0.188562,0,0,0,28,27,53,train,1
LED-000173,STL-000433-0,1,one_to_one,0,0,2233.99,0.016477,1.016477,1,0.117647,0.468254,0.117647,0.0,0,0.0,0,0,0.230769,0.0343,0,0,0,28,27,53,train,0
LED-000174,STL-000174-0,1,one_to_one,0,0,0.0,0.0,1.0,0,1.0,1.0,1.0,1.0,1,1.0,1,1,1.0,0.137199,0,0,0,8,24,30,val,1
LED-000177,STL-000177-0,1,one_to_one,0,0,0.0,0.0,1.0,2,1.0,1.0,1.0,1.0,1,1.0,1,1,1.0,0.182006,0,0,0,13,26,37,test,1
LED-000177,STL-000133-1,1,one_to_one,0,0,3945.58,0.039142,0.960858,4,0.125,0.417989,0.25,0.25,0,0.0,0,0,0.230769,0.03576,0,0,0,13,50,61,test,0
LED-000178,STL-000178-0,1,one_to_one,0,0,0.0,0.0,1.0,0,1.0,1.0,1.0,1.0,1,1.0,1,1,1.0,0.910642,0,0,0,17,19,34,test,1
LED-000179,STL-000179-0,1,one_to_one,0,0,0.0,0.0,1.0,0,1.0,1.0,1.0,1.0,1,1.0,0,1,0.461538,0.559085,0,0,0,36,63,97,train,1
LED-000180,STL-000180-0,1,one_to_one,0,0,0.39,6e-06,0.999994,1,1.0,1.0,1.0,1.0,1,1.0,0,1,0.461538,0.872082,0,0,0,14,33,45,train,1
LED-000181,STL-000181-0,1,one_to_one,0,0,0.0,0.0,1.0,0,1.0,1.0,1.0,1.0,1,1.0,1,1,1.0,0.181444,0,0,0,47,54,99,train,1
LED-000182,STL-000182-0,1,one_to_one,0,0,0.0,0.0,1.0,0,1.0,1.0,1.0,1.0,1,1.0,1,1,1.0,0.174608,0,0,0,47,75,120,val,1
LED-000183,STL-000183-0,1,one_to_one,0,0,0.0,0.0,1.0,0,1.0,1.0,1.0,1.0,1,1.0,1,1,1.0,0.341121,0,0,0,39,55,92,test,1
LED-000184,STL-000184-0,1,one_to_one,0,0,0.31,1e-06,0.999999,0,1.0,1.0,1.0,1.0,1,1.0,1,1,1.0,0.835504,0,0,0,59,17,74,train,1
LED-000185,STL-000185-0,1,one_to_one,0,0,0.16,9e-06,0.999991,0,1.0,1.0,1.0,1.0,1,1.0,0,0,0.0,0.338667,0,1,0,27,16,41,train,1
LED-000185,STL-000373-0,1,one_to_one,0,0,183.47,0.010254,1.010254,2,0.24,0.479532,0.16,0.16,0,0.0,0,0,0.230769,0.109985,0,0,0,27,30,55,train,0
LED-000186,STL-000186-0,1,one_to_one,0,0,0.0,0.0,1.0,0,0.8125,0.936842,0.8125,0.8125,0,0.731272,0,0,0.0,0.305505,0,1,0,28,38,64,train,1
LED-000187,STL-000187-0,1,one_to_one,0,0,150.07,0.007544,0.992456,0,0.3,0.752941,0.3,0.222222,0,0.0,1,1,1.0,0.835504,0,0,0,25,21,44,train,1
LED-000188,STL-000188-0,1,one_to_one,0,0,7.03,3e-05,0.99997,1,0.727273,0.9,0.727273,0.727273,0,0.316228,1,1,1.0,0.58554,0,0,0,33,51,82,train,1
LED-000188,STL-000019-0,1,one_to_one,0,0,3573.85,0.01546,1.01546,5,0.125,0.417989,0.25,0.25,0,0.0,0,0,0.230769,0.035136,0,0,0,33,19,50,train,0
LED-000189,STL-000189-0,1,one_to_one,0,0,13.0,0.000311,0.999689,0,0.64,0.894118,0.64,0.64,0,0.316228,1,1,1.0,0.338667,0,0,0,44,51,93,val,1
LED-000190,STL-000190-0,1,one_to_one,0,0,721.32,0.005646,0.994354,0,0.941176,0.988235,0.941176,0.941176,0,0.751469,1,1,1.0,0.292353,0,0,0,86,36,120,train,1
LED-000190,STL-000073-0,1,one_to_one,0,0,3823.56,0.029926,1.029926,4,0.333333,0.535014,0.333333,0.333333,0,0.0,0,0,0.0,0.869582,0,1,0,86,79,163,train,0
LED-000191,STL-000191-0,1,one_to_one,0,0,2.5,2.7e-05,0.999973,0,1.0,1.0,1.0,1.0,1,1.0,0,1,0.461538,0.13202,0,0,0,25,43,66,train,1
LED-000191,STL-000379-0,1,one_to_one,0,0,1446.71,0.015882,1.015882,6,0.459016,0.668519,0.393443,0.393443,0,0.0343,0,0,0.230769,0.0,0,0,0,25,17,40,train,0
LED-000192,STL-000192-0,1,one_to_one,0,0,0.15,1e-06,0.999999,0,1.0,1.0,1.0,1.0,1,1.0,1,1,1.0,0.835504,0,0,0,114,37,149,train,1
LED-000192,STL-000190-0,1,one_to_one,0,0,1462.6,0.011646,1.011646,1,0.230769,0.549891,0.153846,0.153846,0,0.09167,0,0,0.230769,0.204465,0,0,0,114,36,148,train,0
LED-000192,STL-000540-0,1,one_to_one,0,0,5944.29,0.047333,0.952667,4,0.25,0.417989,0.125,0.125,0,0.169031,0,0,0.0,0.212814,0,1,0,114,57,169,train,0
LED-000192,STL-000073-0,1,one_to_one,0,0,6007.48,0.047836,1.047836,5,0.25,0.417989,0.125,0.125,0,0.169031,0,0,0.0,0.034752,0,1,0,114,79,191,train,0
LED-000193,STL-000193-0,1,one_to_one,0,0,0.0,0.0,1.0,0,1.0,1.0,1.0,1.0,1,1.0,0,1,0.461538,0.879883,0,0,0,12,20,30,train,1
LED-000195,STL-000195-0,1,one_to_one,0,0,0.0,0.0,1.0,0,1.0,1.0,1.0,1.0,1,1.0,0,1,0.461538,0.166812,0,0,0,28,20,46,train,1
LED-000196,STL-000196-0,1,one_to_one,0,0,252.17,0.01605,0.98395,0,1.0,1.0,1.0,1.0,1,1.0,0,1,0.461538,0.136083,0,0,0,83,89,170,train,1
LED-000197,STL-000197-0,1,one_to_one,0,0,9.83,0.000359,0.999641,0,0.258065,0.82963,0.258065,1.0,0,0.294884,1,1,1.0,0.249029,0,0,0,53,66,117,test,1
LED-000198,STL-000198-0,1,one_to_one,0,0,0.0,0.0,1.0,1,1.0,1.0,1.0,1.0,1,1.0,0,0,0.0,0.318465,0,1,0,14,34,46,val,1
LED-000199,STL-000199-0,1,one_to_one,0,0,0.0,0.0,1.0,0,1.0,1.0,1.0,1.0,1,1.0,1,1,1.0,0.296334,0,0,0,53,58,109,val,1
LED-000202,STL-000202-0,1,one_to_one,0,0,268.29,0.017438,0.982562,0,0.83871,0.753561,0.83871,1.0,0,0.874475,1,1,1.0,0.579359,0,0,0,10,9,17,train,1
LED-000203,STL-000203-0,1,one_to_one,0,0,0.0,0.0,1.0,0,1.0,1.0,1.0,1.0,1,1.0,0,1,0.461538,0.579359,0,0,0,26,45,69,test,1
LED-000203,STL-000404-1,1,one_to_one,0,0,220.53,0.002561,1.002561,7,0.186047,0.477513,0.232558,0.232558,0,0.076697,0,0,0.230769,0.127515,0,0,0,26,46,70,test,0
LED-000204,STL-000335-0,1,one_to_one,0,0,657.62,0.002701,1.002701,0,0.153846,0.0,0.153846,0.153846,0,0.0,0,0,0.230769,0.045361,0,0,0,50,22,70,train,0
LED-000204,STL-000204-0,1,one_to_one,0,0,1.51,6e-06,0.999994,1,1.0,1.0,1.0,1.0,1,1.0,1,1,1.0,0.099015,0,0,0,50,12,60,train,1
LED-000204,STL-000139-0,1,one_to_one,0,0,9136.89,0.037523,0.962477,3,0.153846,0.498413,0.230769,0.230769,0,0.0,0,0,0.230769,-0.041996,0,0,0,50,53,101,train,0
LED-000205,STL-000052-0,1,one_to_one,0,0,2948.06,0.037034,1.037034,0,0.3,0.456383,0.3,0.3,0,-0.188608,0,0,0.230769,0.758098,0,0,0,35,54,87,train,0
LED-000205,STL-000205-0,1,one_to_one,0,0,0.0,0.0,1.0,1,0.962963,0.992593,0.962963,0.962963,0,0.913043,1,1,1.0,0.871813,0,0,0,35,30,63,train,1
LED-000206,STL-000206-0,1,one_to_one,0,0,54.21,0.005626,0.994374,1,0.4,0.85,0.4,1.0,0,0.453743,0,0,0.0,0.10728,0,1,0,98,137,233,train,1
LED-000207,STL-000207-0,1,one_to_one,0,0,20.45,0.000139,0.999861,0,1.0,1.0,1.0,1.0,1,1.0,0,1,0.461538,0.870988,0,0,0,22,53,73,train,1
LED-000207,STL-000424-0,1,one_to_one,0,0,1237.92,0.008438,0.991562,1,0.26087,0.485897,0.26087,0.26087,0,0.095346,0,0,0.230769,0.040522,0,0,0,22,41,61,train,0
LED-000207,STL-000416-1,1,one_to_one,0,0,11.34,7.7e-05,1.000077,3,0.222222,0.483333,0.111111,0.111111,0,0.129099,0,0,0.0,0.081044,0,1,0,22,29,49,train,0
LED-000207,STL-000347-0,1,one_to_one,0,0,5472.21,0.037298,1.037298,4,0.222222,0.466667,0.222222,0.222222,0,0.0,0,0,0.230769,0.09848,0,0,0,22,15,35,train,0
LED-000207,STL-000158-0,1,one_to_one,0,0,3659.99,0.024946,0.975054,7,0.133333,0.433333,0.133333,0.133333,0,0.0,0,0,0.0,0.095539,0,1,0,22,12,32,train,0
LED-000208,STL-000208-0,1,one_to_one,0,0,19.06,9.6e-05,0.999904,1,0.608696,0.8875,0.608696,1.0,0,0.597614,1,1,1.0,0.175682,0,0,0,20,23,41,test,1
LED-000209,STL-000209-0,1,one_to_one,0,0,12.12,6.7e-05,0.999933,0,1.0,1.0,1.0,1.0,1,1.0,1,1,1.0,0.204124,0,0,0,11,57,66,train,1
LED-000211,STL-000211-0,1,one_to_one,0,0,0.0,0.0,1.0,2,0.774194,0.926316,0.774194,0.8,0,0.766965,1,1,1.0,0.550973,0,0,0,52,76,126,test,1
LED-000213,STL-000213-0,1,one_to_one,0,0,0.0,0.0,1.0,1,1.0,1.0,1.0,1.0,1,1.0,1,1,1.0,0.888336,0,0,0,34,9,41,train,1
LED-000214,STL-000127-0,1,one_to_one,0,0,433.18,0.00728,1.00728,0,0.307692,0.502266,0.269231,0.186047,0,0.071474,0,0,0.230769,0.774917,0,0,0,83,70,151,train,0
LED-000214,STL-000214-0,1,one_to_one,0,0,0.0,0.0,1.0,1,1.0,1.0,1.0,1.0,1,1.0,1,1,1.0,0.338667,0,0,0,83,87,168,train,1
LED-000214,STL-000521-0,1,one_to_one,0,0,1400.21,0.023532,1.023532,1,0.4,0.570324,0.4,0.380952,0,0.0,0,0,0.230769,0.169334,0,0,0,83,93,174,train,0
LED-000215,STL-000215-0,1,one_to_one,0,0,0.0,0.0,1.0,0,1.0,1.0,1.0,1.0,1,1.0,1,1,1.0,0.920358,0,0,0,42,24,64,train,1
LED-000215,STL-000567-0,1,one_to_one,0,0,11225.59,0.045956,0.954044,0,0.352941,0.592157,0.352941,0.32,0,0.0,0,0,0.0,0.037268,0,1,0,42,25,65,train,0
LED-000216,STL-000365-0,1,one_to_one,0,0,1371.05,0.011784,1.011784,0,1.0,1.0,1.0,1.0,1,1.0,0,0,0.230769,0.499169,0,0,0,21,57,76,train,0
LED-000216,STL-000397-0,1,one_to_one,0,0,3657.51,0.031437,0.968563,4,0.166667,0.467787,0.166667,0.166667,0,0.0,0,0,0.230769,0.0,0,0,0,21,12,31,train,0
LED-000217,STL-000217-0,1,one_to_one,0,0,0.0,0.0,1.0,0,0.285714,0.572222,0.357143,0.545455,0,0.096225,1,1,1.0,0.290659,0,0,0,17,6,21,val,1
LED-000218,STL-000218-0,1,one_to_one,0,0,0.0,0.0,1.0,0,1.0,1.0,1.0,1.0,1,1.0,0,0,0.0,0.159232,0,1,0,33,70,101,val,1
LED-000219,STL-000219-0,1,one_to_one,0,0,0.0,0.0,1.0,0,1.0,1.0,1.0,1.0,1,1.0,1,1,1.0,0.189934,0,0,0,32,47,77,train,1
LED-000220,STL-000220-0,1,one_to_one,0,0,0.0,0.0,1.0,5,1.0,1.0,1.0,1.0,1,1.0,1,1,1.0,0.342415,0,0,0,32,29,59,train,1
LED-000221,STL-000106-0,1,one_to_one,0,0,268.14,0.007429,0.992571,0,0.363636,0.580891,0.409091,0.409091,0,0.048507,0,0,0.384615,0.25,0,0,0,10,27,35,train,0
LED-000221,STL-000221-0,1,one_to_one,0,0,16.13,0.000447,0.999553,1,1.0,1.0,1.0,1.0,1,1.0,1,1,1.0,0.381356,0,0,0,10,25,33,train,1
LED-000221,STL-000080-0,1,one_to_one,0,0,494.21,0.013693,0.986307,7,0.25,0.410476,0.25,0.25,0,0.0,0,0,0.230769,0.166667,0,0,0,10,10,18,train,0
LED-000224,STL-000224-0,1,one_to_one,0,0,3805.33,0.018184,0.981816,0,1.0,1.0,1.0,1.0,1,1.0,1,1,1.0,0.579359,0,0,0,6,14,18,train,1
LED-000225,STL-000215-0,1,one_to_one,0,0,4131.85,0.017206,1.017206,0,0.4,0.570324,0.4,0.380952,0,0.0,0,0,0.230769,0.061604,0,0,0,42,24,64,train,0
LED-000225,STL-000567-0,1,one_to_one,0,0,7093.74,0.029541,0.970459,0,0.333333,0.629462,0.4,0.4,0,0.0,0,0,0.0,0.044901,0,1,0,42,25,65,train,0
LED-000227,STL-000364-0,1,one_to_one,0,0,39.53,0.000222,1.000222,7,0.125,0.470085,0.125,0.0,0,0.0,0,0,0.230769,0.036811,0,0,0,19,66,83,val,0
LED-000228,STL-000228-0,1,one_to_one,0,0,0.48,3e-06,0.999997,0,1.0,1.0,1.0,1.0,1,1.0,1,1,1.0,0.545705,0,0,0,13,21,32,train,1
LED-000228,STL-000259-0,1,one_to_one,0,0,3708.46,0.026408,0.973592,2,0.222222,0.440476,0.222222,0.222222,0,0.0,0,0,0.230769,0.771517,0,0,0,13,17,28,train,0
LED-000229,STL-000229-0,1,one_to_one,0,0,0.0,0.0,1.0,0,1.0,1.0,1.0,1.0,1,1.0,1,1,1.0,0.188562,0,0,0,86,40,124,train,1
LED-000229,STL-000168-0,1,one_to_one,0,0,3285.45,0.017165,0.982835,2,0.181818,0.47,0.242424,0.242424,0,0.0,0,0,0.0,0.213201,0,1,0,86,90,174,train,0
LED-000229,STL-000342-0,1,one_to_one,0,0,1923.78,0.010051,0.989949,2,0.380952,0.603205,0.380952,0.380952,0,0.0,0,0,0.230769,0.707107,0,0,0,86,81,165,train,0
LED-000231,STL-000231-0,1,one_to_one,0,0,9.5,0.000129,0.999871,0,0.764706,0.92381,0.764706,0.764706,0,0.760886,1,1,1.0,0.410305,0,0,0,22,10,30,train,1
LED-000231,STL-000426-0,1,one_to_one,0,0,3108.53,0.042263,0.957737,5,0.285714,0.535256,0.285714,0.285714,0,0.0,0,0,0.230769,0.781736,0,0,0,22,47,67,train,0
LED-000231,STL-000510-0,1,one_to_one,0,0,1985.66,0.026997,0.973003,5,0.358974,0.516026,0.358974,0.358974,0,-0.059131,0,0,0.230769,0.227921,0,0,0,22,44,64,train,0
LED-000232,STL-000232-0,1,one_to_one,0,0,0.09,1e-06,1.000001,0,1.0,1.0,1.0,1.0,1,1.0,0,0,0.0,0.219971,0,1,0,41,43,82,train,1
LED-000232,STL-000236-0,1,one_to_one,0,0,2962.22,0.031847,1.031847,2,0.133333,0.425926,0.133333,0.133333,0,0.0,0,0,0.230769,0.769897,0,0,0,41,45,84,train,0
LED-000232,STL-000075-0,1,one_to_one,0,0,2304.1,0.024771,1.024771,3,1.0,1.0,1.0,1.0,1,1.0,0,0,0.230769,0.092406,0,0,0,41,37,76,train,0
LED-000235,STL-000235-0,1,one_to_one,0,0,0.0,0.0,1.0,0,1.0,1.0,1.0,1.0,1,1.0,1,1,1.0,0.137649,0,0,0,5,30,33,train,1
LED-000236,STL-000236-0,1,one_to_one,0,0,3.01,3.1e-05,0.999969,1,1.0,1.0,1.0,1.0,1,1.0,1,1,1.0,0.159394,0,0,0,29,45,72,train,1
LED-000236,STL-000075-0,1,one_to_one,0,0,661.13,0.006888,0.993112,2,0.133333,0.425926,0.133333,0.133333,0,0.0,0,0,0.230769,0.857075,0,0,0,29,37,64,train,0
LED-000237,STL-000237-0,1,one_to_one,0,0,437.69,0.010586,0.989414,1,0.5,0.632967,0.4,0.4,0,0.149071,1,1,1.0,0.848528,0,0,0,17,40,55,val,1
LED-000238,STL-000238-0,1,one_to_one,0,0,0.0,0.0,1.0,2,1.0,1.0,1.0,1.0,1,1.0,1,1,1.0,0.147242,0,0,0,12,21,31,test,1
LED-000239,STL-000239-0,1,one_to_one,0,0,0.0,0.0,1.0,2,1.0,1.0,1.0,1.0,1,1.0,0,0,0.0,0.178174,0,1,0,59,44,101,train,1
LED-000242,STL-000242-0,1,one_to_one,0,0,0.0,0.0,1.0,0,0.941176,0.988235,0.941176,1.0,0,0.842701,1,1,1.0,0.2179,0,0,0,21,32,51,val,1
LED-000242,STL-000511-0,1,one_to_one,0,0,4374.68,0.048527,1.048527,5,0.322581,0.542017,0.322581,0.272727,0,0.0,0,0,0.230769,0.035944,0,0,0,21,50,69,val,0
LED-000243,STL-000243-0,1,one_to_one,0,0,0.0,0.0,1.0,2,1.0,1.0,1.0,1.0,1,1.0,0,0,0.0,0.308607,0,1,0,6,8,12,test,1
LED-000245,STL-000245-0,1,one_to_one,0,0,0.25,1e-06,1.000001,0,0.941176,0.977778,0.470588,0.470588,0,0.617213,0,0,0.0,0.102899,0,1,0,30,10,38,train,1
LED-000246,STL-000092-0,1,one_to_one,0,0,571.28,0.023857,0.976143,3,0.228571,0.488095,0.171429,0.171429,0,-0.08165,0,0,0.230769,0.115728,0,0,0,83,39,120,train,0
LED-000247,STL-000247-0,1,one_to_one,0,0,0.0,0.0,1.0,0,0.83871,0.753561,0.83871,1.0,0,0.874475,1,1,1.0,0.361449,0,0,0,15,52,65,val,1
LED-000248,STL-000248-0,1,one_to_one,0,0,1291.01,0.011542,0.988458,0,0.4,0.85,0.4,1.0,0,0.453743,1,1,1.0,0.861858,0,0,0,52,48,98,train,1
LED-000249,STL-000070-0,1,one_to_one,0,0,49.98,0.00021,1.00021,0,1.0,1.0,1.0,1.0,1,1.0,0,0,0.230769,0.157135,0,0,0,30,19,47,val,0
LED-000249,STL-000249-0,1,one_to_one,0,0,2683.93,0.011296,0.988704,2,1.0,1.0,1.0,1.0,1,1.0,1,1,1.0,0.861858,0,0,0,30,17,45,val,1
LED-000249,STL-000518-0,1,one_to_one,0,0,8405.14,0.035376,0.964624,4,0.421053,0.572108,0.368421,0.368421,0,0.062622,0,0,0.230769,0.041996,0,0,0,30,17,45,val,0
LED-000250,STL-000250-0,1,one_to_one,0,0,0.13,1e-06,1.000001,2,1.0,1.0,1.0,1.0,1,1.0,1,1,1.0,0.20261,0,0,0,14,12,24,val,1
LED-000251,STL-000251-0,1,one_to_one,0,0,0.23,1e-06,1.000001,0,0.875,0.955556,0.875,0.875,0,0.676123,1,1,1.0,0.383065,0,0,0,22,20,40,train,1
LED-000252,STL-000252-0,1,one_to_one,0,0,0.0,0.0,1.0,0,1.0,1.0,1.0,1.0,1,1.0,1,1,1.0,0.130931,0,0,0,14,29,41,train,1
LED-000253,STL-000253-0,1,one_to_one,0,0,1469.65,0.009694,0.990306,0,0.857143,0.77381,0.857143,1.0,0,0.876501,1,1,1.0,0.313545,0,0,0,17,22,37,train,1
LED-000254,STL-000254-0,1,one_to_one,0,0,1107.87,0.014804,0.985196,0,1.0,1.0,1.0,1.0,1,1.0,1,1,1.0,0.538138,0,0,0,14,32,44,test,1
LED-000255,STL-000352-0,1,one_to_one,0,0,2486.12,0.019724,1.019724,1,0.428571,0.573138,0.285714,0.285714,0,0.0,0,0,0.230769,0.184812,0,0,0,43,64,105,train,0
LED-000256,STL-000256-0,1,one_to_one,0,0,149.25,0.005579,0.994421,0,1.0,1.0,1.0,1.0,1,1.0,1,1,1.0,0.861858,0,0,0,27,23,48,test,1
LED-000258,STL-000258-0,1,one_to_one,0,0,0.0,0.0,1.0,1,1.0,1.0,1.0,1.0,1,1.0,1,1,1.0,0.879883,0,0,0,53,26,77,val,1
LED-000259,STL-000259-0,1,one_to_one,0,0,0.19,1e-06,0.999999,0,0.258065,0.82963,0.258065,1.0,0,0.294884,1,1,1.0,0.195965,0,0,0,5,17,20,train,1
LED-000260,STL-000260-0,1,one_to_one,0,0,0.0,0.0,1.0,0,0.714286,0.911111,0.714286,1.0,0,0.745356,0,0,0.0,0.471405,0,1,0,5,7,10,val,1
LED-000261,STL-000261-0,1,one_to_one,0,0,0.0,0.0,1.0,0,1.0,1.0,1.0,1.0,1,1.0,0,1,0.461538,0.880716,0,0,0,23,28,49,train,1
LED-000261,STL-000549-0,1,one_to_one,0,0,7891.92,0.040257,1.040257,1,0.133333,0.422619,0.133333,0.133333,0,0.0,0,0,0.307692,0.314309,0,0,0,23,21,42,train,0
LED-000262,STL-000262-0,1,one_to_one,0,0,21.12,8.9e-05,0.999911,0,1.0,1.0,1.0,1.0,1,1.0,0,1,0.461538,0.102418,0,0,0,10,13,21,train,1
LED-000262,STL-000398-0,1,one_to_one,0,0,6616.35,0.027848,1.027848,1,0.380952,0.603205,0.380952,0.380952,0,0.0,0,0,0.230769,0.035806,0,0,0,10,9,17,train,0
LED-000262,STL-000599-0,1,one_to_one,0,0,5298.69,0.022302,0.977698,6,0.125,0.470085,0.125,0.0,0,0.0,0,0,0.0,0.851314,0,1,0,10,10,18,train,0
LED-000263,STL-000263-0,1,one_to_one,0,0,0.0,0.0,1.0,0,0.428571,0.854545,0.428571,1.0,0,0.447214,0,1,0.461538,0.246416,0,0,0,25,59,82,train,1
LED-000263,STL-000138-0,1,one_to_one,0,0,1386.26,0.014526,1.014526,3,0.315789,0.495726,0.315789,0.315789,0,0.0,0,0,0.230769,0.127,0,0,0,25,37,60,train,0
LED-000265,STL-000265-0,1,one_to_one,0,0,3033.59,0.018761,0.981239,0,1.0,1.0,1.0,1.0,1,1.0,0,1,0.461538,0.296334,0,0,0,25,46,69,train,1
LED-000265,STL-000595-0,1,one_to_one,0,0,2969.34,0.018364,0.981636,1,0.142857,0.357143,0.142857,0.142857,0,0.0,0,0,0.307692,0.211667,0,0,0,25,45,68,train,0
LED-000266,STL-000266-0,1,one_to_one,0,0,0.36,2e-06,1.000002,0,1.0,1.0,1.0,1.0,1,1.0,1,1,1.0,0.172133,0,0,0,28,6,32,train,1
LED-000266,STL-000587-0,1,one_to_one,0,0,3725.17,0.023635,1.023635,3,0.352941,0.480392,0.352941,0.32,0,0.099381,0,0,0.230769,0.186339,0,0,0,28,51,77,train,0
LED-000267,STL-000267-0,1,one_to_one,0,0,0.0,0.0,1.0,2,1.0,1.0,1.0,1.0,1,1.0,1,1,1.0,0.14304,0,0,0,21,14,33,val,1
LED-000268,STL-000268-0,1,one_to_one,0,0,0.28,1e-06,1.000001,0,1.0,1.0,1.0,1.0,1,1.0,0,1,0.461538,0.20016,0,0,0,6,7,11,train,1
LED-000268,STL-000129-0,1,one_to_one,0,0,5863.86,0.024499,0.975501,7,0.444444,0.603938,0.444444,0.444444,0,0.0,0,0,0.0,0.470871,0,1,0,6,14,18,train,0
LED-000269,STL-000269-0,1,one_to_one,0,0,0.0,0.0,1.0,0,0.5,0.866667,0.5,1.0,0,0.522233,1,1,1.0,0.267261,0,0,0,18,24,40,val,1
LED-000270,STL-000270-0,1,one_to_one,0,0,0.0,0.0,1.0,0,1.0,1.0,1.0,1.0,1,1.0,0,0,0.0,0.141421,0,1,0,13,16,27,val,1
LED-000271,STL-000271-0,1,one_to_one,0,0,536.9,0.014045,0.985955,0,1.0,1.0,1.0,1.0,1,1.0,1,1,1.0,0.195965,0,0,0,34,60,92,test,1
LED-000272,STL-000272-0,1,one_to_one,0,0,1348.84,0.011649,0.988351,1,1.0,1.0,1.0,1.0,1,1.0,0,0,0.0,0.29794,0,1,0,6,23,27,val,1
LED-000273,STL-000273-0,1,one_to_one,0,0,0.0,0.0,1.0,0,1.0,1.0,1.0,1.0,1,1.0,1,1,1.0,0.583383,0,0,0,23,17,38,train,1
LED-000274,STL-000274-0,1,one_to_one,0,0,2150.44,0.009649,0.990351,1,1.0,1.0,1.0,1.0,1,1.0,1,1,1.0,0.199778,0,0,0,36,39,73,train,1
LED-000275,STL-000275-0,1,one_to_one,0,0,2503.88,0.022429,0.977571,0,1.0,1.0,1.0,1.0,1,1.0,1,1,1.0,0.525105,0,0,0,18,14,30,train,1
LED-000275,STL-BATCH-000291-000337,1,one_to_one,0,0,1563.59,0.014006,1.014006,7,0.222222,0.378431,0.296296,0.296296,0,0.0,0,0,0.0,0.342415,0,1,0,18,16,32,train,0
LED-000276,STL-000276-0,1,one_to_one,0,0,0.0,0.0,1.0,1,0.962963,0.985714,0.888889,0.888889,0,0.7698,1,1,1.0,0.143777,0,0,0,20,21,39,val,1
LED-000276,STL-000143-0,1,one_to_one,0,0,3024.83,0.02335,1.02335,7,0.307692,0.617949,0.358974,0.358974,0,0.062994,0,0,0.230769,0.093386,0,0,0,20,21,39,val,0
LED-000278,STL-000278-0,1,one_to_one,0,0,0.0,0.0,1.0,0,1.0,1.0,1.0,1.0,1,1.0,1,1,1.0,0.879883,0,0,0,32,34,64,train,1
LED-000279,STL-000279-0,1,one_to_one,0,0,0.0,0.0,1.0,0,0.4,0.85,0.4,1.0,0,0.453743,1,1,1.0,0.171499,0,0,0,18,27,43,train,1
LED-000279,STL-000015-0,1,one_to_one,0,0,3337.52,0.019765,0.980235,2,0.344828,0.598906,0.344828,0.344828,0,-0.115045,0,0,0.230769,0.235339,0,0,0,18,31,47,train,0
LED-000280,STL-000280-0,1,one_to_one,0,0,0.0,0.0,1.0,0,1.0,1.0,1.0,1.0,1,1.0,1,1,1.0,0.367423,0,0,0,14,14,26,train,1
LED-000280,STL-000170-0,1,one_to_one,0,0,1453.09,0.011244,0.988756,4,0.181818,0.417379,0.272727,0.272727,0,0.100504,0,0,0.384615,0.178885,0,0,0,14,20,32,train,0
LED-000281,STL-000281-0,1,one_to_one,0,0,1250.08,0.008319,0.991681,0,1.0,1.0,1.0,1.0,1,1.0,1,1,1.0,0.13202,0,0,0,17,17,32,train,1
LED-000282,STL-000282-0,1,one_to_one,0,0,0.0,0.0,1.0,0,0.285714,0.572222,0.357143,0.545455,0,0.096225,0,1,0.461538,0.227921,0,0,0,18,23,39,val,1
LED-000283,STL-000283-0,1,one_to_one,0,0,0.0,0.0,1.0,0,1.0,1.0,1.0,1.0,1,1.0,1,1,1.0,0.392837,0,0,0,13,1,12,train,1
LED-000283,STL-000357-0,1,one_to_one,0,0,3970.43,0.029434,1.029434,5,0.235294,0.519841,0.176471,0.176471,0,-0.182574,0,0,0.230769,0.196419,0,0,0,13,35,46,train,0
LED-000284,STL-000284-0,1,one_to_one,0,0,0.0,0.0,1.0,0,0.258065,0.82963,0.258065,1.0,0,0.294884,1,1,1.0,0.308021,0,0,0,50,65,113,train,1
LED-000284,STL-000545-0,1,one_to_one,0,0,241.05,0.009813,1.009813,0,0.391304,0.648343,0.347826,0.347826,0,0.050572,0,0,0.230769,0.211667,0,0,0,50,67,115,train,0
LED-000285,STL-000285-0,1,one_to_one,0,0,0.16,2e-06,0.999998,0,1.0,1.0,1.0,1.0,1,1.0,1,1,1.0,0.192879,0,0,0,17,14,29,test,1
LED-000286,STL-000286-0,1,one_to_one,0,0,0.0,0.0,1.0,0,1.0,1.0,1.0,1.0,1,1.0,1,1,1.0,0.212814,0,0,0,24,26,48,test,1
LED-000287,STL-000287-0,1,one_to_one,0,0,0.0,0.0,1.0,0,1.0,1.0,1.0,1.0,1,1.0,0,1,0.461538,0.425628,0,0,0,29,31,58,val,1
LED-000288,STL-000288-0,1,one_to_one,0,0,1338.83,0.020321,0.979679,0,1.0,1.0,1.0,1.0,1,1.0,0,1,0.461538,0.900563,0,0,0,24,39,61,val,1
LED-000289,STL-000289-0,1,one_to_one,0,0,731.31,0.014468,0.985532,0,1.0,1.0,1.0,1.0,1,1.0,0,1,0.461538,0.174574,0,0,0,41,85,124,train,1
LED-000290,STL-000039-0,1,one_to_one,0,0,740.17,0.003797,1.003797,0,0.363636,0.594883,0.363636,0.363636,0,0.0,0,0,0.230769,0.467707,0,0,0,22,10,30,train,0
LED-000292,STL-000292-0,1,one_to_one,0,0,0.0,0.0,1.0,0,0.258065,0.82963,0.258065,1.0,0,0.282843,1,1,1.0,0.879883,0,0,0,62,63,123,train,1
LED-000292,STL-000041-0,1,one_to_one,0,0,1568.57,0.025038,0.974962,5,0.190476,0.436275,0.190476,0.190476,0,0.0,0,0,0.230769,0.769897,0,0,0,62,15,75,train,0
LED-000294,STL-000112-0,1,one_to_one,0,0,2195.68,0.027945,1.027945,2,0.238095,0.425926,0.238095,0.238095,0,0.0,0,0,0.230769,0.191079,0,0,0,22,36,56,train,0
LED-000296,STL-000296-0,1,one_to_one,0,0,0.0,0.0,1.0,0,0.83871,0.753561,0.83871,1.0,0,0.874475,0,0,0.0,0.181444,0,1,0,34,21,53,train,1
LED-000296,STL-000040-0,1,one_to_one,0,0,1705.21,0.037199,0.962801,3,0.242424,0.491758,0.30303,0.30303,0,0.087706,0,0,0.230769,0.0,0,0,0,34,18,50,train,0
LED-000297,STL-000297-0,1,one_to_one,0,0,0.27,2e-06,1.000002,0,1.0,1.0,1.0,1.0,1,1.0,1,1,1.0,0.277219,0,0,0,25,37,60,val,1
LED-000298,STL-000298-0,1,one_to_one,0,0,5.7,4.6e-05,0.999954,0,0.631579,0.574786,0.631579,1.0,0,0.603023,1,1,1.0,0.588348,0,0,0,22,27,47,train,1
LED-000298,STL-000577-0,1,one_to_one,0,0,5118.75,0.041026,0.958974,2,0.235294,0.442308,0.235294,0.235294,0,0.0,0,0,0.0,0.360288,0,1,0,22,25,45,train,0
LED-000299,STL-000299-0,1,one_to_one,0,0,13.07,0.000266,0.999734,0,1.0,1.0,1.0,1.0,1,1.0,1,1,1.0,0.381,0,0,0,38,41,77,val,1
LED-000300,STL-000300-0,1,one_to_one,0,0,0.0,0.0,1.0,0,0.692308,0.905882,0.692308,1.0,0,0.68313,0,0,0.0,0.255377,0,1,0,97,43,138,train,1
LED-000300,STL-000562-0,1,one_to_one,0,0,1247.49,0.007224,1.007224,6,0.0,0.0,0.0,0.0,0,0.0,0,0,0.230769,0.049147,0,0,0,97,43,138,train,0
LED-000301,STL-000301-0,1,one_to_one,0,0,738.22,0.014806,0.985194,0,1.0,1.0,1.0,1.0,1,1.0,0,0,0.0,0.19803,0,1,0,45,60,103,train,1
LED-000302,STL-000302-0,1,one_to_one,0,0,4149.08,0.019113,0.980887,0,1.0,1.0,1.0,1.0,1,1.0,0,0,0.0,0.879883,0,1,0,16,9,23,train,1
LED-000302,STL-000184-0,1,one_to_one,0,0,5088.64,0.023441,0.976559,5,0.275862,0.527485,0.275862,0.275862,0,0.0,0,0,0.307692,0.296334,0,0,0,16,17,31,train,0
LED-000303,STL-000303-0,1,one_to_one,0,0,0.0,0.0,1.0,0,1.0,1.0,1.0,1.0,1,1.0,1,1,1.0,0.395132,0,0,0,55,64,117,test,1
LED-000307,STL-000307-0,1,one_to_one,0,0,0.0,0.0,1.0,0,1.0,1.0,1.0,1.0,1,1.0,1,1,1.0,0.897085,0,0,0,8,23,29,train,1
LED-000307,STL-000516-0,1,one_to_one,0,0,1668.5,0.021649,0.978351,3,0.272727,0.592157,0.272727,0.272727,0,0.0,0,0,0.230769,0.239046,0,0,0,8,27,33,train,0
LED-000307,STL-000516-1,1,one_to_one,0,0,385.39,0.005,0.995,4,0.272727,0.592157,0.272727,0.272727,0,0.0,0,0,0.0,0.239046,0,1,0,8,11,17,train,0
LED-000308,STL-000528-0,1,one_to_one,0,0,8715.37,0.043681,0.956319,0,0.25,0.455238,0.25,0.25,0,0.0,0,0,0.0,0.764866,0,1,0,20,22,40,train,0
LED-000308,STL-000308-0,1,one_to_one,0,0,0.0,0.0,1.0,0,1.0,1.0,1.0,1.0,1,1.0,0,1,0.461538,0.240192,0,0,0,20,34,52,train,1
LED-000308,STL-000425-0,1,one_to_one,0,0,8313.7,0.041668,0.958332,1,0.2,0.479853,0.1,0.1,0,0.0,0,0,0.230769,0.770329,0,0,0,20,32,50,train,0
LED-000309,STL-000309-0,1,one_to_one,0,0,0.41,3e-06,0.999997,2,0.434783,0.855556,0.434783,1.0,0,0.46291,1,1,1.0,0.268462,0,0,0,7,15,20,val,1
LED-000310,STL-000310-0,1,one_to_one,0,0,19.4,0.000158,0.999842,1,1.0,1.0,1.0,1.0,1,1.0,1,1,1.0,0.177667,0,0,0,10,26,34,train,1
LED-000310,STL-000544-0,1,one_to_one,0,0,3097.85,0.02517,1.02517,1,0.216216,0.511376,0.27027,0.27027,0,0.0,0,0,0.0,0.205153,0,1,0,10,24,32,train,0
LED-000312,STL-000312-0,1,one_to_one,0,0,0.0,0.0,1.0,0,1.0,1.0,1.0,1.0,1,1.0,0,0,0.0,0.174574,0,1,0,14,8,20,train,1
LED-000313,STL-000313-0,1,one_to_one,0,0,0.0,0.0,1.0,0,0.5,0.625584,0.416667,0.461538,0,-0.172133,1,1,1.0,0.172133,0,0,0,33,15,46,train,1
LED-000314,STL-000314-0,1,one_to_one,0,0,0.0,0.0,1.0,0,1.0,1.0,1.0,1.0,1,1.0,1,1,1.0,0.1557,0,0,0,29,25,52,train,1
LED-000314,STL-000085-0,1,one_to_one,0,0,2137.74,0.026317,1.026317,2,0.333333,0.561905,0.333333,0.333333,0,0.0,0,0,0.230769,0.223607,0,0,0,29,17,44,train,0
LED-000315,STL-000315-0,1,one_to_one,0,0,0.0,0.0,1.0,1,1.0,1.0,1.0,1.0,1,1.0,1,1,1.0,0.195965,0,0,0,5,7,10,val,1
LED-000316,STL-000316-0,1,one_to_one,0,0,11.41,6.2e-05,0.999938,0,1.0,1.0,1.0,1.0,1,1.0,1,1,1.0,0.205152,0,0,0,11,21,30,train,1
LED-000318,STL-000318-0,1,one_to_one,0,0,4255.15,0.019863,0.980137,0,1.0,1.0,1.0,1.0,1,1.0,1,1,1.0,0.174574,0,0,0,10,11,19,val,1
LED-000319,STL-000319-0,1,one_to_one,0,0,1142.31,0.008728,0.991272,0,0.692308,0.905882,0.692308,0.692308,0,0.68313,1,1,1.0,0.163299,0,0,0,23,82,103,val,1
LED-000321,STL-000321-0,1,one_to_one,0,0,2980.21,0.014471,0.985529,0,1.0,1.0,1.0,1.0,1,1.0,0,1,0.461538,0.914991,0,0,0,13,9,20,val,1
LED-000322,STL-000322-0,1,one_to_one,0,0,0.4,3e-06,1.000003,0,0.631579,0.574786,0.631579,1.0,0,0.603023,1,1,1.0,0.326599,0,0,0,26,23,47,train,1
LED-000322,STL-000121-0,1,one_to_one,0,0,6516.94,0.046659,0.953341,2,0.363636,0.505128,0.363636,0.363636,0,-0.142134,0,0,0.230769,0.068599,0,0,0,26,34,58,train,0
LED-000323,STL-000323-0,1,one_to_one,0,0,0.0,0.0,1.0,0,1.0,1.0,1.0,1.0,1,1.0,1,1,1.0,0.149696,0,0,0,51,59,108,train,1
LED-000323,STL-BATCH-000523-000530,1,one_to_one,0,0,12084.92,0.048415,0.951585,7,0.354839,0.591042,0.354839,0.354839,0,-0.033634,0,0,0.0,-0.033278,0,1,0,51,19,68,train,0
LED-000324,STL-000324-0,1,one_to_one,0,0,0.0,0.0,1.0,0,0.961538,0.992308,0.961538,0.961538,0,0.840673,0,0,0.0,0.28691,0,1,0,14,4,16,train,1
LED-000324,STL-000504-0,1,one_to_one,0,0,8279.01,0.035755,0.964245,1,0.242424,0.491758,0.242424,0.242424,0,0.087706,0,0,0.307692,0.036811,0,0,0,14,7,19,train,0
LED-000325,STL-000325-0,1,one_to_one,0,0,0.0,0.0,1.0,0,1.0,1.0,1.0,1.0,1,1.0,1,1,1.0,0.866025,0,0,0,61,56,115,train,1
LED-000326,STL-000326-0,1,one_to_one,0,0,0.06,3e-06,0.999997,1,0.3,0.752941,0.3,0.222222,0,0.0,1,1,1.0,0.566947,0,0,0,14,25,37,val,1
LED-000327,STL-000327-0,1,one_to_one,0,0,0.0,0.0,1.0,0,0.258065,0.82963,0.258065,1.0,0,0.294884,1,1,1.0,0.205153,0,0,0,80,53,131,val,1
LED-000327,STL-000026-0,1,one_to_one,0,0,4328.57,0.045335,0.954665,3,0.2,0.41358,0.2,0.2,0,0.208514,0,0,0.307692,0.142134,0,0,0,80,122,200,val,0
LED-000327,STL-000046-0,1,one_to_one,0,0,4008.94,0.041988,1.041988,6,0.176471,0.0,0.176471,0.176471,0,-0.09325,0,0,0.0,0.07785,0,1,0,80,55,133,val,0
LED-000328,STL-000328-0,1,one_to_one,0,0,0.4,2.9e-05,0.999971,0,1.0,1.0,1.0,1.0,1,1.0,0,1,0.461538,0.251976,0,0,0,18,8,24,train,1
LED-000329,STL-000329-0,1,one_to_one,0,0,0.23,3e-06,1.000003,0,1.0,1.0,1.0,1.0,1,1.0,1,1,1.0,0.219971,0,0,0,15,25,38,train,1
LED-000330,STL-000330-0,1,one_to_one,0,0,933.2,0.009434,0.990566,0,1.0,1.0,1.0,1.0,1,1.0,0,1,0.461538,0.425628,0,0,0,26,31,55,train,1
LED-000330,STL-000236-0,1,one_to_one,0,0,2943.32,0.029754,0.970246,5,0.133333,0.431481,0.222222,0.222222,0,0.0,0,0,0.230769,0.29794,0,0,0,26,45,69,train,0
LED-000330,STL-000075-0,1,one_to_one,0,0,3601.44,0.036407,0.963593,6,0.190476,0.416667,0.142857,0.142857,0,0.0,0,0,0.230769,0.0,0,0,0,26,37,61,train,0
LED-000331,STL-000331-0,1,one_to_one,0,0,1608.43,0.020034,0.979966,2,1.0,1.0,1.0,1.0,1,1.0,1,1,1.0,0.55301,0,0,0,24,29,51,test,1
LED-000332,STL-000332-0,1,one_to_one,0,0,0.0,0.0,1.0,0,0.727273,0.9,0.727273,0.727273,0,0.316228,1,1,1.0,0.219971,0,0,0,91,131,220,test,1
LED-000335,STL-000335-0,1,one_to_one,0,0,0.0,0.0,1.0,0,1.0,1.0,1.0,1.0,1,1.0,1,1,1.0,0.143777,0,0,0,54,22,74,train,1
LED-000335,STL-000204-0,1,one_to_one,0,0,659.13,0.0027,0.9973,1,0.153846,0.0,0.153846,0.153846,0,0.0,0,0,0.230769,0.836905,0,0,0,54,12,64,train,0
LED-000335,STL-000139-0,1,one_to_one,0,0,9794.51,0.040116,0.959884,3,0.275862,0.56746,0.275862,0.275862,0,0.0,0,0,0.230769,0.465891,0,0,0,54,53,105,train,0
LED-000336,STL-000316-0,1,one_to_one,0,0,2810.2,0.015098,0.984902,1,0.333333,0.513529,0.333333,0.333333,0,-0.05164,0,0,0.230769,0.779383,0,0,0,9,21,28,train,0
LED-000336,STL-BATCH-000406-000441,1,one_to_one,0,0,7594.49,0.040801,1.040801,2,0.615385,0.684444,0.615385,0.648649,0,0.500435,0,0,0.0,0.132733,0,1,0,9,21,28,train,0
LED-000338,STL-000338-0,1,one_to_one,0,0,2365.31,0.021048,0.978952,0,1.0,1.0,1.0,1.0,1,1.0,1,1,1.0,0.136083,0,0,0,66,37,101,test,1
LED-000339,STL-000339-0,1,one_to_one,0,0,0.0,0.0,1.0,0,1.0,1.0,1.0,1.0,1,1.0,1,1,1.0,0.179721,0,0,0,52,7,57,train,1
LED-000340,STL-000340-0,1,one_to_one,0,0,341.23,0.008952,0.991048,1,0.64,0.894118,0.64,0.64,0,0.316228,0,1,0.461538,0.262613,0,0,0,23,22,43,test,1
LED-000341,STL-000341-0,1,one_to_one,0,0,0.0,0.0,1.0,0,0.888889,0.96,0.888889,0.888889,0,0.782624,1,1,1.0,0.244949,0,0,0,11,22,31,train,1
LED-000342,STL-000168-0,1,one_to_one,0,0,1362.15,0.007189,0.992811,0,0.315789,0.520128,0.315789,0.315789,0,0.0,0,0,0.0,0.11134,0,1,0,91,90,179,train,0
LED-000342,STL-000342-0,1,one_to_one,0,0,0.48,3e-06,0.999997,0,1.0,1.0,1.0,1.0,1,1.0,1,1,1.0,0.205153,0,0,0,91,81,170,train,1
LED-000344,STL-000344-0,1,one_to_one,0,0,0.0,0.0,1.0,0,0.214286,0.736,0.214286,0.214286,0,0.0,0,1,0.461538,0.283654,0,0,0,22,14,34,test,1
LED-000344,STL-000107-0,1,one_to_one,0,0,2545.67,0.01825,1.01825,5,0.2,0.492063,0.2,0.2,0,0.0,0,0,0.230769,0.262613,0,0,0,22,9,29,test,0
LED-000346,STL-000346-0,1,one_to_one,0,0,3005.76,0.013622,0.986378,0,1.0,1.0,1.0,1.0,1,1.0,0,0,0.0,0.110432,0,1,0,25,15,38,train,1
LED-000346,STL-000581-0,1,one_to_one,0,0,9040.11,0.040969,1.040969,1,0.307692,0.523077,0.461538,0.461538,0,-0.201008,0,0,0.230769,0.423338,0,0,0,25,13,36,train,0
LED-000346,STL-000188-0,1,one_to_one,0,0,10506.48,0.047615,1.047615,7,0.117647,0.442308,0.117647,0.117647,0,0.235702,0,0,0.230769,0.511199,0,0,0,25,51,74,train,0
LED-000347,STL-000347-0,1,one_to_one,0,0,889.81,0.005813,0.994187,0,1.0,1.0,1.0,1.0,1,1.0,1,1,1.0,0.110581,0,0,0,38,15,51,train,1
LED-000347,STL-000414-0,1,one_to_one,0,0,1638.44,0.010703,1.010703,1,0.142857,0.430556,0.285714,0.285714,0,0.0,0,0,0.230769,0.222277,0,0,0,38,12,48,train,0
LED-000348,STL-000348-0,1,one_to_one,0,0,0.0,0.0,1.0,0,1.0,1.0,1.0,1.0,1,1.0,0,1,0.461538,0.353553,0,0,0,13,17,28,train,1
LED-000349,STL-000349-0,1,one_to_one,0,0,7.16,6.3e-05,0.999937,0,0.4,0.85,0.4,1.0,0,0.453743,0,0,0.0,0.181444,0,1,0,48,52,98,train,1
LED-000349,STL-000495-0,1,one_to_one,0,0,5625.27,0.049555,1.049555,4,0.26087,0.549074,0.304348,0.304348,0,-0.108465,0,0,0.384615,0.287213,0,0,0,48,50,96,train,0
LED-000351,STL-000351-0,1,one_to_one,0,0,0.0,0.0,1.0,1,1.0,1.0,1.0,1.0,1,1.0,1,1,1.0,0.158362,0,0,0,24,28,50,train,1
LED-000352,STL-000352-0,1,one_to_one,0,0,2698.96,0.020566,0.979434,0,0.636364,0.893333,0.636364,1.0,0,0.57735,1,1,1.0,0.14304,0,0,0,22,64,84,train,1
LED-000353,STL-000353-0,1,one_to_one,0,0,0.0,0.0,1.0,0,1.0,1.0,1.0,1.0,1,1.0,1,1,1.0,0.258199,0,0,0,28,45,71,train,1
LED-000354,STL-000248-0,1,one_to_one,0,0,5742.72,0.049378,0.950622,0,0.4,0.613339,0.363636,0.363636,0,0.166378,0,0,0.230769,0.169334,0,0,0,55,48,101,train,0
LED-000355,STL-000355-0,1,one_to_one,0,0,0.47,6e-06,1.000006,0,0.5,0.625584,0.416667,0.461538,0,-0.172133,1,1,1.0,0.285774,0,0,0,25,6,29,test,1
LED-000356,STL-000356-0,1,one_to_one,0,0,0.0,0.0,1.0,0,0.83871,0.753561,0.83871,1.0,0,0.874475,1,1,1.0,0.910642,0,0,0,31,9,38,val,1
LED-000356,STL-000090-0,1,one_to_one,0,0,2005.66,0.010061,0.989939,0,0.360656,0.696667,0.360656,0.360656,0,0.0,0,0,0.230769,0.830291,0,0,0,31,13,42,val,0
LED-000357,STL-000357-0,1,one_to_one,0,0,0.0,0.0,1.0,1,1.0,1.0,1.0,1.0,1,1.0,0,1,0.461538,0.871813,0,0,0,15,35,48,train,1
LED-000357,STL-000173-0,1,one_to_one,0,0,3294.32,0.023724,0.976276,6,0.2,0.492063,0.2,0.2,0,0.0,0,0,0.230769,0.175075,0,0,0,15,27,40,train,0
LED-000357,STL-000433-0,1,one_to_one,0,0,1047.5,0.007544,0.992456,7,0.222222,0.5,0.222222,0.285714,0,0.0,0,0,0.230769,0.095539,0,0,0,15,27,40,train,0
LED-000358,STL-000358-0,1,one_to_one,0,0,0.0,0.0,1.0,0,1.0,1.0,1.0,1.0,1,1.0,1,1,1.0,0.326599,0,0,0,30,71,99,train,1
LED-000358,STL-000354-0,1,one_to_one,0,0,1319.58,0.028096,0.971904,1,0.363636,0.580891,0.409091,0.409091,0,0.048507,0,0,0.230769,0.174574,0,0,0,30,51,79,train,0
LED-000359,STL-000359-0,1,one_to_one,0,0,339.43,0.01204,0.98796,0,0.444444,0.706349,0.444444,0.444444,0,0.458831,0,0,0.0,0.166482,0,1,0,35,38,71,test,1
LED-000359,STL-000332-0,1,one_to_one,0,0,35.1,0.001245,1.001245,4,0.2,0.472222,0.2,0.2,0,0.0,0,0,0.230769,0.063758,0,0,0,35,131,164,test,0
LED-000360,STL-000360-0,1,one_to_one,0,0,3851.58,0.018737,0.981263,0,1.0,1.0,1.0,1.0,1,1.0,1,1,1.0,0.215614,0,0,0,14,19,31,train,1
LED-000360,STL-000473-0,1,one_to_one,0,0,4829.14,0.023492,1.023492,1,0.384615,0.483224,0.384615,0.352941,0,0.0,0,0,0.230769,0.116543,0,0,0,14,23,35,train,0
LED-000360,STL-000093-0,1,one_to_one,0,0,295.07,0.001435,1.001435,2,0.171429,0.449288,0.228571,0.228571,0,0.074125,0,0,0.230769,0.123208,0,0,0,14,29,41,train,0
LED-000361,STL-000361-0,1,one_to_one,0,0,0.0,0.0,1.0,2,0.913043,0.939429,0.913043,0.913043,0,0.793884,1,1,1.0,0.261861,0,0,0,66,55,119,train,1
LED-000362,STL-000362-0,1,one_to_one,0,0,536.64,0.018667,0.981333,0,1.0,1.0,1.0,1.0,1,1.0,1,1,1.0,0.3114,0,0,0,8,10,16,train,1
LED-000363,STL-000363-0,1,one_to_one,0,0,0.0,0.0,1.0,0,0.214286,0.736,0.214286,0.214286,0,0.0,0,0,0.0,0.1788,0,1,0,20,14,32,train,1
LED-000363,STL-000252-0,1,one_to_one,0,0,1139.82,0.034911,1.034911,7,0.363636,0.575476,0.30303,0.30303,0,0.089087,0,0,0.230769,0.182006,0,0,0,20,29,47,train,0
LED-000364,STL-000364-0,1,one_to_one,0,0,0.0,0.0,1.0,0,1.0,1.0,1.0,1.0,1,1.0,1,1,1.0,0.848528,0,0,0,17,66,81,val,1
LED-000365,STL-000365-0,1,one_to_one,0,0,0.11,1e-06,0.999999,0,1.0,1.0,1.0,1.0,1,1.0,1,1,1.0,0.156772,0,0,0,20,57,75,train,1
LED-000365,STL-000397-0,1,one_to_one,0,0,5028.67,0.042719,0.957281,4,0.166667,0.467787,0.166667,0.166667,0,0.0,0,0,0.230769,0.127,0,0,0,20,12,30,train,0
LED-000366,STL-000028-0,1,one_to_one,0,0,4999.98,0.041757,1.041757,0,0.296296,0.518926,0.296296,0.296296,0,0.0,0,0,0.0,0.0343,0,1,0,24,10,32,train,0
LED-000366,STL-000366-0,1,one_to_one,0,0,0.0,0.0,1.0,2,1.0,1.0,1.0,1.0,1,1.0,0,0,0.0,0.367423,0,1,0,24,8,30,train,1
LED-000367,STL-000367-0,1,one_to_one,0,0,0.0,0.0,1.0,0,1.0,1.0,1.0,1.0,1,1.0,1,1,1.0,0.842927,0,0,0,4,10,12,train,1
LED-000368,STL-000368-0,1,one_to_one,0,0,0.37,2e-06,1.000002,1,1.0,1.0,1.0,1.0,1,1.0,1,1,1.0,0.181444,0,0,0,40,40,78,val,1
LED-000368,STL-000230-0,1,one_to_one,0,0,7819.83,0.042297,0.957703,1,0.0,0.0,0.0,0.0,0,0.0,0,0,0.307692,0.274986,0,0,0,40,34,72,val,0
LED-000369,STL-000369-0,1,one_to_one,0,0,1075.79,0.013127,0.986873,0,1.0,1.0,1.0,1.0,1,1.0,1,1,1.0,0.361449,0,0,0,25,23,46,train,1
LED-000371,STL-000371-0,1,one_to_one,0,0,5252.56,0.024784,0.975216,1,0.837209,0.777037,0.837209,1.0,0,0.848528,1,1,1.0,0.816497,0,0,0,36,20,54,val,1
LED-000371,STL-000005-0,1,one_to_one,0,0,7178.31,0.033871,1.033871,6,0.666667,0.70216,0.666667,0.8,0,0.589768,0,0,0.230769,0.0,0,0,0,36,15,49,val,0
LED-000372,STL-000372-0,1,one_to_one,0,0,0.0,0.0,1.0,1,1.0,1.0,1.0,1.0,1,1.0,1,1,1.0,0.848528,0,0,0,24,21,43,test,1
LED-000373,STL-000373-0,1,one_to_one,0,0,0.08,4e-06,1.000004,1,1.0,1.0,1.0,1.0,1,1.0,0,1,0.461538,0.219971,0,0,0,22,30,50,train,1
LED-000374,STL-000374-0,1,one_to_one,0,0,0.0,0.0,1.0,0,1.0,1.0,1.0,1.0,1,1.0,1,1,1.0,0.118771,0,0,0,20,11,29,val,1
LED-000375,STL-000375-0,1,one_to_one,0,0,0.0,0.0,1.0,0,0.913043,0.939429,0.913043,0.913043,0,0.793884,1,1,1.0,0.226805,0,0,0,16,31,45,val,1
LED-000376,STL-000376-0,1,one_to_one,0,0,0.0,0.0,1.0,0,0.4,0.85,0.4,1.0,0,0.453743,1,1,1.0,0.191273,0,0,0,40,43,81,train,1
LED-000378,STL-000378-0,1,one_to_one,0,0,0.0,0.0,1.0,0,1.0,1.0,1.0,1.0,1,1.0,1,1,1.0,0.906238,0,0,0,15,49,62,val,1
LED-000379,STL-000379-0,1,one_to_one,0,0,0.0,0.0,1.0,0,0.809524,0.936,0.809524,1.0,0,0.826236,1,1,1.0,0.211667,0,0,0,37,17,52,train,1
LED-000380,STL-000380-0,1,one_to_one,0,0,3770.71,0.019575,0.980425,0,0.636364,0.893333,0.636364,1.0,0,0.620174,1,1,1.0,0.253546,0,0,0,6,18,22,train,1
LED-000380,STL-000574-0,1,one_to_one,0,0,9514.21,0.049392,1.049392,2,0.636364,0.893333,0.636364,1.0,0,0.620174,0,0,0.230769,0.486153,0,0,0,6,18,22,train,0
LED-000381,STL-000381-0,1,one_to_one,0,0,0.35,6e-06,1.000006,1,1.0,1.0,1.0,1.0,1,1.0,1,1,1.0,0.174574,0,0,0,43,36,77,train,1
LED-000382,STL-000382-0,1,one_to_one,0,0,0.0,0.0,1.0,0,1.0,1.0,1.0,1.0,1,1.0,1,1,1.0,0.183309,0,0,0,29,6,33,test,1
LED-000383,STL-000383-0,1,one_to_one,0,0,0.0,0.0,1.0,0,1.0,1.0,1.0,1.0,1,1.0,0,1,0.461538,0.174608,0,0,0,27,39,64,train,1
LED-000383,STL-000352-0,1,one_to_one,0,0,1526.19,0.011734,0.988266,5,0.214286,0.509402,0.214286,0.214286,0,0.0,0,0,0.230769,0.830291,0,0,0,27,64,89,train,0
LED-000385,STL-000385-0,1,one_to_one,0,0,0.0,0.0,1.0,2,1.0,1.0,1.0,1.0,1,1.0,0,0,0.0,0.824786,0,1,0,12,15,25,test,1
LED-000386,STL-000386-0,1,one_to_one,0,0,277.3,0.006827,0.993173,0,0.941176,0.988235,0.941176,0.941176,0,0.733333,0,1,0.461538,0.285774,0,0,0,53,122,173,train,1
LED-000387,STL-000387-0,1,one_to_one,0,0,0.0,0.0,1.0,1,0.4,0.85,0.4,1.0,0,0.453743,1,1,1.0,0.347183,0,0,0,17,6,21,train,1
LED-000388,STL-000388-0,1,one_to_one,0,0,0.0,0.0,1.0,0,1.0,1.0,1.0,1.0,1,1.0,1,1,1.0,0.352738,0,0,0,36,54,88,train,1
LED-000388,STL-BATCH-000086-000570,1,one_to_one,0,0,3632.02,0.015572,1.015572,0,0.382979,0.58796,0.382979,0.382979,0,0.044281,0,0,0.0,0.02739,0,1,0,36,59,93,train,0
LED-000388,STL-000062-0,1,one_to_one,0,0,7916.18,0.033941,0.966059,3,0.296296,0.496053,0.222222,0.222222,0,0.0,0,0,0.230769,0.769897,0,0,0,36,28,62,train,0
LED-000389,STL-000069-0,1,one_to_one,0,0,3351.41,0.034839,0.965161,4,0.5,0.640265,0.388889,0.388889,0,0.0,0,0,0.230769,0.037743,0,0,0,42,35,75,train,0
LED-000390,STL-000390-0,1,one_to_one,0,0,0.0,0.0,1.0,0,1.0,1.0,1.0,1.0,1,1.0,1,1,1.0,0.091766,0,0,0,28,64,90,train,1
LED-000391,STL-000391-0,1,one_to_one,0,0,0.0,0.0,1.0,0,1.0,1.0,1.0,1.0,1,1.0,1,1,1.0,0.218844,0,0,0,36,38,72,train,1
LED-000392,STL-000392-0,1,one_to_one,0,0,0.0,0.0,1.0,0,1.0,1.0,1.0,1.0,1,1.0,1,1,1.0,0.274352,0,0,0,19,39,56,test,1
LED-000392,STL-000105-0,1,one_to_one,0,0,3455.02,0.040874,1.040874,1,0.380952,0.604777,0.333333,0.333333,0,0.056344,0,0,0.0,0.296334,0,1,0,19,38,55,test,0
LED-000393,STL-000393-0,1,one_to_one,0,0,0.0,0.0,1.0,0,1.0,1.0,1.0,1.0,1,1.0,1,1,1.0,0.254,0,0,0,8,7,13,train,1
LED-000394,STL-000394-0,1,one_to_one,0,0,1616.97,0.008092,0.991908,0,1.0,1.0,1.0,1.0,1,1.0,0,1,0.461538,0.142857,0,0,0,29,15,42,train,1
LED-000394,STL-000034-0,1,one_to_one,0,0,173.13,0.000866,1.000866,1,0.592593,0.677839,0.555556,0.631579,0,0.50128,0,0,0.230769,0.222718,0,0,0,29,13,40,train,0
LED-000394,STL-000574-0,1,one_to_one,0,0,2316.67,0.011594,1.011594,6,0.285714,0.497619,0.228571,0.228571,0,0.08165,0,0,0.230769,0.037424,0,0,0,29,18,45,train,0
LED-000394,STL-000224-0,1,one_to_one,0,0,5639.36,0.028222,1.028222,7,0.341463,0.523097,0.341463,0.341463,0,0.060858,0,0,0.307692,0.095238,0,0,0,29,14,41,train,0
LED-000395,STL-000395-0,1,one_to_one,0,0,0.0,0.0,1.0,0,1.0,1.0,1.0,1.0,1,1.0,1,1,1.0,0.910642,0,0,0,95,143,236,val,1
LED-000396,STL-000396-0,1,one_to_one,0,0,21.03,0.005186,0.994814,0,0.764706,0.92381,0.764706,1.0,0,0.760886,1,1,1.0,0.848528,0,0,0,9,55,62,train,1
LED-000397,STL-000397-0,1,one_to_one,0,0,0.0,0.0,1.0,0,0.933333,0.970833,0.533333,0.533333,0,0.547723,0,1,0.461538,0.188562,0,0,0,10,12,20,train,1
LED-000398,STL-000262-0,1,one_to_one,0,0,6637.95,0.027182,0.972818,0,0.3,0.54304,0.3,0.3,0,0.0,0,0,0.230769,0.080582,0,0,0,9,13,20,train,0
LED-000398,STL-000398-0,1,one_to_one,0,0,0.48,2e-06,0.999998,1,0.933333,0.970833,0.533333,0.533333,0,0.547723,1,1,1.0,0.253546,0,0,0,9,9,16,train,1
LED-000398,STL-000599-0,1,one_to_one,0,0,11915.52,0.048794,0.951206,6,0.0,0.0,0.0,0.0,0,0.0,0,0,0.0,0.486153,0,1,0,9,10,17,train,0
LED-000399,STL-000300-0,1,one_to_one,0,0,5097.07,0.030415,1.030415,4,0.4,0.592425,0.266667,0.266667,0,0.07785,0,0,0.0,0.1066,0,1,0,54,43,95,train,0
LED-000400,STL-000400-0,1,one_to_one,0,0,3096.44,0.024041,0.975959,2,1.0,1.0,1.0,1.0,1,1.0,0,1,0.461538,0.861858,0,0,0,24,39,61,test,1
LED-000400,STL-000405-0,1,one_to_one,0,0,4901.72,0.038057,0.961943,3,0.45283,0.631683,0.415094,0.415094,0,0.0,0,0,0.230769,0.235702,0,0,0,24,23,45,test,0
LED-000403,STL-000403-0,1,one_to_one,0,0,894.5,0.006186,0.993814,0,1.0,1.0,1.0,1.0,1,1.0,1,1,1.0,0.246416,0,0,0,26,10,34,train,1
LED-000403,STL-000322-0,1,one_to_one,0,0,4921.13,0.034034,0.965966,1,0.631579,0.574786,0.631579,1.0,0,0.603023,0,0,0.230769,0.769897,0,0,0,26,23,47,train,0
LED-000405,STL-000405-0,1,one_to_one,0,0,0.0,0.0,1.0,0,1.0,1.0,1.0,1.0,1,1.0,0,1,0.461538,0.408248,0,0,0,27,23,48,test,1
LED-000407,STL-000407-0,1,one_to_one,0,0,0.0,0.0,1.0,1,1.0,1.0,1.0,1.0,1,1.0,0,0,0.0,0.218844,0,1,0,26,19,43,test,1
LED-000408,STL-000408-0,1,one_to_one,0,0,0.0,0.0,1.0,0,0.913043,0.939429,0.913043,0.913043,0,0.793884,0,0,0.0,0.223607,0,1,0,27,23,48,val,1
LED-000410,STL-000410-0,1,one_to_one,0,0,0.0,0.0,1.0,0,1.0,1.0,1.0,1.0,1,1.0,1,1,1.0,0.338667,0,0,0,24,26,48,train,1
LED-000410,STL-000209-0,1,one_to_one,0,0,4736.44,0.026684,1.026684,6,0.367347,0.626327,0.326531,0.326531,0,0.0,0,0,0.230769,0.09525,0,0,0,24,57,79,train,0
LED-000411,STL-000151-0,1,one_to_one,0,0,1172.64,0.016242,1.016242,1,0.363636,0.577778,0.363636,0.363636,0,0.0,0,0,0.0,0.260897,0,1,0,51,71,120,train,0
LED-000411,STL-000411-0,1,one_to_one,0,0,0.41,6e-06,0.999994,2,0.631579,0.574786,0.631579,1.0,0,0.603023,1,1,1.0,0.352454,0,0,0,51,29,78,train,1
LED-000412,STL-000412-0,1,one_to_one,0,0,0.49,4e-06,1.000004,0,1.0,1.0,1.0,1.0,1,1.0,1,1,1.0,0.174574,0,0,0,20,29,47,train,1
LED-000413,STL-000413-0,1,one_to_one,0,0,5045.72,0.02397,0.97603,1,1.0,1.0,1.0,1.0,1,1.0,1,1,1.0,0.879883,0,0,0,44,45,87,train,1
LED-000414,STL-000414-0,1,one_to_one,0,0,0.0,0.0,1.0,0,0.631579,0.574786,0.631579,1.0,0,0.603023,1,1,1.0,0.222681,0,0,0,28,12,38,train,1
LED-000415,STL-000415-0,1,one_to_one,0,0,0.07,2e-06,1.000002,0,1.0,1.0,1.0,1.0,1,1.0,0,0,0.0,0.205798,0,1,0,43,49,90,test,1
LED-000415,STL-000144-0,1,one_to_one,0,0,276.68,0.005983,1.005983,7,0.190476,0.47619,0.190476,0.190476,0,0.0,0,0,0.0,0.285774,0,1,0,43,70,111,test,0
LED-000416,STL-000113-0,1,one_to_one,0,0,3446.86,0.014859,1.014859,0,0.190476,0.436275,0.190476,0.190476,0,0.0,0,0,0.230769,0.046225,0,0,0,20,27,45,train,0
LED-000416,STL-000313-0,1,one_to_one,0,0,2099.73,0.009052,1.009052,1,0.166667,0.423903,0.166667,0.181818,0,0.0,0,0,0.230769,0.131559,0,0,0,20,15,33,train,0
LED-000417,STL-000417-0,1,one_to_one,0,0,0.0,0.0,1.0,1,1.0,1.0,1.0,1.0,1,1.0,0,0,0.0,0.270031,0,1,0,31,61,90,val,1
LED-000419,STL-000419-0,1,one_to_one,0,0,1254.28,0.012608,0.987392,0,0.636364,0.893333,0.636364,1.0,0,0.68313,1,1,1.0,0.251976,0,0,0,21,7,26,train,1
LED-000419,STL-000047-0,1,one_to_one,0,0,4292.54,0.04315,0.95685,4,0.190476,0.47619,0.190476,0.190476,0,0.0,0,0,0.230769,0.032075,0,0,0,21,55,74,train,0
LED-000420,STL-000420-0,1,one_to_one,0,0,0.0,0.0,1.0,0,1.0,1.0,1.0,1.0,1,1.0,0,0,0.0,0.143777,0,1,0,13,11,22,train,1
LED-000420,STL-000213-0,1,one_to_one,0,0,6021.6,0.033051,0.966949,5,0.186047,0.477513,0.232558,0.232558,0,0.076697,0,0,0.230769,0.186772,0,0,0,13,9,20,train,0
LED-000421,STL-000421-0,1,one_to_one,0,0,0.0,0.0,1.0,0,1.0,1.0,1.0,1.0,1,1.0,1,1,1.0,0.215166,0,0,0,26,26,50,train,1
LED-000422,STL-000422-0,1,one_to_one,0,0,0.0,0.0,1.0,0,0.68,0.90303,0.68,1.0,0,0.741941,1,1,1.0,0.848528,0,0,0,14,2,14,train,1
LED-000422,STL-000458-0,1,one_to_one,0,0,8.01,0.000142,0.999858,5,0.272727,0.519535,0.272727,0.272727,0,-0.107676,0,0,0.230769,0.04714,0,0,0,14,20,32,train,0
LED-000423,STL-000540-0,1,one_to_one,0,0,3697.96,0.029982,0.970018,0,0.333333,0.518908,0.333333,0.333333,0,-0.11547,0,0,0.0,0.157135,0,1,0,27,57,82,train,0
LED-000424,STL-000424-0,1,one_to_one,0,0,0.0,0.0,1.0,0,1.0,1.0,1.0,1.0,1,1.0,1,1,1.0,0.162088,0,0,0,18,41,57,train,1
LED-000424,STL-000416-1,1,one_to_one,0,0,1249.26,0.008587,1.008587,2,0.380952,0.435897,0.380952,0.380952,0,0.123091,0,0,0.0,0.040522,0,1,0,18,29,45,train,0
LED-000424,STL-000347-0,1,one_to_one,0,0,6710.13,0.046125,1.046125,3,0.285714,0.535256,0.285714,0.285714,0,0.0,0,0,0.307692,0.131306,0,0,0,18,15,31,train,0
LED-000424,STL-000158-0,1,one_to_one,0,0,2422.07,0.016649,0.983351,6,0.222222,0.351282,0.222222,0.222222,0,0.0,0,0,0.0,0.063693,0,1,0,18,12,28,train,0
LED-000425,STL-000425-0,1,one_to_one,0,0,0.16,1e-06,1.000001,0,1.0,1.0,1.0,1.0,1,1.0,1,1,1.0,0.303895,0,0,0,10,32,40,train,1
LED-000426,STL-000426-0,1,one_to_one,0,0,18.81,0.000267,0.999733,1,1.0,1.0,1.0,1.0,1,1.0,1,1,1.0,0.298142,0,0,0,17,47,62,train,1
LED-000426,STL-000510-0,1,one_to_one,0,0,1104.06,0.015669,1.015669,1,0.294118,0.604701,0.352941,0.352941,0,0.0,0,0,0.230769,0.756978,0,0,0,17,44,59,train,0
LED-000427,STL-000427-0,1,one_to_one,0,0,0.0,0.0,1.0,1,0.941176,0.977778,0.470588,0.470588,0,0.617213,1,1,1.0,0.879883,0,0,0,40,41,79,train,1
LED-000427,STL-000060-0,1,one_to_one,0,0,4138.29,0.03963,1.03963,6,0.125,0.417989,0.25,0.25,0,0.0,0,0,0.230769,0.200805,0,0,0,40,53,91,train,0
LED-000428,STL-000428-0,1,one_to_one,0,0,2.12,1.1e-05,0.999989,0,0.181818,0.608187,0.272727,0.272727,0,0.0,1,1,1.0,0.15401,0,0,0,71,29,98,test,1
LED-000429,STL-000429-0,1,one_to_one,0,0,0.0,0.0,1.0,0,0.857143,0.966667,0.857143,0.857143,0,0.2,0,0,0.0,0.328244,0,1,0,37,73,108,val,1
LED-000430,STL-000430-0,1,one_to_one,0,0,0.0,0.0,1.0,0,0.764706,0.92381,0.764706,1.0,0,0.727607,0,0,0.0,0.186772,0,1,0,10,9,17,train,1
LED-000430,STL-000594-0,1,one_to_one,0,0,1344.81,0.029034,0.970966,1,0.380952,0.602564,0.380952,0.380952,0,0.0,0,0,0.230769,0.097538,0,0,0,10,18,26,train,0
LED-000431,STL-000431-0,1,one_to_one,0,0,1322.18,0.006928,0.993072,0,1.0,1.0,1.0,1.0,1,1.0,0,1,0.461538,0.208979,0,0,0,6,20,24,train,1
LED-000432,STL-000432-0,1,one_to_one,0,0,0.0,0.0,1.0,0,1.0,1.0,1.0,1.0,1,1.0,0,1,0.461538,0.089087,0,0,0,34,53,85,test,1
LED-000432,STL-000338-0,1,one_to_one,0,0,9.1,8.3e-05,1.000083,6,0.210526,0.495726,0.210526,0.210526,0,0.150756,0,0,0.230769,0.133631,0,0,0,34,37,69,test,0
LED-000433,STL-000173-0,1,one_to_one,0,0,3782.75,0.027146,0.972854,0,0.322581,0.542017,0.322581,0.272727,0,0.0,0,0,0.230769,0.073621,0,0,0,19,27,44,train,0
LED-000433,STL-000433-0,1,one_to_one,0,0,1535.93,0.011022,0.988978,1,0.3,0.752941,0.3,0.222222,0,0.0,1,1,1.0,0.910642,0,0,0,19,27,44,train,1
LED-000433,STL-000122-0,1,one_to_one,0,0,5122.85,0.036763,1.036763,3,0.272727,0.486202,0.272727,0.171429,0,0.080257,0,0,0.0,0.036811,0,1,0,19,57,74,train,0
LED-000434,STL-000434-0,1,one_to_one,0,0,0.0,0.0,1.0,1,1.0,1.0,1.0,1.0,1,1.0,1,1,1.0,0.255031,0,0,0,27,21,46,test,1
LED-000435,STL-000435-0,1,one_to_one,0,0,0.25,1e-06,1.000001,1,1.0,1.0,1.0,1.0,1,1.0,1,1,1.0,0.579359,0,0,0,17,4,19,val,1
LED-000436,STL-000436-0,1,one_to_one,0,0,0.0,0.0,1.0,0,0.387097,0.848,0.387097,1.0,0,0.4,1,1,1.0,0.40161,0,0,0,50,41,89,train,1
LED-000436,STL-000461-0,1,one_to_one,0,0,3383.08,0.037961,1.037961,5,0.2,0.493333,0.2,0.2,0,0.0,0,0,0.307692,0.235159,0,0,0,50,33,81,train,0
LED-000437,STL-000437-0,1,one_to_one,0,0,0.08,1e-06,1.000001,0,1.0,1.0,1.0,1.0,1,1.0,1,1,1.0,0.550973,0,0,0,17,17,32,train,1
LED-000437,STL-000071-1,1,one_to_one,0,0,1065.33,0.008549,0.991451,6,0.171429,0.497619,0.171429,0.171429,0,0.0,0,0,0.230769,0.080582,0,0,0,17,36,51,train,0
LED-000437,STL-000192-0,1,one_to_one,0,0,975.77,0.007831,1.007831,7,0.125,0.417989,0.25,0.25,0,0.0,0,0,0.230769,0.089087,0,0,0,17,37,52,train,0
LED-000438,STL-000438-0,1,one_to_one,0,0,9.09,7.4e-05,0.999926,1,0.4,0.85,0.4,1.0,0,0.453743,1,1,1.0,0.871978,0,0,0,9,13,20,train,1
LED-000438,STL-000464-0,1,one_to_one,0,0,2238.72,0.018255,1.018255,5,0.26087,0.549074,0.347826,0.347826,0,-0.054233,0,0,0.0,0.74407,0,1,0,9,15,22,train,0
LED-000439,STL-000439-0,1,one_to_one,0,0,525.33,0.011848,0.988152,0,1.0,1.0,1.0,1.0,1,1.0,1,1,1.0,0.196419,0,0,0,34,81,113,test,1
LED-000440,STL-000440-0,1,one_to_one,0,0,0.0,0.0,1.0,0,1.0,1.0,1.0,1.0,1,1.0,1,1,1.0,0.879883,0,0,0,25,9,32,train,1
LED-000440,STL-000028-0,1,one_to_one,0,0,5684.82,0.047749,1.047749,3,0.285714,0.549003,0.285714,0.285714,0,0.0,0,0,0.0,0.184812,0,1,0,25,10,33,train,0
LED-000440,STL-000366-0,1,one_to_one,0,0,684.84,0.005752,1.005752,5,0.4,0.635022,0.44,0.6,0,0.412514,0,0,0.0,0.073324,0,1,0,25,8,31,train,0
LED-000442,STL-000442-0,1,one_to_one,0,0,0.0,0.0,1.0,0,1.0,1.0,1.0,1.0,1,1.0,0,0,0.0,0.280224,0,1,0,18,24,40,val,1
LED-000444,STL-000444-0,1,one_to_one,0,0,0.0,0.0,1.0,0,0.631579,0.892308,0.368421,0.368421,0,0.558156,1,1,1.0,0.035944,0,0,0,8,5,11,train,1
LED-000446,STL-000446-0,1,one_to_one,0,0,0.0,0.0,1.0,2,0.875,0.975,0.875,0.875,0,0.5,1,1,1.0,0.599002,0,0,0,33,19,50,test,1
LED-000446,STL-000479-0,1,one_to_one,0,0,6331.87,0.029355,0.970645,2,0.133333,0.422619,0.133333,0.133333,0,0.0,0,0,0.230769,0.035944,0,0,0,33,18,49,test,0
LED-000447,STL-000447-0,1,one_to_one,0,0,0.03,1e-06,0.999999,0,0.666667,0.9,0.666667,1.0,0,0.654654,0,0,0.0,0.274986,0,1,0,23,10,31,train,1
LED-000447,STL-000044-0,1,one_to_one,0,0,2274.92,0.045243,0.954757,6,0.142857,0.430556,0.285714,0.285714,0,0.0,0,0,0.230769,0.725775,0,0,0,23,27,48,train,0
LED-000448,STL-000448-0,1,one_to_one,0,0,1088.33,0.006336,0.993664,1,0.809524,0.936,0.809524,1.0,0,0.774597,1,1,1.0,0.188562,0,0,0,5,14,17,train,1
LED-000450,STL-000450-0,1,one_to_one,0,0,0.0,0.0,1.0,0,0.727273,0.9,0.727273,0.727273,0,0.316228,0,1,0.461538,0.308607,0,0,0,40,49,87,val,1
LED-000450,STL-000154-0,1,one_to_one,0,0,3260.25,0.032828,0.967172,0,0.153846,0.436508,0.153846,0.153846,0,0.0,0,0,0.0,0.120873,0,1,0,40,56,94,val,0
LED-000451,STL-000451-0,1,one_to_one,0,0,1968.8,0.023887,0.976113,0,0.428571,0.854545,0.428571,1.0,0,0.447214,1,1,1.0,0.338667,0,0,0,38,39,75,train,1
LED-000452,STL-000452-0,1,one_to_one,0,0,0.0,0.0,1.0,1,0.411765,0.569048,0.411765,0.666667,0,0.31497,1,1,1.0,0.195965,0,0,0,28,39,65,val,1
LED-000455,STL-000455-0,1,one_to_one,0,0,0.0,0.0,1.0,0,1.0,1.0,1.0,1.0,1,1.0,0,0,0.0,0.143777,0,1,0,10,33,41,train,1
LED-000456,STL-000456-0,1,one_to_one,0,0,0.0,0.0,1.0,1,1.0,1.0,1.0,1.0,1,1.0,1,1,1.0,0.369274,0,0,0,13,10,21,val,1
LED-000458,STL-000458-0,1,one_to_one,0,0,0.26,5e-06,1.000005,0,1.0,1.0,1.0,1.0,1,1.0,1,1,1.0,0.848528,0,0,0,26,20,44,train,1
LED-000459,STL-000459-0,1,one_to_one,0,0,0.0,0.0,1.0,1,1.0,1.0,1.0,1.0,1,1.0,1,1,1.0,0.147242,0,0,0,37,56,91,train,1
LED-000460,STL-000460-0,1,one_to_one,0,0,0.23,2e-06,1.000002,1,0.83871,0.753561,0.83871,1.0,0,0.874475,1,1,1.0,0.274986,0,0,0,35,10,43,val,1
LED-000461,STL-000461-0,1,one_to_one,0,0,0.0,0.0,1.0,0,1.0,1.0,1.0,1.0,1,1.0,0,1,0.461538,0.195965,0,0,0,33,33,64,train,1
LED-000461,STL-000069-0,1,one_to_one,0,0,342.9,0.003707,1.003707,5,0.272727,0.592157,0.272727,0.272727,0,0.0,0,0,0.230769,0.169334,0,0,0,33,35,66,train,0
LED-000462,STL-000462-0,1,one_to_one,0,0,93.24,0.00708,0.99292,1,1.0,1.0,1.0,1.0,1,1.0,0,1,0.461538,0.517294,0,0,0,26,21,45,train,1
LED-000463,STL-000463-0,1,one_to_one,0,0,10.18,4.2e-05,0.999958,0,1.0,1.0,1.0,1.0,1,1.0,1,1,1.0,0.147242,0,0,0,46,24,68,train,1
LED-000463,STL-000466-0,1,one_to_one,0,0,5187.21,0.021433,1.021433,1,0.166667,0.280952,0.333333,0.333333,0,0.0,0,0,0.230769,0.223152,0,0,0,46,44,88,train,0
LED-000464,STL-000464-0,1,one_to_one,0,0,0.0,0.0,1.0,0,0.9,0.98,0.9,0.9,0,0.8,0,0,0.0,0.147242,0,1,0,14,15,27,train,1
LED-000465,STL-000465-0,1,one_to_one,0,0,0.0,0.0,1.0,1,1.0,1.0,1.0,1.0,1,1.0,0,0,0.0,0.159232,0,1,0,36,37,71,train,1
LED-000466,STL-000463-0,1,one_to_one,0,0,5197.26,0.021024,0.978976,0,0.166667,0.280952,0.333333,0.333333,0,0.0,0,0,0.230769,0.254,0,0,0,47,24,69,train,0
LED-000466,STL-000466-0,1,one_to_one,0,0,0.13,1e-06,1.000001,1,1.0,1.0,1.0,1.0,1,1.0,1,1,1.0,0.879883,0,0,0,47,44,89,train,1
LED-000467,STL-000467-0,1,one_to_one,0,0,0.0,0.0,1.0,0,0.962963,0.992593,0.962963,0.962963,0,0.826087,1,1,1.0,0.253546,0,0,0,19,4,21,train,1
LED-000468,STL-000054-0,1,one_to_one,0,0,9410.22,0.044967,0.955033,1,0.133333,0.0,0.133333,0.133333,0,0.0,0,0,0.0,0.131306,0,1,0,11,13,22,train,0
LED-000468,STL-000468-0,1,one_to_one,0,0,0.0,0.0,1.0,2,1.0,1.0,1.0,1.0,1,1.0,1,1,1.0,0.15162,0,0,0,11,13,22,train,1
LED-000468,STL-000482-0,1,one_to_one,0,0,10262.99,0.049042,0.950958,2,0.102564,0.359259,0.153846,0.153846,0,0.0,0,0,0.230769,0.127386,0,0,0,11,12,21,train,0
LED-000469,STL-000469-0,1,one_to_one,0,0,0.0,0.0,1.0,1,1.0,1.0,1.0,1.0,1,1.0,1,1,1.0,0.13901,0,0,0,96,125,219,train,1
LED-000470,STL-000470-0,1,one_to_one,0,0,0.36,9e-06,1.000009,0,0.375,0.769231,0.375,0.375,0,0.0,1,1,1.0,0.848528,0,0,0,16,27,41,test,1
LED-000471,STL-000471-0,1,one_to_one,0,0,0.0,0.0,1.0,0,0.526316,0.871429,0.526316,1.0,0,0.46291,1,1,1.0,0.133631,0,0,0,19,32,49,train,1
LED-000472,STL-000472-0,1,one_to_one,0,0,0.0,0.0,1.0,1,0.809524,0.936,0.809524,0.809524,0,0.732467,0,0,0.0,0.305505,0,1,0,16,17,31,train,1
LED-000473,STL-000473-0,1,one_to_one,0,0,17.81,8.5e-05,0.999915,0,1.0,1.0,1.0,1.0,1,1.0,0,1,0.461538,0.233087,0,0,0,15,23,36,train,1
LED-000473,STL-000093-0,1,one_to_one,0,0,4551.88,0.021634,0.978366,1,0.325581,0.514077,0.372093,0.352941,0,0.0,0,0,0.230769,0.15401,0,0,0,15,29,42,train,0
LED-000474,STL-000474-0,1,one_to_one,0,0,0.0,0.0,1.0,0,1.0,1.0,1.0,1.0,1,1.0,1,1,1.0,0.116248,0,0,0,10,25,33,test,1
LED-000475,STL-000475-0,1,one_to_one,0,0,0.0,0.0,1.0,2,1.0,1.0,1.0,1.0,1,1.0,1,1,1.0,0.296334,0,0,0,11,18,27,train,1
LED-000476,STL-000476-0,1,one_to_one,0,0,8.77,4.8e-05,0.999952,0,1.0,1.0,1.0,1.0,1,1.0,0,1,0.461538,0.195965,0,0,0,11,17,26,train,1
LED-000477,STL-000477-0,1,one_to_one,0,0,0.0,0.0,1.0,0,1.0,1.0,1.0,1.0,1,1.0,1,1,1.0,0.174574,0,0,0,35,9,42,train,1
LED-000477,STL-000498-0,1,one_to_one,0,0,7506.78,0.034952,1.034952,2,0.266667,0.492911,0.266667,0.285714,0,0.1283,0,0,0.0,0.204124,0,1,0,35,7,40,train,0
LED-000477,STL-000588-0,1,one_to_one,0,0,731.28,0.003405,0.996595,2,0.266667,0.492911,0.266667,0.285714,0,0.1283,0,0,0.230769,0.707107,0,0,0,35,13,46,train,0
LED-000478,STL-000478-0,1,one_to_one,0,0,0.0,0.0,1.0,0,1.0,1.0,1.0,1.0,1,1.0,0,0,0.0,0.50098,0,1,0,39,51,88,test,1
LED-000479,STL-000446-0,1,one_to_one,0,0,3521.28,0.016596,1.016596,1,0.133333,0.422619,0.133333,0.133333,0,0.0,0,0,0.230769,0.125988,0,0,0,36,19,53,test,0
LED-000479,STL-000479-0,1,one_to_one,0,0,2810.59,0.013246,0.986754,1,1.0,1.0,1.0,1.0,1,1.0,1,1,1.0,0.226805,0,0,0,36,18,52,test,1
LED-000480,STL-000480-0,1,one_to_one,0,0,2601.51,0.024638,0.975362,1,1.0,1.0,1.0,1.0,1,1.0,1,1,1.0,0.235702,0,0,0,12,19,29,test,1
LED-000481,STL-000481-0,1,one_to_one,0,0,0.0,0.0,1.0,1,0.526316,0.871429,0.526316,1.0,0,0.46291,0,0,0.0,0.855921,0,1,0,15,17,30,test,1
LED-000482,STL-000482-0,1,one_to_one,0,0,18.0,9e-05,0.99991,0,0.636364,0.893333,0.636364,1.0,0,0.68313,1,1,1.0,0.910642,0,0,0,25,12,35,train,1
LED-000483,STL-000483-0,1,one_to_one,0,0,191.45,0.016081,0.983919,3,1.0,1.0,1.0,1.0,1,1.0,1,1,1.0,0.159232,0,0,0,24,21,43,val,1
LED-000485,STL-000485-0,1,one_to_one,0,0,0.0,0.0,1.0,4,1.0,1.0,1.0,1.0,1,1.0,1,1,1.0,0.860663,0,0,0,8,7,13,test,1
LED-000486,STL-000486-0,1,one_to_one,0,0,0.0,0.0,1.0,1,1.0,1.0,1.0,1.0,1,1.0,1,1,1.0,0.177667,0,0,0,30,53,81,train,1
LED-000490,STL-000490-0,1,one_to_one,0,0,4237.36,0.020492,0.979508,0,1.0,1.0,1.0,1.0,1,1.0,1,1,1.0,0.204598,0,0,0,9,30,37,val,1
LED-000491,STL-000491-0,1,one_to_one,0,0,0.47,2e-06,0.999998,2,1.0,1.0,1.0,1.0,1,1.0,0,1,0.461538,0.326599,0,0,0,14,15,27,test,1
LED-000492,STL-000492-0,1,one_to_one,0,0,0.0,0.0,1.0,0,0.826087,0.940741,0.826087,0.826087,0,0.824621,1,1,1.0,0.174574,0,0,0,15,11,24,train,1
LED-000493,STL-000493-0,1,one_to_one,0,0,0.0,0.0,1.0,0,0.941176,0.977778,0.470588,0.470588,0,0.617213,1,1,1.0,0.1557,0,0,0,21,47,66,train,1
LED-000494,STL-000494-0,1,one_to_one,0,0,0.0,0.0,1.0,0,1.0,1.0,1.0,1.0,1,1.0,1,1,1.0,0.20016,0,0,0,17,35,50,train,1
LED-000494,STL-000027-0,1,one_to_one,0,0,1874.97,0.01115,0.98885,2,0.235294,0.402116,0.235294,0.235294,0,-0.09325,0,0,0.230769,0.727533,0,0,0,17,26,41,train,0
LED-000495,STL-000495-0,1,one_to_one,0,0,0.0,0.0,1.0,3,1.0,1.0,1.0,1.0,1,1.0,1,1,1.0,0.099889,0,0,0,20,50,68,train,1
LED-000496,STL-000496-0,1,one_to_one,0,0,2574.07,0.012497,0.987503,0,1.0,1.0,1.0,1.0,1,1.0,1,1,1.0,0.381,0,0,0,22,63,83,val,1
LED-000497,STL-000497-0,1,one_to_one,0,0,0.41,3e-06,1.000003,0,0.888889,0.97037,0.888889,0.888889,0,0.428571,1,1,1.0,0.267261,0,0,0,16,22,36,val,1
LED-000498,STL-000498-0,1,one_to_one,0,0,0.0,0.0,1.0,0,1.0,1.0,1.0,1.0,1,1.0,0,0,0.0,0.360288,0,1,0,19,7,24,train,1
LED-000498,STL-000588-0,1,one_to_one,0,0,8238.06,0.037061,0.962939,0,1.0,1.0,1.0,1.0,1,1.0,0,0,0.230769,0.046225,0,0,0,19,13,30,train,0
LED-000499,STL-000499-0,1,one_to_one,0,0,0.0,0.0,1.0,0,1.0,1.0,1.0,1.0,1,1.0,1,1,1.0,0.195965,0,0,0,55,70,123,train,1
LED-000500,STL-000323-0,1,one_to_one,0,0,10082.47,0.042093,1.042093,0,0.470588,0.640694,0.470588,0.470588,0,-0.042796,0,0,0.230769,0.06601,0,0,0,55,59,112,train,0
LED-000500,STL-BATCH-000523-000530,1,one_to_one,0,0,2002.45,0.00836,0.99164,7,0.360656,0.696667,0.360656,0.360656,0,0.0,0,0,0.0,-0.029348,0,1,0,55,19,72,train,0
LED-000503,STL-000503-0,1,one_to_one,0,0,650.73,0.015433,0.984567,1,1.0,1.0,1.0,1.0,1,1.0,1,1,1.0,0.196116,0,0,0,39,63,100,train,1
LED-000504,STL-000504-0,1,one_to_one,0,0,0.0,0.0,1.0,0,1.0,1.0,1.0,1.0,1,1.0,1,1,1.0,0.848528,0,0,0,5,7,10,train,1
LED-000504,STL-000024-0,1,one_to_one,0,0,7160.22,0.03207,0.96793,5,0.333333,0.518908,0.333333,0.333333,0,-0.11547,0,0,0.307692,0.130931,0,0,0,5,11,14,train,0
LED-000505,STL-000505-0,1,one_to_one,0,0,1132.45,0.011118,0.988882,4,0.666667,0.9,0.666667,1.0,0,0.707107,0,1,0.461538,0.328244,0,0,0,17,19,34,val,1
LED-000506,STL-000360-0,1,one_to_one,0,0,9882.79,0.046707,0.953293,4,0.125,0.417989,0.25,0.25,0,0.0,0,0,0.230769,0.851314,0,0,0,17,19,34,train,0
LED-000506,STL-000473-0,1,one_to_one,0,0,1202.07,0.005681,0.994319,5,0.166667,0.467787,0.166667,0.266667,0,-0.172133,0,0,0.230769,0.857215,0,0,0,17,23,38,train,0
LED-000506,STL-000093-0,1,one_to_one,0,0,5736.14,0.027109,0.972891,6,0.242424,0.514652,0.181818,0.181818,0,0.0,0,0,0.230769,0.851314,0,0,0,17,29,44,train,0
LED-000507,STL-000507-0,1,one_to_one,0,0,0.0,0.0,1.0,0,1.0,1.0,1.0,1.0,1,1.0,0,0,0.0,0.550973,0,1,0,18,21,37,train,1
LED-000507,STL-000348-0,1,one_to_one,0,0,117.16,0.001618,0.998382,4,0.355556,0.468799,0.355556,0.355556,0,-0.094281,0,0,0.230769,0.0,0,0,0,18,17,33,train,0
LED-000508,STL-000508-0,1,one_to_one,0,0,0.0,0.0,1.0,0,1.0,1.0,1.0,1.0,1,1.0,1,1,1.0,0.262152,0,0,0,11,21,30,train,1
LED-000508,STL-000193-0,1,one_to_one,0,0,181.18,0.001286,1.001286,1,0.325581,0.514077,0.372093,0.352941,0,0.0,0,0,0.230769,0.146647,0,0,0,11,20,29,train,0
LED-000509,STL-000509-0,1,one_to_one,0,0,0.24,4e-06,1.000004,0,1.0,1.0,1.0,1.0,1,1.0,1,1,1.0,0.223152,0,0,0,67,79,144,test,1
LED-000510,STL-000273-0,1,one_to_one,0,0,790.27,0.003531,0.996469,4,0.242424,0.514652,0.181818,0.181818,0,0.0,0,0,0.230769,0.208979,0,0,0,24,17,39,train,0
LED-000511,STL-000511-0,1,one_to_one,0,0,2255.44,0.023305,0.976695,0,1.0,1.0,1.0,1.0,1,1.0,1,1,1.0,0.306382,0,0,0,29,50,77,val,1
LED-000512,STL-000512-0,1,one_to_one,0,0,0.0,0.0,1.0,0,1.0,1.0,1.0,1.0,1,1.0,1,1,1.0,0.184812,0,0,0,22,39,59,train,1
LED-000513,STL-000513-0,1,one_to_one,0,0,1118.99,0.023042,0.976958,0,1.0,1.0,1.0,1.0,1,1.0,0,0,0.0,0.226805,0,1,0,38,52,88,train,1
LED-000513,STL-000301-0,1,one_to_one,0,0,557.96,0.011489,1.011489,3,0.592593,0.677839,0.555556,0.631579,0,0.50128,0,0,0.0,0.06601,0,1,0,38,60,96,train,0
LED-000514,STL-000514-0,1,one_to_one,0,0,0.0,0.0,1.0,1,0.8125,0.936842,0.8125,0.8125,0,0.731272,1,1,1.0,0.194625,0,0,0,76,86,160,train,1
LED-000516,STL-000323-0,1,one_to_one,0,0,5081.44,0.020781,1.020781,5,0.129032,0.460684,0.129032,0.129032,0,0.0,0,0,0.384615,0.254772,0,0,0,13,59,70,train,0
LED-000517,STL-000517-0,1,one_to_one,0,0,14.31,0.000528,0.999472,0,0.555556,0.876923,0.444444,0.444444,0,0.348155,1,1,1.0,0.879883,0,0,0,15,16,29,train,1
LED-000518,STL-000518-0,1,one_to_one,0,0,0.0,0.0,1.0,1,0.913043,0.939429,0.913043,0.913043,0,0.793884,0,1,0.461538,0.364698,0,0,0,27,17,42,val,1
LED-000520,STL-000520-0,1,one_to_one,0,0,0.0,0.0,1.0,1,1.0,1.0,1.0,1.0,1,1.0,1,1,1.0,0.20261,0,0,0,14,24,36,test,1
LED-000521,STL-000399-0,1,one_to_one,0,0,161.21,0.002647,1.002647,0,1.0,1.0,1.0,1.0,1,1.0,0,0,0.384615,0.195965,0,0,0,26,48,72,train,0
LED-000521,STL-000127-0,1,one_to_one,0,0,967.03,0.015879,0.984121,1,0.291667,0.447985,0.291667,0.291667,0,-0.167968,0,0,0.230769,0.774917,0,0,0,26,70,94,train,0
LED-000521,STL-000214-0,1,one_to_one,0,0,1400.21,0.022991,0.977009,2,0.4,0.570324,0.4,0.380952,0,0.0,0,0,0.230769,0.211667,0,0,0,26,87,111,train,0
LED-000521,STL-000521-0,1,one_to_one,0,0,0.0,0.0,1.0,2,1.0,1.0,1.0,1.0,1,1.0,1,1,1.0,0.338667,0,0,0,26,93,117,train,1
LED-000522,STL-000585-0,1,one_to_one,0,0,2216.36,0.017116,1.017116,0,0.391304,0.648343,0.347826,0.347826,0,0.050572,0,0,0.230769,0.215614,0,0,0,41,34,73,train,0
LED-000522,STL-000522-0,1,one_to_one,0,0,0.0,0.0,1.0,2,1.0,1.0,1.0,1.0,1,1.0,1,1,1.0,0.313545,0,0,0,41,35,74,train,1
LED-000522,STL-000083-0,1,one_to_one,0,0,4351.95,0.033608,0.966392,3,0.166667,0.335088,0.166667,0.166667,0,0.0,0,0,0.230769,0.254,0,0,0,41,52,91,train,0
LED-000522,STL-000383-0,1,one_to_one,0,0,567.59,0.004383,1.004383,5,0.375,0.610886,0.25,0.25,0,0.080845,0,0,0.307692,0.240966,0,0,0,41,39,78,train,0
LED-000524,STL-000524-0,1,one_to_one,0,0,0.0,0.0,1.0,0,0.434783,0.855556,0.434783,1.0,0,0.46291,1,1,1.0,0.174574,0,0,0,16,9,23,train,1
LED-000524,STL-000279-0,1,one_to_one,0,0,4495.09,0.025931,0.974069,3,0.142857,0.437037,0.142857,0.142857,0,0.0,0,0,0.230769,0.0,0,0,0,16,27,41,train,0
LED-000524,STL-000015-0,1,one_to_one,0,0,7832.61,0.045183,0.954817,5,0.148148,0.330303,0.148148,0.148148,0,0.0,0,0,0.230769,0.274563,0,0,0,16,31,45,train,0
LED-000525,STL-000525-0,1,one_to_one,0,0,0.0,0.0,1.0,0,1.0,1.0,1.0,1.0,1,1.0,0,0,0.0,0.299342,0,1,0,38,47,83,val,1
LED-000526,STL-000526-0,1,one_to_one,0,0,0.0,0.0,1.0,2,1.0,1.0,1.0,1.0,1,1.0,1,1,1.0,0.262613,0,0,0,6,11,15,val,1
LED-000527,STL-000527-0,1,one_to_one,0,0,3562.22,0.014583,0.985417,1,1.0,1.0,1.0,1.0,1,1.0,1,1,1.0,0.879883,0,0,0,6,5,9,val,1
LED-000528,STL-000528-0,1,one_to_one,0,0,0.0,0.0,1.0,2,1.0,1.0,1.0,1.0,1,1.0,0,0,0.0,0.123613,0,1,0,20,22,40,train,1
LED-000528,STL-000308-0,1,one_to_one,0,0,8715.37,0.045677,1.045677,2,0.25,0.455238,0.25,0.25,0,0.0,0,0,0.230769,0.109985,0,0,0,20,34,52,train,0
LED-000528,STL-000425-0,1,one_to_one,0,0,401.67,0.002105,1.002105,3,0.315789,0.520128,0.315789,0.315789,0,-0.065795,0,0,0.230769,0.0,0,0,0,20,32,50,train,0
LED-000531,STL-000036-0,1,one_to_one,0,0,564.09,0.008849,0.991151,1,0.285714,0.547619,0.190476,0.190476,0,0.119523,0,0,0.230769,0.142134,0,0,0,36,28,62,train,0
LED-000531,STL-000104-0,1,one_to_one,0,0,3046.04,0.047785,1.047785,1,0.294118,0.604762,0.294118,0.294118,0,0.0,0,0,0.230769,0.059708,0,0,0,36,20,54,train,0
LED-000531,STL-000116-0,1,one_to_one,0,0,2167.78,0.034008,0.965992,3,0.451613,0.555672,0.387097,0.387097,0,0.0,0,0,0.230769,0.041031,0,0,0,36,31,65,train,0
LED-000531,STL-000531-0,1,one_to_one,0,0,0.35,5e-06,1.000005,3,0.526316,0.871429,0.526316,1.0,0,0.46291,1,1,1.0,0.369274,0,0,0,36,33,67,train,1
LED-000532,STL-000532-0,1,one_to_one,0,0,0.0,0.0,1.0,2,0.387097,0.848,0.387097,1.0,0,0.4,1,1,1.0,0.163299,0,0,0,74,72,144,train,1
LED-000534,STL-000534-0,1,one_to_one,0,0,0.0,0.0,1.0,1,1.0,1.0,1.0,1.0,1,1.0,1,1,1.0,0.141421,0,0,0,46,10,54,train,1
LED-000535,STL-000535-0,1,one_to_one,0,0,0.0,0.0,1.0,0,1.0,1.0,1.0,1.0,1,1.0,1,1,1.0,0.174608,0,0,0,21,15,34,train,1
LED-000535,STL-000111-0,1,one_to_one,0,0,2149.98,0.018114,0.981886,3,0.4,0.602456,0.4,0.4,0,0.0,0,0,0.0,0.073621,0,1,0,21,7,26,train,0
LED-000536,STL-000536-0,1,one_to_one,0,0,21.88,0.002852,0.997148,0,1.0,1.0,1.0,1.0,1,1.0,1,1,1.0,0.879883,0,0,0,60,87,145,test,1
LED-000537,STL-000537-0,1,one_to_one,0,0,11.36,0.000139,0.999861,2,1.0,1.0,1.0,1.0,1,1.0,1,1,1.0,0.876501,0,0,0,14,20,32,train,1
LED-000538,STL-000538-0,1,one_to_one,0,0,0.14,9e-06,1.000009,0,0.757576,0.921951,0.757576,1.0,0,0.780869,0,1,0.461538,0.20998,0,0,0,16,20,34,train,1
LED-000539,STL-000539-0,1,one_to_one,0,0,0.01,1e-06,0.999999,0,1.0,1.0,1.0,1.0,1,1.0,0,1,0.461538,0.07152,0,0,0,19,19,36,train,1
LED-000540,STL-000540-0,1,one_to_one,0,0,0.41,3e-06,0.999997,0,1.0,1.0,1.0,1.0,1,1.0,0,0,0.0,0.888336,0,1,0,31,57,86,train,1
LED-000541,STL-000541-0,1,one_to_one,0,0,1666.23,0.024159,0.975841,0,0.941176,0.988235,0.941176,0.941176,0,0.733333,1,1,1.0,0.268687,0,0,0,22,2,22,train,1
LED-000542,STL-000542-0,1,one_to_one,0,0,0.0,0.0,1.0,0,1.0,1.0,1.0,1.0,1,1.0,1,1,1.0,0.223152,0,0,0,19,42,59,train,1
LED-000543,STL-000543-0,1,one_to_one,0,0,0.0,0.0,1.0,0,0.214286,0.736,0.214286,0.214286,0,0.0,1,1,1.0,0.172133,0,0,0,42,29,69,train,1
LED-000544,STL-000310-0,1,one_to_one,0,0,3117.25,0.024706,0.975294,0,0.216216,0.511376,0.27027,0.27027,0,0.0,0,0,0.230769,0.31427,0,0,0,11,26,35,train,0
LED-000544,STL-000544-0,1,one_to_one,0,0,0.0,0.0,1.0,0,1.0,1.0,1.0,1.0,1,1.0,0,0,0.0,0.181444,0,1,0,11,24,33,train,1
LED-000545,STL-000543-0,1,one_to_one,0,0,2725.98,0.043432,0.956568,6,0.25,0.470085,0.125,0.125,0,0.0,0,0,0.230769,0.04714,0,0,0,50,29,77,train,0
LED-000546,STL-000546-0,1,one_to_one,0,0,0.17,7e-06,1.000007,2,1.0,1.0,1.0,1.0,1,1.0,1,1,1.0,0.381,0,0,0,37,48,83,train,1
LED-000548,STL-000548-0,1,one_to_one,0,0,0.0,0.0,1.0,1,0.764706,0.92381,0.764706,1.0,0,0.64715,1,1,1.0,0.295084,0,0,0,8,26,32,train,1
LED-000549,STL-000549-0,1,one_to_one,0,0,1.56,8e-06,0.999992,0,0.941176,0.977778,0.470588,0.470588,0,0.617213,1,1,1.0,0.324967,0,0,0,12,21,31,train,1
LED-000550,STL-000550-0,1,one_to_one,0,0,0.0,0.0,1.0,1,0.923077,0.984615,0.923077,0.923077,0,0.555556,0,1,0.461538,0.3114,0,0,0,94,81,173,val,1
LED-000551,STL-000551-0,1,one_to_one,0,0,0.0,0.0,1.0,3,1.0,1.0,1.0,1.0,1,1.0,1,1,1.0,0.338667,0,0,0,12,5,15,train,1
LED-000552,STL-000552-0,1,one_to_one,0,0,0.0,0.0,1.0,0,0.962963,0.992593,0.962963,0.962963,0,0.913043,1,1,1.0,0.272475,0,0,0,24,15,37,val,1
LED-000553,STL-000553-0,1,one_to_one,0,0,0.09,1e-06,0.999999,0,1.0,1.0,1.0,1.0,1,1.0,0,0,0.0,0.075485,0,1,0,21,48,67,test,1
LED-000553,STL-000133-1,1,one_to_one,0,0,3131.96,0.033417,1.033417,0,0.631579,0.755556,0.631579,0.631579,0,0.358569,0,0,0.230769,0.823853,0,0,0,21,50,69,test,0
LED-000554,STL-000554-0,1,one_to_one,0,0,3.04,1.9e-05,0.999981,0,1.0,1.0,1.0,1.0,1,1.0,1,1,1.0,0.550973,0,0,0,40,9,47,train,1
LED-000555,STL-000555-0,1,one_to_one,0,0,0.39,3e-06,0.999997,0,1.0,1.0,1.0,1.0,1,1.0,1,1,1.0,0.313545,0,0,0,22,9,29,train,1
LED-000555,STL-000298-0,1,one_to_one,0,0,5677.77,0.043528,0.956472,7,0.258065,0.525556,0.258065,0.258065,0,0.1,0,0,0.307692,0.239474,0,0,0,22,27,47,train,0
LED-000556,STL-000055-0,1,one_to_one,0,0,2685.76,0.025184,0.974816,4,0.333333,0.30112,0.333333,0.333333,0,0.0,0,0,0.230769,0.048113,0,0,0,15,27,40,train,0
LED-000557,STL-000557-0,1,one_to_one,0,0,0.12,1e-06,1.000001,0,0.411765,0.569048,0.411765,0.666667,0,0.31497,1,1,1.0,0.287214,0,0,0,21,12,31,train,1
LED-000559,STL-000559-0,1,one_to_one,0,0,0.0,0.0,1.0,0,1.0,1.0,1.0,1.0,1,1.0,0,1,0.461538,0.162088,0,0,0,6,19,23,val,1
LED-000560,STL-000560-0,1,one_to_one,0,0,0.0,0.0,1.0,0,1.0,1.0,1.0,1.0,1,1.0,1,1,1.0,0.324176,0,0,0,19,9,26,val,1
LED-000560,STL-000070-0,1,one_to_one,0,0,1634.44,0.006831,0.993169,4,0.333333,0.535014,0.333333,0.333333,0,0.0,0,0,0.230769,0.113715,0,0,0,19,19,36,val,0
LED-000560,STL-000249-0,1,one_to_one,0,0,4368.35,0.018256,0.981744,6,0.333333,0.535014,0.333333,0.333333,0,0.0,0,0,0.230769,0.262613,0,0,0,19,17,34,val,0
LED-000562,STL-000562-0,1,one_to_one,0,0,2631.83,0.014906,0.985094,1,0.083333,0.0,0.083333,0.083333,0,0.0,1,1,1.0,0.848528,0,0,0,24,43,65,train,1
LED-000562,STL-000195-0,1,one_to_one,0,0,1394.84,0.0079,1.0079,3,0.142857,0.374074,0.357143,0.357143,0,0.0,0,0,0.230769,0.041703,0,0,0,24,20,42,train,0
LED-000563,STL-000563-0,1,one_to_one,0,0,0.0,0.0,1.0,3,1.0,1.0,1.0,1.0,1,1.0,1,1,1.0,0.268687,0,0,0,37,51,86,train,1
LED-000564,STL-000564-0,1,one_to_one,0,0,855.57,0.006516,0.993484,0,1.0,1.0,1.0,1.0,1,1.0,1,1,1.0,0.876501,0,0,0,42,25,65,train,1
LED-000564,STL-000147-0,1,one_to_one,0,0,6418.45,0.048879,0.951121,0,0.333333,0.561905,0.333333,0.333333,0,0.0,0,0,0.230769,0.186339,0,0,0,42,24,64,train,0
LED-000564,STL-000585-0,1,one_to_one,0,0,397.11,0.003024,1.003024,1,0.235294,0.402116,0.235294,0.235294,0,-0.09325,0,0,0.230769,0.438357,0,0,0,42,34,74,train,0
LED-000564,STL-000522-0,1,one_to_one,0,0,1819.25,0.013854,0.986146,3,0.230769,0.417711,0.230769,0.230769,0,0.108465,0,0,0.230769,0.717137,0,0,0,42,35,75,train,0
LED-000564,STL-000083-0,1,one_to_one,0,0,6171.2,0.046997,0.953003,4,0.333333,0.561905,0.333333,0.333333,0,0.0,0,0,0.230769,-0.043033,0,0,0,42,52,92,train,0
LED-000564,STL-000383-0,1,one_to_one,0,0,1251.66,0.009532,0.990468,6,0.1,0.313187,0.1,0.1,0,0.0,0,0,0.230769,0.122474,0,0,0,42,39,79,train,0
LED-000565,STL-000565-0,1,one_to_one,0,0,0.0,0.0,1.0,0,1.0,1.0,1.0,1.0,1,1.0,1,1,1.0,0.095238,0,0,0,27,16,41,train,1
LED-000565,STL-000394-0,1,one_to_one,0,0,4116.32,0.020345,0.979655,7,0.341463,0.5087,0.292683,0.292683,0,-0.055048,0,0,0.230769,0.0,0,0,0,27,15,40,train,0
LED-000568,STL-000568-0,1,one_to_one,0,0,0.0,0.0,1.0,0,1.0,1.0,1.0,1.0,1,1.0,0,0,0.0,0.879883,0,1,0,54,84,136,test,1
LED-000569,STL-000569-0,1,one_to_one,0,0,2.45,1.9e-05,0.999981,1,0.83871,0.753561,0.83871,1.0,0,0.874475,1,1,1.0,0.129099,0,0,0,43,33,74,val,1
LED-000571,STL-000571-0,1,one_to_one,0,0,0.0,0.0,1.0,0,0.5,0.866667,0.5,1.0,0,0.522233,0,0,0.0,0.287213,0,1,0,15,16,29,train,1
LED-000572,STL-000572-0,1,one_to_one,0,0,0.0,0.0,1.0,0,1.0,1.0,1.0,1.0,1,1.0,0,1,0.461538,0.116248,0,0,0,19,20,37,train,1
LED-000574,STL-000034-0,1,one_to_one,0,0,2143.54,0.010604,0.989396,0,0.242424,0.491758,0.242424,0.242424,0,0.087706,0,0,0.230769,0.134231,0,0,0,26,13,37,train,0
LED-000574,STL-000574-0,1,one_to_one,0,0,0.0,0.0,1.0,5,1.0,1.0,1.0,1.0,1,1.0,1,1,1.0,0.225554,0,0,0,26,18,42,train,1
LED-000574,STL-000224-0,1,one_to_one,0,0,3322.69,0.016438,1.016438,6,0.1,0.313187,0.1,0.1,0,0.0,0,0,0.230769,0.07175,0,0,0,26,14,38,train,0
LED-000575,STL-000575-0,1,one_to_one,0,0,0.0,0.0,1.0,1,0.8125,0.936842,0.8125,0.8125,0,0.731272,0,0,0.0,0.233126,0,1,0,38,38,74,train,1
LED-000575,STL-000160-0,1,one_to_one,0,0,2589.35,0.033281,0.966719,4,0.296296,0.486842,0.222222,0.222222,0,0.0,0,0,0.230769,0.170251,0,0,0,38,21,57,train,0
LED-000576,STL-000576-0,1,one_to_one,0,0,0.0,0.0,1.0,0,1.0,1.0,1.0,1.0,1,1.0,1,1,1.0,0.196419,0,0,0,23,50,71,test,1
LED-000578,STL-000578-0,1,one_to_one,0,0,0.16,1e-06,1.000001,0,1.0,1.0,1.0,1.0,1,1.0,1,1,1.0,0.261861,0,0,0,24,20,42,train,1
LED-000579,STL-000579-0,1,one_to_one,0,0,0.0,0.0,1.0,0,1.0,1.0,1.0,1.0,1,1.0,1,1,1.0,0.268687,0,0,0,17,18,33,val,1
LED-000580,STL-000580-0,1,one_to_one,0,0,0.0,0.0,1.0,2,1.0,1.0,1.0,1.0,1,1.0,1,1,1.0,0.133631,0,0,0,13,27,38,train,1
LED-000580,STL-000507-0,1,one_to_one,0,0,457.75,0.006281,0.993719,5,0.3125,0.595099,0.34375,0.34375,0,0.0,0,0,0.0,0.453743,0,1,0,13,21,32,train,0
LED-000581,STL-000581-0,1,one_to_one,0,0,1812.6,0.00783,0.99217,0,0.923077,0.982051,0.923077,0.923077,0,0.668994,1,1,1.0,0.224702,0,0,0,35,13,46,train,1
LED-000581,STL-000139-0,1,one_to_one,0,0,2854.54,0.01233,1.01233,4,0.411765,0.595849,0.411765,0.411765,0,-0.067267,0,0,0.230769,0.156772,0,0,0,35,53,86,train,0
LED-000581,STL-000188-0,1,one_to_one,0,0,346.23,0.001496,0.998504,6,0.117647,0.442308,0.117647,0.117647,0,0.0,0,0,0.230769,0.117579,0,0,0,35,51,84,train,0
LED-000582,STL-000582-0,1,one_to_one,0,0,892.02,0.011772,0.988228,0,1.0,1.0,1.0,1.0,1,1.0,1,1,1.0,0.264039,0,0,0,32,44,74,val,1
LED-000583,STL-000583-0,1,one_to_one,0,0,0.36,1.2e-05,1.000012,0,0.4,0.632775,0.333333,0.333333,0,0.0,0,0,0.0,0.219971,0,1,0,43,37,78,train,1
LED-000584,STL-000584-0,1,one_to_one,0,0,1733.17,0.023203,0.976797,1,1.0,1.0,1.0,1.0,1,1.0,1,1,1.0,0.27735,0,0,0,50,41,89,train,1
LED-000584,STL-000580-0,1,one_to_one,0,0,1819.35,0.024357,0.975643,7,0.186047,0.477513,0.232558,0.232558,0,0.076697,0,0,0.230769,0.046225,0,0,0,50,27,75,train,0
LED-000585,STL-000564-0,1,one_to_one,0,0,4358.42,0.032329,0.967671,1,0.235294,0.402116,0.235294,0.235294,0,-0.09325,0,0,0.230769,0.524143,0,0,0,30,25,53,train,0
LED-000585,STL-000585-0,1,one_to_one,0,0,3105.74,0.023037,0.976963,2,1.0,1.0,1.0,1.0,1,1.0,0,1,0.461538,0.906238,0,0,0,30,34,62,train,1
LED-000585,STL-000465-0,1,one_to_one,0,0,4170.73,0.030937,1.030937,3,0.216216,0.516049,0.216216,0.216216,0,0.065938,0,0,0.0,0.796391,0,1,0,30,37,65,train,0
LED-000585,STL-000522-0,1,one_to_one,0,0,5322.1,0.039477,0.960523,4,0.391304,0.648343,0.347826,0.347826,0,0.050572,0,0,0.230769,0.524143,0,0,0,30,35,63,train,0
LED-000585,STL-000383-0,1,one_to_one,0,0,4754.51,0.035267,0.964733,7,0.3,0.579867,0.3,0.3,0,0.13901,0,0,0.230769,0.071611,0,0,0,30,39,67,train,0
LED-000587,STL-000587-0,1,one_to_one,0,0,3505.57,0.021266,0.978734,0,1.0,1.0,1.0,1.0,1,1.0,1,1,1.0,0.308607,0,0,0,42,51,91,train,1
LED-000588,STL-000498-0,1,one_to_one,0,0,8238.06,0.038488,1.038488,0,1.0,1.0,1.0,1.0,1,1.0,0,0,0.0,0.769897,0,1,0,18,7,23,train,0
LED-000588,STL-000588-0,1,one_to_one,0,0,0.0,0.0,1.0,0,1.0,1.0,1.0,1.0,1,1.0,1,1,1.0,0.296334,0,0,0,18,13,29,train,1
LED-000589,STL-000589-0,1,one_to_one,0,0,2076.79,0.012276,0.987724,1,1.0,1.0,1.0,1.0,1,1.0,1,1,1.0,0.321029,0,0,0,40,57,95,train,1
LED-000590,STL-000590-0,1,one_to_one,0,0,1637.2,0.020674,0.979326,2,1.0,1.0,1.0,1.0,1,1.0,1,1,1.0,0.888336,0,0,0,41,51,90,test,1
LED-000591,STL-000591-0,1,one_to_one,0,0,0.0,0.0,1.0,2,1.0,1.0,1.0,1.0,1,1.0,1,1,1.0,0.191273,0,0,0,32,55,85,train,1
LED-000592,STL-000592-0,1,one_to_one,0,0,0.0,0.0,1.0,0,1.0,1.0,1.0,1.0,1,1.0,1,1,1.0,0.226805,0,0,0,38,16,52,train,1
LED-000593,STL-000593-0,1,one_to_one,0,0,0.0,0.0,1.0,0,0.888889,0.96,0.888889,0.888889,0,0.782624,0,1,0.461538,0.897085,0,0,0,46,41,85,val,1
LED-000594,STL-000594-0,1,one_to_one,0,0,925.74,0.020169,0.979831,0,0.64,0.894118,0.64,1.0,0,0.632456,1,1,1.0,0.125436,0,0,0,15,18,31,train,1
LED-000596,STL-000596-0,1,one_to_one,0,0,0.0,0.0,1.0,0,1.0,1.0,1.0,1.0,1,1.0,1,1,1.0,0.255031,0,0,0,21,15,34,train,1
LED-000596,STL-000535-0,1,one_to_one,0,0,1303.64,0.010864,0.989136,1,0.173913,0.399145,0.26087,0.26087,0,0.0,0,0,0.230769,0.069843,0,0,0,21,15,34,train,0
LED-000596,STL-000111-0,1,one_to_one,0,0,3453.62,0.028782,0.971218,4,0.222222,0.539869,0.222222,0.222222,0,0.08165,0,0,0.0,0.073621,0,1,0,21,7,26,train,0
LED-000597,STL-000597-0,1,one_to_one,0,0,0.0,0.0,1.0,0,1.0,1.0,1.0,1.0,1,1.0,1,1,1.0,0.888336,0,0,0,46,24,68,train,1
LED-000597,STL-000300-0,1,one_to_one,0,0,1615.3,0.009443,1.009443,5,0.16,0.495098,0.24,0.24,0,0.0,0,0,0.0,0.071067,0,1,0,46,43,87,train,0
LED-000598,STL-000598-0,1,one_to_one,0,0,0.14,1e-06,1.000001,0,1.0,1.0,1.0,1.0,1,1.0,0,1,0.461538,0.219971,0,0,0,42,67,107,train,1
LED-000598,STL-000263-0,1,one_to_one,0,0,2021.02,0.021635,1.021635,1,0.342857,0.523643,0.342857,0.342857,0,0.06742,0,0,0.307692,0.123208,0,0,0,42,59,99,train,0
LED-000598,STL-000138-0,1,one_to_one,0,0,3407.28,0.036475,1.036475,4,0.307692,0.523077,0.307692,0.307692,0,0.0,0,0,0.230769,0.211667,0,0,0,42,37,77,train,0
LED-000264,STL-000264-0,1,one_to_one,0,0,0.45,2e-06,1.000002,2,1.0,1.0,1.0,1.0,1,1.0,1,1,1.0,0.303239,0,0,0,28,20,46,test,1
LED-000561,STL-000561-0,1,one_to_one,0,0,0.0,0.0,1.0,1,1.0,1.0,1.0,1.0,1,1.0,1,1,1.0,0.861858,0,0,0,21,16,35,test,1
LED-000567,STL-000215-0,1,one_to_one,0,0,11225.59,0.04817,1.04817,0,0.352941,0.592157,0.352941,0.32,0,0.0,0,0,0.230769,0.486153,0,0,0,29,24,51,train,0
LED-000567,STL-000567-0,1,one_to_one,0,0,0.0,0.0,1.0,0,1.0,1.0,1.0,1.0,1,1.0,0,0,0.0,0.236228,0,1,0,29,25,52,train,1
LED-000277,STL-000236-0,1,one_to_one,0,0,1718.69,0.018234,1.018234,0,0.272727,0.417379,0.272727,0.272727,0,0.113961,0,0,0.307692,0.244949,0,0,0,32,45,75,train,0
LED-000277,STL-000075-0,1,one_to_one,0,0,1060.57,0.011252,1.011252,1,0.210526,0.495726,0.210526,0.210526,0,0.150756,0,0,0.230769,-0.0343,0,0,0,32,37,67,train,0
LED-000586,STL-000586-0,1,one_to_one,0,0,0.3,1.4e-05,0.999986,0,1.0,1.0,1.0,1.0,1,1.0,0,1,0.461538,0.39841,0,0,0,5,6,9,train,1
LED-000523,STL-000524-0,1,one_to_one,0,0,390.02,0.002245,0.997755,0,0.296296,0.527778,0.296296,0.296296,0,0.0,0,0,0.230769,0.742308,0,0,0,16,9,23,train,0
LED-000523,STL-000279-0,1,one_to_one,0,0,4885.11,0.028117,0.971883,3,0.4,0.85,0.4,1.0,0,0.453743,0,0,0.230769,0.453743,0,0,0,16,27,41,train,0
LED-000523,STL-000015-0,1,one_to_one,0,0,8222.63,0.047327,0.952673,5,0.344828,0.598906,0.344828,0.344828,0,-0.115045,0,0,0.230769,0.259437,0,0,0,16,31,45,train,0
LED-000530,STL-000426-0,1,one_to_one,0,0,3249.81,0.048365,1.048365,5,0.227273,0.527778,0.227273,0.227273,0,0.0,0,0,0.230769,0.125,0,0,0,22,47,67,train,0
LED-000406,STL-BATCH-000406-000441,1,one_to_one,0,0,6870.93,0.036771,1.036771,0,1.0,1.0,1.0,1.0,1,1.0,0,0,0.0,0.595407,0,1,0,14,21,33,train,0
LED-000577,STL-000577-0,1,one_to_one,0,0,0.0,0.0,1.0,0,0.258065,0.82963,0.258065,1.0,0,0.294884,0,0,0.0,0.223607,0,1,0,23,25,46,train,1
LED-000577,STL-000365-0,1,one_to_one,0,0,1933.16,0.016157,0.983843,2,0.272727,0.519535,0.272727,0.272727,0,-0.107676,0,0,0.230769,0.756978,0,0,0,23,57,78,train,0
LED-000317,STL-000317-0,1,one_to_one,0,0,0.2,3e-06,0.999997,0,1.0,1.0,1.0,1.0,1,1.0,0,0,0.0,0.130931,0,1,0,16,36,50,train,1
LED-000317,STL-000119-0,1,one_to_one,0,0,1098.84,0.015939,1.015939,6,0.325581,0.514077,0.325581,0.325581,0,0.0,0,0,0.230769,0.244949,0,0,0,16,14,28,train,0
LED-000019,STL-000019-0,1,one_to_one,0,0,0.43,2e-06,1.000002,0,1.0,1.0,1.0,1.0,1,1.0,1,1,1.0,0.848528,0,0,0,83,19,100,train,1
LED-000019,STL-000113-0,1,one_to_one,0,0,668.85,0.002849,1.002849,5,0.153846,0.407407,0.153846,0.153846,0,0.0,0,0,0.230769,0.707107,0,0,0,83,27,108,train,0
LED-000019,STL-000313-0,1,one_to_one,0,0,678.28,0.002889,0.997111,6,0.375,0.335979,0.375,0.428571,0,0.0,0,0,0.230769,0.044721,0,0,0,83,15,96,train,0
LED-000558,STL-000073-0,1,one_to_one,0,0,6687.7,0.048363,0.951637,2,0.117647,0.0,0.117647,0.117647,0,0.0,0,0,0.0,0.096225,0,1,0,74,79,151,train,0
LED-000595,STL-000595-0,1,one_to_one,0,0,0.0,0.0,1.0,0,1.0,1.0,1.0,1.0,1,1.0,0,1,0.461538,0.861858,0,0,0,19,45,62,train,1
LED-000240,STL-000431-0,1,one_to_one,0,0,4998.7,0.025697,0.974303,1,0.3,0.579867,0.3,0.3,0,0.13901,0,0,0.230769,0.830291,0,0,0,11,20,29,train,0
LED-000599,STL-000599-0,1,one_to_one,0,0,2.06,9e-06,0.999991,0,0.3,0.752941,0.3,0.222222,0,0.0,0,0,0.0,0.594913,0,1,0,19,10,27,train,1
LED-000599,STL-000388-0,1,one_to_one,0,0,945.61,0.004071,1.004071,6,0.388889,0.556588,0.388889,0.37037,0,0.093352,0,0,0.230769,0.756978,0,0,0,19,54,71,train,0
LED-000599,STL-BATCH-000086-000570,1,one_to_one,0,0,4577.63,0.019707,1.019707,6,0.355556,0.515126,0.355556,0.222222,0,-0.070273,0,0,0.0,0.36195,0,1,0,19,59,76,train,0
LED-000086,STL-000123-0,1,one_to_one,0,0,359.42,0.009373,0.990627,6,0.285714,0.497619,0.228571,0.228571,0,0.08165,0,0,0.230769,0.255377,0,0,0,50,42,90,train,0
LED-000257,STL-000257-0,1,one_to_one,0,0,3218.97,0.015815,0.984185,0,1.0,1.0,1.0,1.0,1,1.0,1,1,1.0,0.233126,0,0,0,67,26,91,train,1
LED-000056,STL-000541-0,1,one_to_one,0,0,399.61,0.005973,1.005973,0,0.24,0.517157,0.16,0.16,0,0.0,0,0,0.230769,0.095539,0,0,0,23,2,23,train,0
LED-000418,STL-000458-0,1,one_to_one,0,0,585.73,0.010525,1.010525,2,0.228571,0.382716,0.285714,0.285714,0,0.0,0,0,0.230769,0.218844,0,0,0,33,20,51,train,0
LED-000223,STL-000431-0,1,one_to_one,0,0,4249.28,0.022935,1.022935,0,0.235294,0.402116,0.235294,0.235294,0,-0.09325,0,0,0.230769,0.119416,0,0,0,3,20,21,train,0
LED-000449,STL-000449-0,1,one_to_one,0,0,0.07,1e-06,1.000001,3,0.181818,0.608187,0.272727,0.272727,0,0.0,0,1,0.461538,0.848528,0,0,0,16,35,49,train,1
LED-000201,STL-000280-0,1,one_to_one,0,0,5125.5,0.041299,1.041299,3,0.105263,0.41453,0.105263,0.105263,0,0.150756,0,0,0.230769,0.095637,0,0,0,35,14,47,train,0
LED-000201,STL-000170-0,1,one_to_one,0,0,3672.41,0.029591,1.029591,7,0.133333,0.425926,0.133333,0.133333,0,0.0,0,0,0.230769,0.069843,0,0,0,35,20,53,train,0
LED-000453,STL-000589-0,1,one_to_one,0,0,5613.86,0.032503,0.967497,4,0.47619,0.617516,0.380952,0.380952,0,0.0,0,0,0.230769,0.07744,0,0,0,52,57,107,train,0
LED-000533,STL-000533-0,1,one_to_one,0,0,0.31,6e-06,0.999994,0,1.0,1.0,1.0,1.0,1,1.0,0,1,0.461538,0.550973,0,0,0,8,23,29,train,1
LED-000075,STL-000075-0,1,one_to_one,0,0,0.0,0.0,1.0,0,1.0,1.0,1.0,1.0,1,1.0,0,1,0.461538,0.166378,0,0,0,22,37,57,train,1
LED-000230,STL-000368-0,1,one_to_one,0,0,7820.2,0.044167,1.044167,1,0.176471,0.0,0.176471,0.176471,0,-0.09325,0,0,0.307692,0.089087,0,0,0,19,40,57,val,0
LED-000230,STL-000230-0,1,one_to_one,0,0,0.0,0.0,1.0,1,0.258065,0.82963,0.258065,1.0,0,0.294884,1,1,1.0,0.308607,0,0,0,19,34,51,val,1
LED-000345,STL-000345-0,1,one_to_one,0,0,0.0,0.0,1.0,0,0.888889,0.96,0.888889,0.888889,0,0.782624,1,1,1.0,0.246564,0,0,0,18,26,42,val,1
LED-000304,STL-000304-0,1,one_to_one,0,0,16.25,0.000308,0.999692,0,1.0,1.0,1.0,1.0,1,1.0,1,1,1.0,0.326599,0,0,0,26,23,47,val,1
LED-000295,STL-000295-0,1,one_to_one,0,0,0.12,1e-06,0.999999,0,1.0,1.0,1.0,1.0,1,1.0,1,1,1.0,0.381,0,0,0,41,58,97,val,1
LED-000295,STL-000417-0,1,one_to_one,0,0,4333.14,0.04863,0.95137,2,0.355556,0.468799,0.355556,0.355556,0,-0.094281,0,0,0.0,0.073324,0,1,0,41,61,100,val,0
LED-000488,STL-000488-0,1,one_to_one,0,0,5873.29,0.024893,0.975107,0,1.0,1.0,1.0,1.0,1,1.0,0,0,0.0,0.213201,0,1,0,48,58,104,val,1
LED-000488,STL-000124-0,1,one_to_one,0,0,907.54,0.003846,1.003846,4,0.2,0.492063,0.2,0.2,0,0.0,0,0,0.230769,0.089562,0,0,0,48,37,83,val,0
LED-000157,STL-000157-0,1,one_to_one,0,0,954.63,0.00688,0.99312,0,0.631579,0.892308,0.368421,0.368421,0,0.558156,1,1,1.0,0.925579,0,0,0,18,32,48,val,1
LED-000293,STL-000293-0,1,one_to_one,0,0,2373.93,0.014024,0.985976,0,1.0,1.0,1.0,1.0,1,1.0,1,1,1.0,0.381,0,0,0,10,34,42,val,1
LED-000087,STL-000087-0,1,one_to_one,0,0,0.0,0.0,1.0,0,0.833333,0.95,0.833333,0.833333,0,0.25,1,1,1.0,0.914991,0,0,0,44,150,192,val,1
LED-000351|LED-000521,STL-000002-0,2,many_to_one,0,1,53.83,0.000356,0.999644,2,0.444444,0.603938,0.444444,0.444444,0,0.0,0,0,0.230769,0.078386,0,0,0,26,14,38,train,0
LED-000186|LED-000521|LED-000572,STL-000002-0,3,many_to_one,0,1,2069.29,0.013519,0.986481,4,0.444444,0.603938,0.444444,0.444444,0,0.06482,0,0,0.230769,0.430498,0,0,0,28,14,40,train,0
LED-000391|LED-000545,STL-000006-0,2,many_to_one,0,1,2697.0,0.010935,1.010935,1,0.272727,0.592157,0.272727,0.272727,0,0.0,0,0,0.230769,0.09848,0,0,0,50,42,90,train,0
LED-000138|LED-000278|LED-000284,STL-000006-0,3,many_to_one,0,1,877.35,0.003531,1.003531,3,0.166667,0.460684,0.166667,0.166667,0,0.0,0,0,0.230769,0.22225,0,0,0,54,42,94,train,0
LED-000088|LED-000252,STL-000008-0,2,many_to_one,0,1,2920.66,0.015569,1.015569,3,1.0,1.0,1.0,1.0,1,1.0,0,0,0.230769,0.707107,0,0,0,23,20,41,train,0
LED-000195|LED-000583,STL-000014-0,2,many_to_one,0,1,943.02,0.004532,1.004532,2,0.416667,0.557887,0.416667,0.416667,0,0.087706,0,0,0.230769,0.733236,0,0,0,43,17,58,train,0
LED-000562|LED-000583,STL-000014-0,2,many_to_one,0,1,2337.86,0.011311,1.011311,3,0.416667,0.557887,0.416667,0.416667,0,0.0,0,0,0.230769,0.733236,0,0,0,43,17,58,train,0
LED-000036|LED-000104|LED-000151,STL-000014-0,3,many_to_one,0,1,3962.62,0.019323,1.019323,3,0.380952,0.536538,0.380952,0.380952,0,0.074125,0,0,0.230769,0.769897,0,0,0,47,17,62,train,0
LED-000036|LED-000151|LED-000411,STL-000014-0,3,many_to_one,0,1,1447.13,0.006875,0.993125,4,0.222222,0.517949,0.222222,0.222222,0,0.074125,0,0,0.230769,0.769897,0,0,0,51,17,66,train,0
LED-000104|LED-000151|LED-000411,STL-000014-0,3,many_to_one,0,1,5057.26,0.023622,0.976378,4,0.380952,0.536538,0.380952,0.380952,0,0.0,0,0,0.230769,0.769897,0,0,0,51,17,66,train,0
LED-000104|LED-000151|LED-000531,STL-000014-0,3,many_to_one,0,1,3398.53,0.016527,1.016527,3,0.380952,0.536538,0.380952,0.380952,0,0.0,0,0,0.230769,0.781736,0,0,0,47,17,62,train,0
LED-000151|LED-000411|LED-000531,STL-000014-0,3,many_to_one,0,1,2011.22,0.00953,0.99047,4,0.222222,0.517949,0.37037,0.37037,0,0.0,0,0,0.230769,0.781736,0,0,0,51,17,66,train,0
LED-000151|LED-000427|LED-000583,STL-000014-0,3,many_to_one,0,1,623.23,0.002973,0.997027,4,0.416667,0.557887,0.416667,0.416667,0,0.104828,0,0,0.230769,0.769897,0,0,0,47,17,62,train,0
LED-000411|LED-000427|LED-000583,STL-000014-0,3,many_to_one,0,1,2275.51,0.011006,1.011006,4,0.416667,0.557887,0.416667,0.416667,0,0.104828,0,0,0.230769,0.733236,0,0,0,51,17,66,train,0
LED-000200|LED-000206|LED-000558,STL-000029-0,3,many_to_one,0,1,635.33,0.004139,0.995861,4,1.0,1.0,1.0,1.0,1,1.0,0,0,0.230769,0.157135,0,0,0,113,54,165,train,0
LED-000123|LED-000325,STL-000030-0,2,many_to_one,0,1,447.85,0.010282,0.989718,4,0.315789,0.553114,0.315789,0.315789,0,0.0,0,0,0.230769,0.181444,0,0,0,61,46,105,train,0
LED-000049|LED-000235,STL-000031-0,2,many_to_one,0,1,916.37,0.00851,0.99149,4,0.380952,0.603205,0.380952,0.380952,0,0.08165,0,0,0.230769,0.742308,0,0,0,19,7,24,train,0
LED-000232|LED-000301|LED-000451,STL-000033-0,3,many_to_one,0,1,927.27,0.004116,1.004116,2,0.603774,0.612143,0.603774,0.648649,0,0.511208,0,0,0.307692,0.254,0,0,0,45,17,60,train,0
LED-000281|LED-000301|LED-000563,STL-000033-0,3,many_to_one,0,1,1357.47,0.005965,0.994035,3,0.603774,0.612143,0.603774,0.648649,0,0.511208,0,0,0.230769,0.725775,0,0,0,45,17,60,train,0
LED-000301|LED-000330|LED-000451,STL-000033-0,3,many_to_one,0,1,4978.27,0.021532,0.978468,3,0.603774,0.612143,0.603774,0.648649,0,0.511208,0,0,0.230769,0.688062,0,0,0,45,17,60,train,0
LED-000301|LED-000353|LED-000493,STL-000033-0,3,many_to_one,0,1,928.76,0.004089,0.995911,3,0.603774,0.612143,0.603774,0.648649,0,0.511208,0,0,0.307692,0.086066,0,0,0,45,17,60,train,0
LED-000330|LED-000451|LED-000459,STL-000033-0,3,many_to_one,0,1,2226.21,0.009939,1.009939,4,0.327869,0.580153,0.295082,0.295082,0,0.0,0,0,0.230769,0.688062,0,0,0,38,17,53,train,0
LED-000451|LED-000493|LED-000563,STL-000033-0,3,many_to_one,0,1,4082.77,0.018379,1.018379,3,0.25,0.410476,0.25,0.25,0,0.0,0,0,0.230769,0.246183,0,0,0,38,17,53,train,0
LED-000112|LED-000216,STL-000034-0,2,many_to_one,0,1,2885.54,0.014639,1.014639,0,0.358974,0.516026,0.358974,0.358974,0,0.0,0,0,0.230769,0.255031,0,0,0,21,13,32,train,0
LED-000112|LED-000365,STL-000034-0,2,many_to_one,0,1,1514.38,0.00763,1.00763,0,0.358974,0.516026,0.358974,0.358974,0,0.0,0,0,0.230769,0.255031,0,0,0,21,13,32,train,0
LED-000112|LED-000577,STL-000034-0,2,many_to_one,0,1,418.67,0.002089,0.997911,2,0.641509,0.703324,0.603774,0.641509,0,0.368037,0,0,0.307692,0.255031,0,0,0,23,13,34,train,0
LED-000294|LED-000298,STL-000034-0,2,many_to_one,0,1,3341.74,0.016434,0.983566,4,0.358974,0.591042,0.358974,0.358974,0,-0.033634,0,0,0.307692,0.758098,0,0,0,22,13,33,train,0
LED-000294|LED-000365,STL-000034-0,2,many_to_one,0,1,3710.06,0.018901,1.018901,2,0.354839,0.591042,0.354839,0.354839,0,0.0,0,0,0.230769,0.758098,0,0,0,22,13,33,train,0
LED-000294|LED-000577,STL-000034-0,2,many_to_one,0,1,1777.01,0.008965,1.008965,2,0.641509,0.703324,0.603774,0.641509,0,0.368037,0,0,0.307692,0.758098,0,0,0,23,13,34,train,0
LED-000115|LED-000169|LED-000430,STL-000039-0,3,many_to_one,0,1,4491.95,0.023494,1.023494,3,0.962963,0.992593,0.962963,0.962963,0,0.826087,0,0,0.230769,0.842795,0,0,0,21,10,29,train,0
LED-000036|LED-000562,STL-000042-0,2,many_to_one,0,1,2738.59,0.011423,0.988577,2,0.736842,0.705556,0.789474,0.8,0,0.722222,0,0,0.230769,0.769897,0,0,0,37,44,79,train,0
LED-000151|LED-000265,STL-000042-0,2,many_to_one,0,1,211.01,0.000891,1.000891,4,0.222222,0.521429,0.222222,0.222222,0,0.0,0,0,0.230769,0.769897,0,0,0,47,44,89,train,0
LED-000151|LED-000595,STL-000042-0,2,many_to_one,0,1,3180.35,0.013602,1.013602,3,0.296296,0.507143,0.296296,0.296296,0,0.0,0,0,0.230769,0.157135,0,0,0,47,44,89,train,0
LED-000265|LED-000411,STL-000042-0,2,many_to_one,0,1,3109.75,0.013296,1.013296,4,0.384615,0.694444,0.384615,0.384615,0,0.0,0,0,0.230769,0.793575,0,0,0,51,44,93,train,0
LED-000531|LED-000562,STL-000042-0,2,many_to_one,0,1,3302.68,0.013744,0.986256,2,0.736842,0.705556,0.789474,0.8,0,0.722222,0,0,0.230769,0.244949,0,0,0,36,44,78,train,0
LED-000029|LED-000081|LED-000104,STL-000042-0,3,many_to_one,0,1,4752.85,0.020464,1.020464,4,0.625,0.699471,0.708333,0.75,0,0.516398,0,0,0.307692,0.157135,0,0,0,63,44,105,train,0
LED-000029|LED-000081|LED-000151,STL-000042-0,3,many_to_one,0,1,3555.64,0.014781,0.985219,4,0.625,0.699471,0.708333,0.75,0,0.516398,0,0,0.307692,0.154303,0,0,0,63,44,105,train,0
LED-000029|LED-000081|LED-000411,STL-000042-0,3,many_to_one,0,1,656.9,0.002764,0.997236,4,0.625,0.699471,0.708333,0.75,0,0.516398,0,0,0.307692,0.793575,0,0,0,63,44,105,train,0
LED-000036|LED-000081|LED-000265,STL-000042-0,3,many_to_one,0,1,453.53,0.00191,0.99809,4,0.625,0.699471,0.708333,0.75,0,0.516398,0,0,0.307692,0.769897,0,0,0,63,44,105,train,0
LED-000036|LED-000081|LED-000595,STL-000042-0,3,many_to_one,0,1,2515.81,0.010729,1.010729,3,0.625,0.699471,0.708333,0.75,0,0.516398,0,0,0.307692,0.769897,0,0,0,63,44,105,train,0
LED-000036|LED-000104|LED-000427,STL-000042-0,3,many_to_one,0,1,2608.81,0.01113,1.01113,3,0.333333,0.572222,0.357143,0.545455,0,0.096225,0,0,0.230769,0.806559,0,0,0,40,44,82,train,0
LED-000036|LED-000151|LED-000427,STL-000042-0,3,many_to_one,0,1,5699.68,0.023484,0.976516,3,0.333333,0.522685,0.333333,0.333333,0,0.0,0,0,0.230769,0.806559,0,0,0,47,44,89,train,0
LED-000036|LED-000411|LED-000427,STL-000042-0,3,many_to_one,0,1,2800.94,0.01168,0.98832,3,0.384615,0.694444,0.384615,0.384615,0,0.0,0,0,0.230769,0.806559,0,0,0,51,44,93,train,0
LED-000036|LED-000427|LED-000531,STL-000042-0,3,many_to_one,0,1,5654.85,0.024443,1.024443,3,0.333333,0.604762,0.333333,0.333333,0,0.0,0,0,0.230769,0.806559,0,0,0,40,44,82,train,0
LED-000081|LED-000104|LED-000265,STL-000042-0,3,many_to_one,0,1,4063.66,0.016857,0.983143,4,0.625,0.699471,0.708333,0.75,0,0.516398,0,0,0.307692,0.769897,0,0,0,63,44,105,train,0
LED-000081|LED-000104|LED-000595,STL-000042-0,3,many_to_one,0,1,1094.32,0.004596,0.995404,3,0.625,0.699471,0.708333,0.75,0,0.516398,0,0,0.307692,0.157135,0,0,0,63,44,105,train,0
LED-000081|LED-000265|LED-000531,STL-000042-0,3,many_to_one,0,1,1017.62,0.004275,0.995725,4,0.625,0.699471,0.708333,0.75,0,0.516398,0,0,0.307692,0.769897,0,0,0,63,44,105,train,0
LED-000081|LED-000531|LED-000595,STL-000042-0,3,many_to_one,0,1,1951.72,0.008303,1.008303,3,0.625,0.699471,0.708333,0.75,0,0.516398,0,0,0.307692,0.157135,0,0,0,63,44,105,train,0
LED-000104|LED-000427|LED-000531,STL-000042-0,3,many_to_one,0,1,2044.72,0.008702,1.008702,3,0.294118,0.604762,0.357143,0.545455,0,0.096225,0,0,0.230769,0.806559,0,0,0,40,44,82,train,0
LED-000265|LED-000386|LED-000583,STL-000042-0,3,many_to_one,0,1,4560.36,0.019619,1.019619,4,0.486486,0.629412,0.486486,0.486486,0,0.121716,0,0,0.307692,0.769897,0,0,0,53,44,95,train,0
LED-000411|LED-000427|LED-000531,STL-000042-0,3,many_to_one,0,1,3365.03,0.013999,0.986001,3,0.384615,0.694444,0.384615,0.384615,0,0.0,0,0,0.230769,0.806559,0,0,0,51,44,93,train,0
LED-000030|LED-000069,STL-000045-0,2,many_to_one,0,1,1464.22,0.010692,1.010692,0,0.1,0.464052,0.1,0.1,0,0.0,0,0,0.307692,0.084667,0,0,0,63,45,106,train,0
LED-000030|LED-000389,STL-000045-0,2,many_to_one,0,1,1886.85,0.013449,0.986551,2,0.181818,0.461988,0.181818,0.181818,0,0.0,0,0,0.230769,0.084667,0,0,0,63,45,106,train,0
LED-000030|LED-000461,STL-000045-0,2,many_to_one,0,1,1807.46,0.013232,1.013232,3,0.0,0.0,0.0,0.0,0,0.0,0,0,0.230769,0.084667,0,0,0,63,45,106,train,0
LED-000052|LED-000381,STL-000045-0,2,many_to_one,0,1,2674.99,0.018961,0.981039,4,0.206897,0.470085,0.206897,0.206897,0,0.0,0,0,0.230769,0.09245,0,0,0,48,45,91,train,0
LED-000205|LED-000381,STL-000045-0,2,many_to_one,0,1,273.07,0.001977,1.001977,4,0.206897,0.457265,0.206897,0.206897,0,0.0,0,0,0.230769,0.175075,0,0,0,43,45,86,train,0
LED-000325|LED-000352,STL-000045-0,2,many_to_one,0,1,1601.79,0.011709,1.011709,2,0.222222,0.0,0.222222,0.222222,0,0.0,0,0,0.230769,0.688062,0,0,0,61,45,104,train,0
LED-000030|LED-000123|LED-000381,STL-000045-0,3,many_to_one,0,1,2203.93,0.015674,0.984326,4,0.206897,0.457265,0.206897,0.206897,0,0.0,0,0,0.230769,0.771136,0,0,0,63,45,106,train,0
LED-000069|LED-000123|LED-000325,STL-000045-0,3,many_to_one,0,1,2002.32,0.014679,1.014679,2,0.222222,0.464052,0.222222,0.222222,0,0.0,0,0,0.307692,0.771136,0,0,0,61,45,104,train,0
LED-000123|LED-000325|LED-000389,STL-000045-0,3,many_to_one,0,1,1348.75,0.009651,0.990349,2,0.222222,0.461988,0.222222,0.222222,0,0.0,0,0,0.230769,0.771136,0,0,0,61,45,104,train,0
LED-000123|LED-000325|LED-000461,STL-000045-0,3,many_to_one,0,1,2345.56,0.017239,1.017239,3,0.222222,0.0,0.222222,0.222222,0,0.0,0,0,0.230769,0.771136,0,0,0,61,45,104,train,0
LED-000030|LED-000123,STL-000052-0,2,many_to_one,0,1,471.06,0.005739,1.005739,2,0.222222,0.479853,0.222222,0.222222,0,0.0,0,0,0.230769,0.157135,0,0,0,63,54,115,train,0
LED-000347|LED-000503,STL-000054-0,2,many_to_one,0,1,4618.45,0.023655,1.023655,4,0.25,0.303419,0.285714,0.285714,0,0.098058,0,0,0.0,0.098295,0,1,0,39,13,50,train,0
LED-000072|LED-000347|LED-000503,STL-000054-0,3,many_to_one,0,1,3759.99,0.019174,1.019174,4,0.352941,0.842857,0.352941,1.0,0,0.456435,0,0,0.0,0.127,0,1,0,39,13,50,train,0
LED-000231|LED-000363,STL-000055-0,2,many_to_one,0,1,2240.68,0.021098,0.978902,3,0.47619,0.629462,0.4,0.4,0,0.0,0,0,0.307692,0.246183,0,0,0,22,27,47,train,0
LED-000216|LED-000365,STL-000057-0,2,many_to_one,0,1,5614.21,0.023986,1.023986,4,0.4,0.602456,0.4,0.4,0,0.0,0,0,0.230769,0.838742,0,0,0,21,18,37,train,0
LED-000011|LED-000140|LED-000397,STL-000057-0,3,many_to_one,0,1,4051.29,0.016622,0.983378,4,0.4,0.603205,0.4,0.4,0,0.0,0,0,0.307692,0.522976,0,0,0,19,18,35,train,0
LED-000011|LED-000380|LED-000462,STL-000057-0,3,many_to_one,0,1,3495.2,0.014799,1.014799,4,0.4,0.602456,0.4,0.4,0,0.0,0,0,0.230769,0.522976,0,0,0,26,18,42,train,0
LED-000011|LED-000462|LED-000574,STL-000057-0,3,many_to_one,0,1,6019.01,0.024498,0.975502,4,0.4,0.602456,0.4,0.4,0,0.0,0,0,0.230769,0.522976,0,0,0,26,18,42,train,0
LED-000140|LED-000216|LED-000517,STL-000057-0,3,many_to_one,0,1,4419.89,0.018107,0.981893,4,0.4,0.602456,0.4,0.4,0,0.0,0,0,0.307692,0.838742,0,0,0,21,18,37,train,0
LED-000140|LED-000365|LED-000517,STL-000057-0,3,many_to_one,0,1,5791.05,0.023592,0.976408,4,0.4,0.602456,0.4,0.4,0,0.0,0,0,0.307692,0.149671,0,0,0,20,18,36,train,0
LED-000140|LED-000397|LED-000517,STL-000057-0,3,many_to_one,0,1,762.38,0.003171,0.996829,2,0.380952,0.603205,0.380952,0.380952,0,0.0,0,0,0.307692,0.149671,0,0,0,16,18,32,train,0
LED-000216|LED-000397|LED-000462,STL-000057-0,3,many_to_one,0,1,2527.46,0.010435,0.989565,4,0.4,0.603205,0.4,0.4,0,0.0,0,0,0.230769,0.838742,0,0,0,26,18,42,train,0
LED-000365|LED-000397|LED-000462,STL-000057-0,3,many_to_one,0,1,3898.62,0.016006,0.983994,4,0.4,0.603205,0.4,0.4,0,0.0,0,0,0.230769,0.426006,0,0,0,26,18,42,train,0
LED-000462|LED-000517|LED-000574,STL-000057-0,3,many_to_one,0,1,2730.1,0.011263,0.988737,4,0.263158,0.572991,0.315789,0.315789,0,0.0,0,0,0.230769,0.426006,0,0,0,26,18,42,train,0
LED-000037|LED-000196|LED-000410,STL-000062-0,3,many_to_one,0,1,419.79,0.001867,1.001867,4,0.461538,0.658333,0.461538,0.461538,0,0.070014,0,0,0.230769,0.769897,0,0,0,83,28,109,train,0
LED-000037|LED-000086|LED-000376,STL-000062-0,3,many_to_one,0,1,2434.62,0.01069,0.98931,4,0.461538,0.658333,0.461538,0.461538,0,0.070014,0,0,0.230769,0.769897,0,0,0,50,28,76,train,0
LED-000083|LED-000092|LED-000239,STL-000062-0,3,many_to_one,0,1,1293.6,0.005774,1.005774,4,0.380952,0.602564,0.380952,0.380952,0,0.0,0,0,0.230769,0.192879,0,0,0,59,28,85,train,0
LED-000083|LED-000196|LED-000436,STL-000062-0,3,many_to_one,0,1,4655.51,0.020244,0.979756,4,0.380952,0.602564,0.380952,0.380952,0,0.0,0,0,0.230769,0.659912,0,0,0,83,28,109,train,0
LED-000083|LED-000239|LED-000246,STL-000062-0,3,many_to_one,0,1,846.57,0.003771,1.003771,4,0.380952,0.602564,0.380952,0.380952,0,0.0,0,0,0.230769,0.192879,0,0,0,83,28,109,train,0
LED-000092|LED-000239|LED-000383,STL-000062-0,3,many_to_one,0,1,3625.94,0.015838,0.984162,4,0.380952,0.602564,0.380952,0.380952,0,0.0,0,0,0.230769,0.192879,0,0,0,59,28,85,train,0
LED-000092|LED-000246|LED-000410,STL-000062-0,3,many_to_one,0,1,372.0,0.001654,1.001654,4,0.25,0.547619,0.25,0.25,0,0.070014,0,0,0.230769,0.154303,0,0,0,83,28,109,train,0
LED-000196|LED-000239|LED-000383,STL-000062-0,3,many_to_one,0,1,4161.91,0.018819,1.018819,4,0.380952,0.602564,0.380952,0.380952,0,0.0,0,0,0.230769,0.274986,0,0,0,83,28,109,train,0
LED-000239|LED-000246|LED-000383,STL-000062-0,3,many_to_one,0,1,4072.97,0.017756,0.982244,4,0.380952,0.602564,0.380952,0.380952,0,0.0,0,0,0.230769,0.192879,0,0,0,83,28,109,train,0
LED-000086|LED-000246|LED-000376,STL-000062-0,3,many_to_one,0,1,5305.44,0.024114,1.024114,4,0.227273,0.547619,0.227273,0.227273,0,0.070014,0,0,0.230769,0.212814,0,0,0,83,28,109,train,0
LED-000371|LED-000525,STL-000066-0,2,many_to_one,0,1,4930.96,0.020472,0.979528,2,0.354839,0.591042,0.354839,0.354839,0,-0.033634,0,0,0.230769,0.211667,0,0,0,38,30,66,val,0
LED-000127|LED-000186,STL-000071-1,2,many_to_one,0,1,2047.93,0.016306,0.983694,2,0.618182,0.671285,0.581818,0.615385,0,0.494902,0,0,0.230769,0.19146,0,0,0,86,36,120,train,0
LED-000127|LED-000521,STL-000071-1,2,many_to_one,0,1,2707.41,0.022406,1.022406,1,0.618182,0.671285,0.581818,0.615385,0,0.494902,0,0,0.230769,0.76584,0,0,0,86,36,120,train,0
LED-000186|LED-000214,STL-000071-1,2,many_to_one,0,1,1614.75,0.012902,0.987098,2,0.382979,0.58796,0.382979,0.382979,0,0.044281,0,0,0.230769,0.76584,0,0,0,83,36,117,train,0
LED-000186|LED-000521,STL-000071-1,2,many_to_one,0,1,3014.96,0.023823,0.976177,2,0.382979,0.58796,0.382979,0.382979,0,0.044281,0,0,0.230769,0.76584,0,0,0,28,36,62,train,0
LED-000351|LED-000469,STL-000071-1,2,many_to_one,0,1,939.9,0.007666,1.007666,3,0.618182,0.671285,0.581818,0.615385,0,0.494902,0,0,0.230769,0.752217,0,0,0,96,36,130,train,0
LED-000190|LED-000200,STL-000073-0,2,many_to_one,0,1,1773.22,0.013296,0.986704,4,0.333333,0.535014,0.333333,0.333333,0,0.0,0,0,0.0,0.869582,0,1,0,113,79,190,train,0
LED-000200|LED-000423,STL-000073-0,2,many_to_one,0,1,2657.03,0.020607,1.020607,2,0.333333,0.518908,0.333333,0.333333,0,0.0,0,0,0.0,0.140859,0,1,0,113,79,190,train,0
LED-000206|LED-000423,STL-000073-0,2,many_to_one,0,1,1381.43,0.010389,0.989611,4,0.333333,0.518908,0.333333,0.333333,0,0.076697,0,0,0.0,0.034752,0,1,0,98,79,175,train,0
LED-000206|LED-000540,STL-000073-0,2,many_to_one,0,1,2316.12,0.017916,1.017916,4,1.0,1.0,1.0,1.0,1,1.0,0,0,0.0,0.232104,0,1,0,98,79,175,train,0
LED-000200|LED-000206|LED-000540,STL-000073-0,3,many_to_one,0,1,3280.66,0.024324,0.975676,4,1.0,1.0,1.0,1.0,1,1.0,0,0,0.0,0.232104,0,1,0,113,79,190,train,0
LED-000031|LED-000043,STL-000077-0,2,many_to_one,0,1,1840.96,0.009245,1.009245,3,0.292683,0.510582,0.292683,0.292683,0,0.0,0,0,0.230769,0.222375,0,0,0,31,23,52,train,0
LED-000031|LED-000110,STL-000077-0,2,many_to_one,0,1,1868.27,0.009384,1.009384,3,0.292683,0.510582,0.292683,0.292683,0,0.0,0,0,0.230769,0.122679,0,0,0,31,23,52,train,0
LED-000043|LED-000049,STL-000077-0,2,many_to_one,0,1,2241.17,0.011278,1.011278,4,0.296296,0.518926,0.296296,0.296296,0,0.0,0,0,0.230769,0.222375,0,0,0,31,23,52,train,0
LED-000043|LED-000421,STL-000077-0,2,many_to_one,0,1,4895.81,0.02497,1.02497,2,0.387097,0.650016,0.387097,0.387097,0,0.0,0,0,0.230769,0.222375,0,0,0,31,23,52,train,0
LED-000049|LED-000110,STL-000077-0,2,many_to_one,0,1,2268.48,0.011417,1.011417,4,0.296296,0.518926,0.296296,0.296296,0,0.0,0,0,0.230769,0.222375,0,0,0,31,23,52,train,0
LED-000239|LED-000289,STL-000083-0,2,many_to_one,0,1,789.95,0.006273,0.993727,3,0.166667,0.335088,0.166667,0.166667,0,0.0,0,0,0.230769,0.707107,0,0,0,59,52,109,train,0
LED-000086|LED-000436,STL-000083-0,2,many_to_one,0,1,2324.88,0.018239,0.981761,1,0.2,0.493333,0.2,0.2,0,0.0,0,0,0.230769,0.73721,0,0,0,50,52,100,train,0
LED-000037|LED-000196|LED-000239,STL-000083-0,3,many_to_one,0,1,2358.92,0.019212,1.019212,2,1.0,1.0,1.0,1.0,1,1.0,0,0,0.230769,0.254,0,0,0,83,52,133,train,0
LED-000092|LED-000196|LED-000436,STL-000083-0,3,many_to_one,0,1,3190.95,0.024865,0.975135,2,0.2,0.493333,0.2,0.2,0,0.0,0,0,0.230769,0.211667,0,0,0,83,52,133,train,0
LED-000092|LED-000239|LED-000246,STL-000083-0,3,many_to_one,0,1,2311.13,0.018816,1.018816,2,0.166667,0.335088,0.166667,0.166667,0,0.0,0,0,0.230769,0.211667,0,0,0,83,52,133,train,0
LED-000092|LED-000239|LED-000361,STL-000083-0,3,many_to_one,0,1,347.14,0.002782,1.002782,3,0.166667,0.413333,0.166667,0.166667,0,0.0,0,0,0.230769,0.211667,0,0,0,66,52,116,train,0
LED-000239|LED-000246|LED-000361,STL-000083-0,3,many_to_one,0,1,99.89,0.000798,0.999202,3,0.166667,0.413333,0.166667,0.166667,0,0.0,0,0,0.230769,0.04714,0,0,0,83,52,133,train,0
LED-000443|LED-000471,STL-000088-0,2,many_to_one,0,1,1006.68,0.006588,1.006588,4,0.190476,0.47619,0.190476,0.190476,0,0.0,0,0,0.230769,0.047246,0,0,0,30,21,49,train,0
LED-000036|LED-000562,STL-000089-0,2,many_to_one,0,1,5833.83,0.024334,1.024334,2,0.181818,0.486111,0.181818,0.181818,0,0.0,0,0,0.384615,0.8,0,0,0,37,38,73,train,0
LED-000042|LED-000081,STL-000089-0,2,many_to_one,0,1,4031.2,0.01615,0.98385,2,0.285714,0.527778,0.285714,0.285714,0,0.0,0,0,0.230769,0.269408,0,0,0,63,38,99,train,0
LED-000104|LED-000562,STL-000089-0,2,many_to_one,0,1,2223.7,0.009138,1.009138,2,0.285714,0.527778,0.285714,0.285714,0,0.0,0,0,0.384615,0.8,0,0,0,35,38,71,train,0
LED-000151|LED-000562,STL-000089-0,2,many_to_one,0,1,6084.79,0.024179,0.975821,2,0.181818,0.481481,0.181818,0.181818,0,0.0,0,0,0.384615,0.8,0,0,0,47,38,83,train,0
LED-000411|LED-000562,STL-000089-0,2,many_to_one,0,1,3186.05,0.012808,0.987192,3,0.333333,0.481481,0.333333,0.333333,0,0.25,0,0,0.384615,0.8,0,0,0,51,38,87,train,0
LED-000531|LED-000562,STL-000089-0,2,many_to_one,0,1,5269.74,0.021929,1.021929,2,0.2,0.492063,0.2,0.2,0,0.0,0,0,0.384615,0.8,0,0,0,36,38,72,train,0
LED-000029|LED-000036|LED-000583,STL-000089-0,3,many_to_one,0,1,613.54,0.002492,0.997508,4,0.235294,0.486111,0.235294,0.235294,0,0.0,0,0,0.230769,0.269408,0,0,0,43,38,79,train,0
LED-000029|LED-000081|LED-000151,STL-000089-0,3,many_to_one,0,1,5016.78,0.020855,1.020855,4,0.235294,0.519841,0.181818,0.181818,0,0.0,0,0,0.230769,0.269408,0,0,0,63,38,99,train,0
LED-000029|LED-000104|LED-000583,STL-000089-0,3,many_to_one,0,1,4223.67,0.016908,0.983092,4,0.285714,0.527778,0.285714,0.285714,0,0.0,0,0,0.230769,0.240563,0,0,0,43,38,79,train,0
LED-000029|LED-000531|LED-000583,STL-000089-0,3,many_to_one,0,1,1177.63,0.004773,0.995227,4,0.235294,0.492063,0.235294,0.235294,0,0.0,0,0,0.230769,0.224507,0,0,0,43,38,79,train,0
LED-000036|LED-000151|LED-000427,STL-000089-0,3,many_to_one,0,1,2872.74,0.011836,1.011836,3,0.181818,0.486111,0.181818,0.181818,0,0.0,0,0,0.230769,0.314309,0,0,0,47,38,83,train,0
LED-000036|LED-000411|LED-000427,STL-000089-0,3,many_to_one,0,1,5771.48,0.024067,1.024067,3,0.333333,0.486111,0.333333,0.333333,0,0.25,0,0,0.230769,0.314309,0,0,0,51,38,87,train,0
LED-000081|LED-000104|LED-000265,STL-000089-0,3,many_to_one,0,1,4508.76,0.018703,1.018703,4,0.285714,0.527778,0.285714,0.285714,0,0.0,0,0,0.230769,0.269408,0,0,0,63,38,99,train,0
LED-000081|LED-000151|LED-000265,STL-000089-0,3,many_to_one,0,1,3799.73,0.015237,0.984763,4,0.235294,0.519841,0.181818,0.181818,0,0.0,0,0,0.230769,0.269408,0,0,0,63,38,99,train,0
LED-000081|LED-000151|LED-000595,STL-000089-0,3,many_to_one,0,1,830.39,0.00337,0.99663,3,0.235294,0.519841,0.181818,0.181818,0,0.0,0,0,0.230769,0.269408,0,0,0,63,38,99,train,0
LED-000081|LED-000265|LED-000411,STL-000089-0,3,many_to_one,0,1,900.99,0.003655,0.996345,4,0.333333,0.519841,0.333333,0.333333,0,0.25,0,0,0.230769,0.269408,0,0,0,63,38,99,train,0
LED-000081|LED-000411|LED-000595,STL-000089-0,3,many_to_one,0,1,2068.35,0.008494,1.008494,3,0.333333,0.519841,0.333333,0.333333,0,0.25,0,0,0.230769,0.211289,0,0,0,63,38,99,train,0
LED-000104|LED-000151|LED-000427,STL-000089-0,3,many_to_one,0,1,737.39,0.002994,0.997006,3,0.285714,0.527778,0.285714,0.285714,0,0.0,0,0,0.230769,0.314309,0,0,0,47,38,83,train,0
LED-000104|LED-000411|LED-000427,STL-000089-0,3,many_to_one,0,1,2161.35,0.008879,1.008879,3,0.333333,0.527778,0.333333,0.333333,0,0.25,0,0,0.230769,0.314309,0,0,0,51,38,87,train,0
LED-000151|LED-000411|LED-000427,STL-000089-0,3,many_to_one,0,1,6147.14,0.02442,0.97558,3,0.333333,0.455556,0.333333,0.333333,0,0.25,0,0,0.230769,0.314309,0,0,0,51,38,87,train,0
LED-000151|LED-000427|LED-000531,STL-000089-0,3,many_to_one,0,1,2308.65,0.00949,1.00949,3,0.2,0.492063,0.2,0.2,0,0.0,0,0,0.230769,0.314309,0,0,0,47,38,83,train,0
LED-000386|LED-000562|LED-000583,STL-000089-0,3,many_to_one,0,1,1735.44,0.007017,0.992983,4,0.235294,0.48366,0.235294,0.235294,0,0.0,0,0,0.384615,0.8,0,0,0,53,38,89,train,0
LED-000411|LED-000427|LED-000531,STL-000089-0,3,many_to_one,0,1,5207.39,0.021664,1.021664,3,0.333333,0.492063,0.333333,0.333333,0,0.25,0,0,0.230769,0.314309,0,0,0,51,38,87,train,0
LED-000111|LED-000445,STL-000093-0,2,many_to_one,0,1,2390.94,0.011751,1.011751,2,0.325581,0.617949,0.358974,0.358974,0,0.065372,0,0,0.230769,0.099015,0,0,0,30,29,57,train,0
LED-000240|LED-000328,STL-000093-0,2,many_to_one,0,1,2340.53,0.011242,0.988758,0,0.588235,0.692991,0.588235,0.648649,0,0.509902,0,0,0.307692,0.830291,0,0,0,18,29,45,train,0
LED-000445|LED-000535,STL-000093-0,2,many_to_one,0,1,240.96,0.001172,1.001172,2,0.307692,0.617949,0.358974,0.358974,0,0.065372,0,0,0.230769,0.830291,0,0,0,30,29,57,train,0
LED-000445|LED-000596,STL-000093-0,2,many_to_one,0,1,1062.68,0.005136,0.994864,3,0.307692,0.617949,0.358974,0.358974,0,0.065372,0,0,0.230769,0.830291,0,0,0,30,29,57,train,0
LED-000040|LED-000111|LED-000296,STL-000093-0,3,many_to_one,0,1,680.4,0.003294,0.996706,4,0.346154,0.646724,0.423077,0.423077,0,0.087706,0,0,0.230769,0.092406,0,0,0,38,29,65,train,0
LED-000040|LED-000296|LED-000535,STL-000093-0,3,many_to_one,0,1,2830.38,0.013563,0.986437,4,0.346154,0.646724,0.423077,0.423077,0,0.087706,0,0,0.230769,0.830291,0,0,0,38,29,65,train,0
LED-000040|LED-000296|LED-000596,STL-000093-0,3,many_to_one,0,1,4134.02,0.019687,0.980313,4,0.346154,0.646724,0.423077,0.423077,0,0.087706,0,0,0.230769,0.830291,0,0,0,38,29,65,train,0
LED-000040|LED-000311|LED-000445,STL-000093-0,3,many_to_one,0,1,3225.89,0.015429,0.984571,1,0.307692,0.617949,0.358974,0.358974,0,0.087706,0,0,0.230769,0.099015,0,0,0,38,29,65,train,0
LED-000111|LED-000311|LED-000328,STL-000093-0,3,many_to_one,0,1,2353.34,0.011303,0.988697,2,0.588235,0.692991,0.588235,0.648649,0,0.509902,0,0,0.307692,0.07152,0,0,0,23,29,50,train,0
LED-000296|LED-000311|LED-000445,STL-000093-0,3,many_to_one,0,1,4908.61,0.023289,0.976711,4,0.346154,0.646724,0.423077,0.423077,0,0.087706,0,0,0.230769,0.099015,0,0,0,34,29,61,train,0
LED-000311|LED-000328|LED-000535,STL-000093-0,3,many_to_one,0,1,4503.32,0.021408,0.978592,2,0.588235,0.692991,0.588235,0.648649,0,0.509902,0,0,0.307692,0.830291,0,0,0,21,29,48,train,0
LED-000109|LED-000508,STL-000096-0,2,many_to_one,0,1,740.68,0.003469,0.996531,0,0.294118,0.604701,0.352941,0.352941,0,0.0,0,0,0.307692,0.231455,0,0,0,24,20,42,train,0
LED-000126|LED-000508,STL-000096-0,2,many_to_one,0,1,763.26,0.003574,0.996426,3,0.294118,0.604701,0.352941,0.352941,0,0.0,0,0,0.307692,0.244949,0,0,0,25,20,43,train,0
LED-000534|LED-000546,STL-000096-0,2,many_to_one,0,1,5024.94,0.02307,0.97693,4,0.296296,0.562719,0.296296,0.296296,0,0.099015,0,0,0.230769,0.769897,0,0,0,46,20,64,train,0
LED-000095|LED-000109|LED-000546,STL-000096-0,3,many_to_one,0,1,669.19,0.003135,0.996865,4,0.294118,0.604701,0.352941,0.352941,0,0.0,0,0,0.230769,0.769897,0,0,0,37,20,55,train,0
LED-000095|LED-000126|LED-000546,STL-000096-0,3,many_to_one,0,1,691.77,0.00324,0.99676,4,0.277778,0.534524,0.277778,0.277778,0,0.0,0,0,0.230769,0.769897,0,0,0,37,20,55,train,0
LED-000377|LED-000542|LED-000546,STL-000096-0,3,many_to_one,0,1,4605.74,0.021186,0.978814,1,0.285714,0.534524,0.285714,0.285714,0,0.0,0,0,0.230769,0.769897,0,0,0,37,20,55,train,0
LED-000358|LED-000591,STL-000099-0,2,many_to_one,0,1,1127.43,0.009762,0.990238,4,0.603774,0.612143,0.603774,0.648649,0,0.511208,0,0,0.307692,0.204124,0,0,0,32,51,81,train,0
LED-000068|LED-000122,STL-000102-0,2,many_to_one,0,1,2972.16,0.014866,1.014866,3,0.375,0.505291,0.367347,0.367347,0,-0.039841,0,0,0.230769,0.4892,0,0,0,113,85,196,train,0
LED-000073|LED-000103,STL-000102-0,2,many_to_one,0,1,324.58,0.001597,0.998403,4,0.294118,0.526862,0.352941,0.352941,0,0.0,0,0,0.230769,0.136505,0,0,0,88,85,171,train,0
LED-000103|LED-000190,STL-000102-0,2,many_to_one,0,1,3499.04,0.017548,1.017548,4,0.421053,0.602411,0.421053,0.421053,0,0.112687,0,0,0.230769,0.48795,0,0,0,86,85,169,train,0
LED-000122|LED-000127,STL-000102-0,2,many_to_one,0,1,1503.87,0.007357,0.992643,4,0.375,0.505291,0.333333,0.333333,0,-0.136505,0,0,0.230769,0.4892,0,0,0,89,85,172,train,0
LED-000122|LED-000214,STL-000102-0,2,many_to_one,0,1,1070.69,0.005249,0.994751,4,0.375,0.521475,0.421053,0.333333,0,0.0,0,0,0.230769,0.4892,0,0,0,89,85,172,train,0
LED-000127|LED-000558,STL-000102-0,2,many_to_one,0,1,4687.97,0.023651,1.023651,4,0.375,0.505291,0.333333,0.333333,0,-0.069007,0,0,0.230769,0.195965,0,0,0,86,85,169,train,0
LED-000206|LED-000229,STL-000102-0,2,many_to_one,0,1,1863.68,0.00927,1.00927,2,0.385965,0.631283,0.350877,0.350877,0,0.037424,0,0,0.230769,0.130931,0,0,0,98,85,181,train,0
LED-000206|LED-000342,STL-000102-0,2,many_to_one,0,1,3786.98,0.019019,1.019019,2,0.385965,0.631283,0.352941,0.352941,0,0.037424,0,0,0.230769,0.091003,0,0,0,98,85,181,train,0
LED-000300|LED-000469,STL-000102-0,2,many_to_one,0,1,2240.16,0.01092,0.98908,4,0.375,0.505291,0.333333,0.333333,0,0.082479,0,0,0.230769,0.182006,0,0,0,97,85,180,train,0
LED-000053|LED-000068|LED-000469,STL-000102-0,3,many_to_one,0,1,591.33,0.002906,0.997094,4,0.382979,0.538767,0.367347,0.367347,0,0.0,0,0,0.230769,0.499169,0,0,0,115,85,198,train,0
LED-000053|LED-000127|LED-000469,STL-000102-0,3,many_to_one,0,1,5067.36,0.024366,0.975634,4,0.382979,0.538767,0.333333,0.333333,0,0.0,0,0,0.230769,0.499169,0,0,0,115,85,198,train,0
LED-000053|LED-000214|LED-000469,STL-000102-0,3,many_to_one,0,1,4634.18,0.022329,0.977671,4,0.382979,0.538767,0.421053,0.333333,0,0.0,0,0,0.230769,0.499169,0,0,0,115,85,198,train,0
LED-000068|LED-000122|LED-000200,STL-000102-0,3,many_to_one,0,1,2624.62,0.01277,0.98723,3,0.375,0.505291,0.367347,0.367347,0,0.09759,0,0,0.230769,0.4892,0,0,0,113,85,196,train,0
LED-000068|LED-000200|LED-000558,STL-000102-0,3,many_to_one,0,1,3567.22,0.017896,1.017896,0,0.367347,0.487374,0.367347,0.367347,0,0.09759,0,0,0.230769,0.20261,0,0,0,113,85,196,train,0
LED-000068|LED-000206|LED-000558,STL-000102-0,3,many_to_one,0,1,471.24,0.002317,0.997683,2,0.385965,0.631283,0.367347,0.367347,0,0.037424,0,0,0.230769,0.20261,0,0,0,113,85,196,train,0
LED-000073|LED-000127|LED-000206,STL-000102-0,3,many_to_one,0,1,1740.37,0.008652,1.008652,4,0.385965,0.631283,0.350877,0.350877,0,0.037424,0,0,0.230769,0.195965,0,0,0,98,85,181,train,0
LED-000073|LED-000206|LED-000214,STL-000102-0,3,many_to_one,0,1,2173.55,0.010828,1.010828,4,0.385965,0.631283,0.421053,0.350877,0,0.037424,0,0,0.230769,0.136505,0,0,0,98,85,181,train,0
LED-000103|LED-000190|LED-000200,STL-000102-0,3,many_to_one,0,1,2097.74,0.010233,0.989767,4,0.421053,0.602411,0.421053,0.421053,0,0.112687,0,0,0.230769,0.48795,0,0,0,113,85,196,train,0
LED-000103|LED-000192|LED-000200,STL-000102-0,3,many_to_one,0,1,86.18,0.000425,1.000425,4,0.294118,0.526862,0.352941,0.352941,0,0.09759,0,0,0.230769,0.184428,0,0,0,114,85,197,train,0
LED-000103|LED-000192|LED-000206,STL-000102-0,3,many_to_one,0,1,3952.28,0.019107,0.980893,4,0.385965,0.631283,0.352941,0.352941,0,0.082479,0,0,0.230769,0.091003,0,0,0,114,85,197,train,0
LED-000127|LED-000200|LED-000558,STL-000102-0,3,many_to_one,0,1,908.81,0.004459,0.995541,4,0.375,0.505291,0.333333,0.333333,0,0.09759,0,0,0.230769,0.195965,0,0,0,113,85,196,train,0
LED-000127|LED-000206|LED-000558,STL-000102-0,3,many_to_one,0,1,4947.27,0.023802,0.976198,4,0.385965,0.631283,0.350877,0.350877,0,0.037424,0,0,0.230769,0.195965,0,0,0,98,85,181,train,0
LED-000168|LED-000200|LED-000206,STL-000102-0,3,many_to_one,0,1,447.85,0.002202,0.997798,2,0.385965,0.631283,0.368421,0.368421,0,0.09759,0,0,0.230769,0.184428,0,0,0,113,85,196,train,0
LED-000200|LED-000206|LED-000229,STL-000102-0,3,many_to_one,0,1,3733.1,0.018066,0.981934,2,0.385965,0.631283,0.350877,0.350877,0,0.09759,0,0,0.230769,0.184428,0,0,0,113,85,196,train,0
LED-000200|LED-000206|LED-000342,STL-000102-0,3,many_to_one,0,1,1809.8,0.008841,0.991159,2,0.385965,0.631283,0.352941,0.352941,0,0.09759,0,0,0.230769,0.184428,0,0,0,113,85,196,train,0
LED-000200|LED-000214|LED-000558,STL-000102-0,3,many_to_one,0,1,475.63,0.002339,0.997661,4,0.368421,0.521475,0.421053,0.322581,0,0.09759,0,0,0.230769,0.184428,0,0,0,113,85,196,train,0
LED-000206|LED-000214|LED-000558,STL-000102-0,3,many_to_one,0,1,4514.09,0.021763,0.978237,4,0.385965,0.631283,0.421053,0.350877,0,0.037424,0,0,0.230769,0.125988,0,0,0,98,85,181,train,0
LED-000072|LED-000416,STL-000113-0,2,many_to_one,0,1,2588.4,0.011118,1.011118,2,0.190476,0.436275,0.190476,0.190476,0,0.129099,0,0,0.230769,0.296334,0,0,0,37,27,62,train,0
LED-000191|LED-000207,STL-000113-0,2,many_to_one,0,1,2393.32,0.010064,0.989936,3,0.142857,0.45,0.15,0.15,0,0.0,0,0,0.307692,0.771136,0,0,0,25,27,50,train,0
LED-000191|LED-000424,STL-000113-0,2,many_to_one,0,1,1155.4,0.004884,0.995116,2,0.235294,0.442308,0.235294,0.235294,0,0.0,0,0,0.307692,0.771136,0,0,0,25,27,50,train,0
LED-000072|LED-000191|LED-000207,STL-000113-0,3,many_to_one,0,1,3251.78,0.013625,0.986375,3,0.142857,0.45,0.15,0.15,0,0.129099,0,0,0.307692,0.771136,0,0,0,37,27,62,train,0
LED-000072|LED-000191|LED-000424,STL-000113-0,3,many_to_one,0,1,2013.86,0.008482,0.991518,2,0.235294,0.442308,0.235294,0.235294,0,0.129099,0,0,0.307692,0.771136,0,0,0,37,27,62,train,0
LED-000278|LED-000499|LED-000580,STL-000113-0,3,many_to_one,0,1,3667.33,0.015825,1.015825,4,0.26087,0.653509,0.173913,0.173913,0,0.171499,0,0,0.230769,0.254,0,0,0,55,27,80,train,0
LED-000278|LED-000503|LED-000580,STL-000113-0,3,many_to_one,0,1,5163.96,0.021465,0.978535,4,0.26087,0.653509,0.173913,0.173913,0,0.171499,0,0,0.307692,0.254,0,0,0,39,27,64,train,0
LED-000080|LED-000119,STL-000114-0,2,many_to_one,0,1,1401.38,0.013266,0.986734,4,0.133333,0.358974,0.133333,0.133333,0,0.0,0,0,0.230769,0.246183,0,0,0,19,8,25,train,0
LED-000053|LED-000469,STL-000122-0,2,many_to_one,0,1,3563.13,0.024069,0.975931,1,1.0,1.0,1.0,1.0,1,1.0,0,0,0.0,0.098295,0,1,0,115,57,170,train,0
LED-000155|LED-000449,STL-000126-0,2,many_to_one,0,1,457.18,0.006327,1.006327,4,0.275862,0.527485,0.275862,0.275862,0,0.0,0,0,0.230769,0.784465,0,0,0,16,37,51,train,0
LED-000165|LED-000316|LED-000441,STL-000129-0,3,many_to_one,0,1,5468.66,0.023983,1.023983,4,0.466667,0.629462,0.4,0.4,0,0.07785,0,0,0.0,0.830291,0,1,0,19,14,31,train,0
LED-000165|LED-000406|LED-000441,STL-000129-0,3,many_to_one,0,1,1946.31,0.008406,1.008406,3,0.3,0.535256,0.3,0.3,0,0.0,0,0,0.0,0.857075,0,1,0,19,14,31,train,0
LED-000351|LED-000458|LED-000537,STL-000129-0,3,many_to_one,0,1,5488.23,0.024071,1.024071,4,0.4,0.570324,0.4,0.380952,0,0.0,0,0,0.0,0.407046,0,1,0,26,14,38,train,0
LED-000437|LED-000537|LED-000572,STL-000129-0,3,many_to_one,0,1,758.86,0.003261,1.003261,4,0.4,0.570324,0.4,0.380952,0,0.13484,0,0,0.0,0.817632,0,1,0,19,14,31,train,0
LED-000149|LED-000362,STL-000131-0,2,many_to_one,0,1,1083.11,0.024615,0.975385,4,0.333333,0.549271,0.333333,0.333333,0,0.0,0,0,0.230769,0.265908,0,0,0,23,7,28,train,0
LED-000133|LED-000576,STL-000132-0,2,many_to_one,0,1,300.43,0.001258,0.998742,3,0.411765,0.643494,0.411765,0.411765,0,0.133333,0,0,0.230769,0.817269,0,0,0,23,19,40,test,0
LED-000058|LED-000228,STL-000134-0,2,many_to_one,0,1,1989.25,0.011557,0.988443,2,0.105263,0.42381,0.105263,0.105263,0,0.0,0,0,0.230769,0.235339,0,0,0,62,25,85,train,0
LED-000228|LED-000244,STL-000134-0,2,many_to_one,0,1,3640.66,0.021867,1.021867,2,0.222222,0.42381,0.222222,0.222222,0,0.0,0,0,0.230769,0.173344,0,0,0,66,25,89,train,0
LED-000232|LED-000575,STL-000134-0,2,many_to_one,0,1,684.53,0.004007,0.995993,4,0.181818,0.455556,0.181818,0.181818,0,0.0,0,0,0.230769,0.774917,0,0,0,41,25,64,train,0
LED-000236|LED-000575,STL-000134-0,2,many_to_one,0,1,3649.76,0.021002,0.978998,3,0.166667,0.335088,0.166667,0.166667,0,0.0,0,0,0.230769,0.163572,0,0,0,38,25,61,train,0
LED-000277|LED-000575,STL-000134-0,2,many_to_one,0,1,1928.06,0.011206,0.988794,2,0.222222,0.351282,0.222222,0.222222,0,0.0,0,0,0.230769,0.196116,0,0,0,38,25,61,train,0
LED-000075|LED-000575,STL-000134-0,2,many_to_one,0,1,2988.63,0.017263,0.982737,2,0.181818,0.455556,0.181818,0.181818,0,0.0,0,0,0.230769,0.163572,0,0,0,38,25,61,train,0
LED-000244|LED-000317|LED-000575,STL-000134-0,3,many_to_one,0,1,2672.21,0.015464,0.984536,2,0.272727,0.592157,0.272727,0.272727,0,0.0,0,0,0.230769,0.163572,0,0,0,66,25,89,train,0
LED-000092|LED-000436,STL-000135-0,2,many_to_one,0,1,2076.27,0.018436,0.981564,4,0.5,0.866667,0.5,1.0,0,0.547723,0,0,0.230769,0.722897,0,0,0,50,31,79,train,0
LED-000131|LED-000551,STL-000137-0,2,many_to_one,0,1,2532.16,0.013051,0.986949,4,0.631579,0.755556,0.631579,0.631579,0,0.358569,0,0,0.230769,0.169334,0,0,0,22,13,33,train,0
LED-000369|LED-000412,STL-000137-0,2,many_to_one,0,1,1509.33,0.00782,0.99218,0,0.228571,0.52,0.342857,0.342857,0,0.0,0,0,0.230769,0.707107,0,0,0,25,13,36,train,0
LED-000080|LED-000131|LED-000412,STL-000137-0,3,many_to_one,0,1,848.84,0.004453,1.004453,3,0.235294,0.414286,0.26087,0.26087,0,0.0,0,0,0.307692,0.707107,0,0,0,22,13,33,train,0
LED-000060|LED-000486,STL-000139-0,2,many_to_one,0,1,1111.22,0.004764,1.004764,3,0.275862,0.56746,0.275862,0.275862,0,0.0,0,0,0.230769,0.227921,0,0,0,35,53,86,train,0
LED-000099|LED-000486,STL-000139-0,2,many_to_one,0,1,4670.85,0.019541,0.980459,3,0.367347,0.56746,0.408163,0.408163,0,0.044281,0,0,0.230769,0.189934,0,0,0,38,53,89,train,0
LED-000118|LED-000581,STL-000139-0,2,many_to_one,0,1,661.42,0.00283,1.00283,4,0.411765,0.630403,0.411765,0.411765,0,0.09513,0,0,0.230769,0.465891,0,0,0,51,53,102,train,0
LED-000152|LED-000598,STL-000139-0,2,many_to_one,0,1,582.23,0.002478,0.997522,4,0.411765,0.632886,0.411765,0.411765,0,0.0,0,0,0.230769,0.083992,0,0,0,42,53,93,train,0
LED-000060|LED-000116|LED-000591,STL-000139-0,3,many_to_one,0,1,4828.97,0.020189,0.979811,4,0.421053,0.632714,0.421053,0.421053,0,0.062622,0,0,0.307692,0.477119,0,0,0,35,53,86,train,0
LED-000060|LED-000118|LED-000486,STL-000139-0,3,many_to_one,0,1,1081.9,0.004595,0.995405,3,0.340426,0.630403,0.382979,0.382979,0,0.09513,0,0,0.230769,0.465891,0,0,0,51,53,102,train,0
LED-000118|LED-000152|LED-000598,STL-000139-0,3,many_to_one,0,1,2775.35,0.011704,0.988296,4,0.411765,0.632886,0.411765,0.411765,0,0.09513,0,0,0.230769,0.465891,0,0,0,51,53,102,train,0
LED-000169|LED-000290,STL-000146-0,2,many_to_one,0,1,4953.33,0.022148,1.022148,4,0.181818,0.48366,0.181818,0.181818,0,0.0,0,0,0.230769,0.270031,0,0,0,22,33,53,train,0
LED-000021|LED-000169|LED-000290,STL-000146-0,3,many_to_one,0,1,4198.3,0.018034,0.981966,4,0.3125,0.523504,0.3125,0.3125,0,0.0,0,0,0.230769,0.270031,0,0,0,22,33,53,train,0
LED-000065|LED-000169|LED-000290,STL-000146-0,3,many_to_one,0,1,3532.8,0.015219,0.984781,4,0.181818,0.48366,0.181818,0.181818,0,0.0,0,0,0.230769,0.769897,0,0,0,22,33,53,train,0
LED-000169|LED-000171|LED-000594,STL-000146-0,3,many_to_one,0,1,903.65,0.003937,0.996063,4,0.181818,0.48366,0.181818,0.181818,0,0.0,0,0,0.230769,0.240192,0,0,0,21,33,52,train,0
LED-000131|LED-000369,STL-000147-0,2,many_to_one,0,1,1057.05,0.008393,0.991607,4,0.222222,0.517949,0.222222,0.222222,0,0.0,0,0,0.230769,0.769897,0,0,0,25,24,47,train,0
LED-000149|LED-000412,STL-000147-0,2,many_to_one,0,1,1408.59,0.011153,0.988847,4,0.333333,0.561905,0.333333,0.333333,0,0.0,0,0,0.230769,0.285774,0,0,0,23,24,45,train,0
LED-000053|LED-000073,STL-000148-0,2,many_to_one,0,1,415.35,0.00168,1.00168,3,1.0,1.0,1.0,1.0,1,1.0,0,0,0.0,0.836905,0,1,0,115,94,207,train,0
LED-000053|LED-000190,STL-000148-0,2,many_to_one,0,1,4238.97,0.01742,1.01742,3,1.0,1.0,1.0,1.0,1,1.0,0,0,0.0,0.843662,0,1,0,115,94,207,train,0
LED-000053|LED-000558,STL-000148-0,2,many_to_one,0,1,6272.29,0.024708,0.975292,3,1.0,1.0,1.0,1.0,1,1.0,0,0,0.0,0.836905,0,1,0,115,94,207,train,0
LED-000068|LED-000168,STL-000148-0,2,many_to_one,0,1,4005.49,0.016444,1.016444,0,0.592593,0.677839,0.555556,0.631579,0,0.50128,0,0,0.0,0.159232,0,1,0,113,94,205,train,0
LED-000068|LED-000229,STL-000148-0,2,many_to_one,0,1,720.24,0.002918,1.002918,2,0.592593,0.677839,0.555556,0.631579,0,0.50128,0,0,0.0,0.159232,0,1,0,113,94,205,train,0
LED-000068|LED-000342,STL-000148-0,2,many_to_one,0,1,2643.54,0.010793,1.010793,0,0.592593,0.677839,0.555556,0.631579,0,0.50128,0,0,0.0,0.159232,0,1,0,113,94,205,train,0
LED-000071|LED-000200,STL-000148-0,2,many_to_one,0,1,791.83,0.003188,0.996812,4,0.592593,0.677839,0.555556,0.631579,0,0.50128,0,0,0.0,0.144943,0,1,0,158,94,250,train,0
LED-000071|LED-000206,STL-000148-0,2,many_to_one,0,1,4830.29,0.019136,0.980864,4,0.592593,0.677839,0.555556,0.631579,0,0.50128,0,0,0.0,0.07152,0,1,0,158,94,250,train,0
LED-000103|LED-000300,STL-000148-0,2,many_to_one,0,1,3265.59,0.013366,1.013366,4,0.307692,0.617949,0.358974,0.358974,0,0.074125,0,0,0.0,0.03576,0,1,0,97,94,189,train,0
LED-000127|LED-000168,STL-000148-0,2,many_to_one,0,1,470.54,0.001897,0.998103,4,0.641509,0.703324,0.603774,0.641509,0,0.368037,0,0,0.0,0.184812,0,1,0,87,94,179,train,0
LED-000127|LED-000229,STL-000148-0,2,many_to_one,0,1,3755.79,0.014943,0.985057,4,0.641509,0.703324,0.603774,0.641509,0,0.368037,0,0,0.0,0.184812,0,1,0,86,94,178,train,0
LED-000127|LED-000342,STL-000148-0,2,many_to_one,0,1,1832.49,0.007347,0.992653,4,0.641509,0.703324,0.603774,0.641509,0,0.368037,0,0,0.0,0.184812,0,1,0,91,94,183,train,0
LED-000148|LED-000200,STL-000148-0,2,many_to_one,0,1,5596.51,0.022105,0.977895,1,1.0,1.0,1.0,1.0,1,1.0,0,0,0.0,0.184812,0,1,0,113,94,205,train,0
LED-000168|LED-000214,STL-000148-0,2,many_to_one,0,1,37.36,0.000151,0.999849,4,0.418605,0.611362,0.372093,0.372093,0,0.050637,0,0,0.0,0.10728,0,1,0,87,94,179,train,0
LED-000190|LED-000192,STL-000148-0,2,many_to_one,0,1,5771.17,0.022779,0.977221,3,0.325581,0.514077,0.325581,0.325581,0,0.074125,0,0,0.0,0.843662,0,1,0,114,94,206,train,0
LED-000214|LED-000229,STL-000148-0,2,many_to_one,0,1,3322.61,0.013242,0.986758,4,0.325581,0.604701,0.372093,0.352941,0,0.0,0,0,0.0,0.092406,0,1,0,86,94,178,train,0
LED-000214|LED-000342,STL-000148-0,2,many_to_one,0,1,1399.31,0.00562,0.99438,4,0.325581,0.617949,0.372093,0.358974,0,0.065372,0,0,0.0,0.092406,0,1,0,91,94,183,train,0
LED-000053|LED-000068|LED-000103,STL-000148-0,3,many_to_one,0,1,4914.42,0.020252,1.020252,4,1.0,1.0,1.0,1.0,1,1.0,0,0,0.0,0.836905,0,1,0,115,94,207,train,0
LED-000053|LED-000073|LED-000200,STL-000148-0,3,many_to_one,0,1,5181.43,0.020499,0.979501,3,1.0,1.0,1.0,1.0,1,1.0,0,0,0.0,0.836905,0,1,0,115,94,207,train,0
LED-000053|LED-000103|LED-000127,STL-000148-0,3,many_to_one,0,1,438.39,0.001774,1.001774,4,1.0,1.0,1.0,1.0,1,1.0,0,0,0.0,0.836905,0,1,0,115,94,207,train,0
LED-000053|LED-000103|LED-000214,STL-000148-0,3,many_to_one,0,1,871.57,0.003533,1.003533,4,1.0,1.0,1.0,1.0,1,1.0,0,0,0.0,0.836905,0,1,0,115,94,207,train,0
LED-000053|LED-000190|LED-000200,STL-000148-0,3,many_to_one,0,1,1357.81,0.005454,0.994546,3,1.0,1.0,1.0,1.0,1,1.0,0,0,0.0,0.843662,0,1,0,115,94,207,train,0
LED-000053|LED-000190|LED-000206,STL-000148-0,3,many_to_one,0,1,5396.27,0.021331,0.978669,3,1.0,1.0,1.0,1.0,1,1.0,0,0,0.0,0.843662,0,1,0,115,94,207,train,0
LED-000053|LED-000192|LED-000200,STL-000148-0,3,many_to_one,0,1,826.11,0.003348,1.003348,3,1.0,1.0,1.0,1.0,1,1.0,0,0,0.0,0.836905,0,1,0,115,94,207,train,0
LED-000053|LED-000192|LED-000206,STL-000148-0,3,many_to_one,0,1,3212.35,0.012809,0.987191,3,1.0,1.0,1.0,1.0,1,1.0,0,0,0.0,0.836905,0,1,0,115,94,207,train,0
LED-000068|LED-000073|LED-000127,STL-000148-0,3,many_to_one,0,1,596.93,0.002417,1.002417,4,0.641509,0.703324,0.603774,0.641509,0,0.50128,0,0,0.0,0.184812,0,1,0,113,94,205,train,0
LED-000068|LED-000073|LED-000214,STL-000148-0,3,many_to_one,0,1,1030.11,0.004178,1.004178,4,0.592593,0.677839,0.555556,0.631579,0,0.50128,0,0,0.0,0.159232,0,1,0,113,94,205,train,0
LED-000068|LED-000103|LED-000192,STL-000148-0,3,many_to_one,0,1,5095.72,0.020167,0.979833,4,0.592593,0.677839,0.555556,0.631579,0,0.50128,0,0,0.0,0.159232,0,1,0,114,94,206,train,0
LED-000068|LED-000127|LED-000190,STL-000148-0,3,many_to_one,0,1,4420.55,0.018179,1.018179,4,0.641509,0.703324,0.603774,0.641509,0,0.50128,0,0,0.0,0.843662,0,1,0,113,94,205,train,0
LED-000068|LED-000127|LED-000558,STL-000148-0,3,many_to_one,0,1,6090.71,0.02401,0.97599,4,0.641509,0.703324,0.603774,0.641509,0,0.50128,0,0,0.0,0.184812,0,1,0,113,94,205,train,0
LED-000068|LED-000168|LED-000200,STL-000148-0,3,many_to_one,0,1,1591.29,0.006386,0.993614,0,0.592593,0.677839,0.555556,0.631579,0,0.50128,0,0,0.0,0.159232,0,1,0,113,94,205,train,0
LED-000068|LED-000168|LED-000206,STL-000148-0,3,many_to_one,0,1,5629.75,0.022233,0.977767,2,0.592593,0.677839,0.555556,0.631579,0,0.50128,0,0,0.0,0.159232,0,1,0,113,94,205,train,0
LED-000068|LED-000190|LED-000214,STL-000148-0,3,many_to_one,0,1,4853.73,0.019997,1.019997,4,0.592593,0.677839,0.555556,0.631579,0,0.50128,0,0,0.0,0.843662,0,1,0,113,94,205,train,0
LED-000068|LED-000200|LED-000229,STL-000148-0,3,many_to_one,0,1,4876.54,0.019316,0.980684,2,0.592593,0.677839,0.555556,0.631579,0,0.50128,0,0,0.0,0.159232,0,1,0,113,94,205,train,0
LED-000068|LED-000200|LED-000342,STL-000148-0,3,many_to_one,0,1,2953.24,0.011788,0.988212,0,0.592593,0.677839,0.555556,0.631579,0,0.50128,0,0,0.0,0.159232,0,1,0,113,94,205,train,0
LED-000068|LED-000214|LED-000558,STL-000148-0,3,many_to_one,0,1,5657.53,0.022341,0.977659,4,0.592593,0.677839,0.555556,0.631579,0,0.50128,0,0,0.0,0.159232,0,1,0,113,94,205,train,0
LED-000073|LED-000127|LED-000214,STL-000148-0,3,many_to_one,0,1,3445.92,0.013727,0.986273,4,0.641509,0.703324,0.603774,0.641509,0,0.368037,0,0,0.0,0.184812,0,1,0,88,94,180,train,0
LED-000102|LED-000206|LED-000469,STL-000148-0,3,many_to_one,0,1,2584.02,0.010547,1.010547,4,0.641509,0.703324,0.603774,0.641509,0,0.368037,0,0,0.0,0.07152,0,1,0,122,94,214,train,0
LED-000103|LED-000122|LED-000469,STL-000148-0,3,many_to_one,0,1,984.8,0.003962,0.996038,4,0.641509,0.703324,0.603774,0.641509,0,0.368037,0,0,0.0,0.851314,0,1,0,96,94,188,train,0
LED-000103|LED-000200|LED-000300,STL-000148-0,3,many_to_one,0,1,2331.19,0.009328,0.990672,4,0.307692,0.617949,0.358974,0.358974,0,0.074125,0,0,0.0,0.144943,0,1,0,113,94,205,train,0
LED-000103|LED-000469|LED-000558,STL-000148-0,3,many_to_one,0,1,5207.04,0.021483,1.021483,4,0.641509,0.703324,0.603774,0.641509,0,0.368037,0,0,0.0,0.099015,0,1,0,96,94,188,train,0
LED-000127|LED-000168|LED-000200,STL-000148-0,3,many_to_one,0,1,6067.32,0.02392,0.97608,4,0.641509,0.703324,0.603774,0.641509,0,0.368037,0,0,0.0,0.184812,0,1,0,113,94,205,train,0
LED-000127|LED-000190|LED-000214,STL-000148-0,3,many_to_one,0,1,377.7,0.001528,1.001528,4,0.641509,0.703324,0.603774,0.641509,0,0.368037,0,0,0.0,0.843662,0,1,0,86,94,178,train,0
LED-000127|LED-000192|LED-000214,STL-000148-0,3,many_to_one,0,1,2561.62,0.010455,1.010455,4,0.641509,0.703324,0.603774,0.641509,0,0.368037,0,0,0.0,0.184812,0,1,0,114,94,206,train,0
LED-000127|LED-000206|LED-000300,STL-000148-0,3,many_to_one,0,1,5330.54,0.022004,1.022004,4,0.641509,0.703324,0.603774,0.641509,0,0.368037,0,0,0.0,0.184812,0,1,0,98,94,190,train,0
LED-000168|LED-000200|LED-000214,STL-000148-0,3,many_to_one,0,1,5634.14,0.02225,0.97775,4,0.418605,0.611362,0.372093,0.372093,0,0.050637,0,0,0.0,0.144943,0,1,0,113,94,205,train,0
LED-000206|LED-000214|LED-000300,STL-000148-0,3,many_to_one,0,1,5763.72,0.023835,1.023835,4,0.354839,0.591042,0.372093,0.354839,0,0.074125,0,0,0.0,0.092406,0,1,0,98,94,190,train,0
LED-000068|LED-000081|LED-000200,STL-000151-0,3,many_to_one,0,1,265.97,0.003612,0.996388,4,0.333333,0.561905,0.333333,0.333333,0,0.0,0,0,0.0,0.191079,0,1,0,113,71,182,train,0
LED-000085|LED-000543,STL-000158-0,2,many_to_one,0,1,350.75,0.002446,0.997554,3,1.0,1.0,1.0,1.0,1,1.0,0,0,0.0,0.830291,0,1,0,42,12,52,train,0
LED-000314|LED-000543,STL-000158-0,2,many_to_one,0,1,1786.76,0.012648,1.012648,3,0.333333,0.561905,0.333333,0.333333,0,0.0,0,0,0.0,0.469668,0,1,0,42,12,52,train,0
LED-000012|LED-000338,STL-000162-0,2,many_to_one,0,1,2241.48,0.013499,1.013499,2,0.186047,0.477513,0.232558,0.232558,0,0.076697,0,0,0.230769,0.184812,0,0,0,66,43,107,test,0
LED-000018|LED-000276,STL-000163-0,2,many_to_one,0,1,1757.68,0.00897,1.00897,3,0.344828,0.593254,0.294118,0.294118,0,0.19803,0,0,0.230769,0.863059,0,0,0,20,21,39,val,0
LED-000041|LED-000495,STL-000166-0,2,many_to_one,0,1,319.08,0.00177,1.00177,4,0.64,0.894118,0.64,1.0,0,0.632456,0,0,0.230769,0.828237,0,0,0,22,12,32,train,0
LED-000001|LED-000179|LED-000447,STL-000166-0,3,many_to_one,0,1,262.5,0.001456,1.001456,4,0.25,0.5,0.25,0.25,0,0.089087,0,0,0.230769,0.820901,0,0,0,36,12,46,train,0
LED-000053|LED-000103,STL-000168-0,2,many_to_one,0,1,908.73,0.004854,1.004854,4,0.352941,0.592308,0.352941,0.352941,0,0.085592,0,0,0.0,0.255841,0,1,0,115,90,203,train,0
LED-000068|LED-000073,STL-000168-0,2,many_to_one,0,1,1067.27,0.005706,1.005706,0,0.301887,0.612143,0.377358,0.377358,0,0.039841,0,0,0.0,0.752217,0,1,0,113,90,201,train,0
LED-000073|LED-000127,STL-000168-0,2,many_to_one,0,1,3408.76,0.017798,0.982202,4,0.307692,0.632622,0.307692,0.307692,0,0.045502,0,0,0.0,0.76584,0,1,0,88,90,176,train,0
LED-000073|LED-000214,STL-000168-0,2,many_to_one,0,1,2975.58,0.015571,0.984429,4,0.380952,0.589739,0.380952,0.25,0,0.0,0,0,0.0,0.177822,0,1,0,88,90,176,train,0
LED-000127|LED-000190,STL-000168-0,2,many_to_one,0,1,414.86,0.00221,1.00221,4,0.380952,0.632622,0.380952,0.380952,0,0.169031,0,0,0.0,0.76584,0,1,0,86,90,174,train,0
LED-000127|LED-000192,STL-000168-0,2,many_to_one,0,1,2598.78,0.014008,1.014008,4,0.307692,0.632622,0.307692,0.307692,0,0.045502,0,0,0.0,0.76584,0,1,0,114,90,202,train,0
LED-000190|LED-000214,STL-000168-0,2,many_to_one,0,1,848.04,0.004528,1.004528,4,0.380952,0.607722,0.380952,0.380952,0,0.169031,0,0,0.0,0.190693,0,1,0,86,90,174,train,0
LED-000192|LED-000214,STL-000168-0,2,many_to_one,0,1,3031.96,0.016381,1.016381,4,0.380952,0.589739,0.380952,0.242424,0,0.0,0,0,0.0,0.222277,0,1,0,114,90,202,train,0
LED-000053|LED-000103|LED-000200,STL-000168-0,3,many_to_one,0,1,4688.05,0.024315,0.975685,4,0.352941,0.592308,0.352941,0.352941,0,0.085592,0,0,0.0,0.792825,0,1,0,115,90,203,train,0
LED-000053|LED-000127|LED-000206,STL-000168-0,3,many_to_one,0,1,2973.68,0.016061,1.016061,4,0.352941,0.639786,0.360656,0.360656,0,0.085592,0,0,0.0,0.76584,0,1,0,115,90,203,train,0
LED-000053|LED-000206|LED-000214,STL-000168-0,3,many_to_one,0,1,3406.86,0.018444,1.018444,4,0.380952,0.639786,0.380952,0.360656,0,0.085592,0,0,0.0,0.222277,0,1,0,115,90,203,train,0
LED-000068|LED-000073|LED-000200,STL-000168-0,3,many_to_one,0,1,4529.51,0.023512,0.976488,0,0.301887,0.612143,0.377358,0.377358,0,0.039841,0,0,0.0,0.792825,0,1,0,113,90,201,train,0
LED-000068|LED-000103|LED-000127,STL-000168-0,3,many_to_one,0,1,1090.31,0.00583,1.00583,4,0.315789,0.632622,0.377358,0.377358,0,0.045502,0,0,0.0,0.76584,0,1,0,113,90,201,train,0
LED-000068|LED-000103|LED-000214,STL-000168-0,3,many_to_one,0,1,1523.49,0.008165,1.008165,4,0.380952,0.612143,0.380952,0.377358,0,0.039841,0,0,0.0,0.752217,0,1,0,113,90,201,train,0
LED-000068|LED-000190|LED-000200,STL-000168-0,3,many_to_one,0,1,705.89,0.003738,0.996262,2,0.380952,0.612143,0.380952,0.380952,0,0.169031,0,0,0.0,0.792825,0,1,0,113,90,201,train,0
LED-000068|LED-000190|LED-000206,STL-000168-0,3,many_to_one,0,1,4744.35,0.0246,0.9754,2,0.380952,0.639786,0.380952,0.380952,0,0.169031,0,0,0.0,0.752217,0,1,0,113,90,201,train,0
LED-000068|LED-000192|LED-000200,STL-000168-0,3,many_to_one,0,1,1478.03,0.007919,1.007919,3,0.301887,0.612143,0.377358,0.377358,0,0.039841,0,0,0.0,0.792825,0,1,0,114,90,202,train,0
LED-000068|LED-000192|LED-000206,STL-000168-0,3,many_to_one,0,1,2560.43,0.013428,0.986572,3,0.327869,0.639786,0.377358,0.377358,0,0.039841,0,0,0.0,0.752217,0,1,0,114,90,202,train,0
LED-000103|LED-000127|LED-000214,STL-000168-0,3,many_to_one,0,1,2952.54,0.015453,0.984547,4,0.380952,0.632622,0.380952,0.315789,0,0.045502,0,0,0.0,0.76584,0,1,0,86,90,174,train,0
LED-000122|LED-000206|LED-000469,STL-000168-0,3,many_to_one,0,1,1550.49,0.008311,1.008311,4,0.327869,0.639786,0.360656,0.360656,0,0.045502,0,0,0.0,0.266733,0,1,0,98,90,186,train,0
LED-000127|LED-000192|LED-000200,STL-000168-0,3,many_to_one,0,1,2998.0,0.015687,0.984313,4,0.307692,0.632622,0.307692,0.307692,0,0.045502,0,0,0.0,0.792825,0,1,0,114,90,202,train,0
LED-000190|LED-000200|LED-000214,STL-000168-0,3,many_to_one,0,1,4748.74,0.024622,0.975378,4,0.380952,0.607722,0.380952,0.380952,0,0.169031,0,0,0.0,0.792825,0,1,0,113,90,201,train,0
LED-000192|LED-000200|LED-000214,STL-000168-0,3,many_to_one,0,1,2564.82,0.013451,0.986549,4,0.380952,0.589739,0.380952,0.25,0,0.0,0,0,0.0,0.792825,0,1,0,114,90,202,train,0
LED-000200|LED-000206|LED-000300,STL-000168-0,3,many_to_one,0,1,204.1,0.001086,1.001086,2,0.327869,0.639786,0.360656,0.360656,0,0.0,0,0,0.0,0.792825,0,1,0,113,90,201,train,0
LED-000165|LED-000351|LED-000441,STL-000173-0,3,many_to_one,0,1,739.03,0.005481,1.005481,4,0.292683,0.510582,0.292683,0.292683,0,0.0,0,0,0.230769,0.211667,0,0,0,24,27,49,train,0
LED-000137|LED-000361,STL-000184-0,2,many_to_one,0,1,5406.76,0.02487,0.97513,3,0.454545,0.598947,0.409091,0.409091,0,0.052926,0,0,0.230769,0.049147,0,0,0,66,17,81,train,0
LED-000147|LED-000369,STL-000184-0,2,many_to_one,0,1,5142.1,0.024859,1.024859,3,0.363636,0.580891,0.409091,0.409091,0,0.048507,0,0,0.230769,0.239046,0,0,0,41,17,56,train,0
LED-000369|LED-000522,STL-000184-0,2,many_to_one,0,1,550.08,0.002602,1.002602,3,1.0,1.0,1.0,1.0,1,1.0,0,0,0.230769,0.254,0,0,0,41,17,56,train,0
LED-000369|LED-000564,STL-000184-0,2,many_to_one,0,1,1269.17,0.005951,0.994049,3,0.363636,0.580891,0.409091,0.409091,0,0.108465,0,0,0.230769,0.211667,0,0,0,42,17,57,train,0
LED-000369|LED-000585,STL-000184-0,2,many_to_one,0,1,4772.02,0.022014,0.977986,3,0.391304,0.648343,0.409091,0.409091,0,0.050572,0,0,0.230769,0.211667,0,0,0,30,17,45,train,0
LED-000289|LED-000361|LED-000465,STL-000184-0,3,many_to_one,0,1,3446.59,0.015998,0.984002,0,1.0,1.0,1.0,1.0,1,1.0,0,0,0.230769,0.707107,0,0,0,66,17,81,train,0
LED-000289|LED-000361|LED-000564,STL-000184-0,3,many_to_one,0,1,4226.99,0.020345,1.020345,1,1.0,1.0,1.0,1.0,1,1.0,0,0,0.230769,0.707107,0,0,0,66,17,81,train,0
LED-000289|LED-000361|LED-000585,STL-000184-0,3,many_to_one,0,1,724.14,0.003428,1.003428,2,1.0,1.0,1.0,1.0,1,1.0,0,0,0.230769,0.707107,0,0,0,66,17,81,train,0
LED-000165|LED-000572,STL-000186-0,2,many_to_one,0,1,1341.77,0.020862,1.020862,4,0.380952,0.603205,0.380952,0.380952,0,0.0,0,0,0.0,0.430498,0,1,0,19,38,55,train,0
LED-000099|LED-000248,STL-000188-0,2,many_to_one,0,1,4951.4,0.021889,1.021889,2,0.153846,0.453704,0.153846,0.153846,0,0.0,0,0,0.230769,0.136505,0,0,0,52,51,101,train,0
LED-000099|LED-000354,STL-000188-0,2,many_to_one,0,1,499.69,0.002166,1.002166,2,0.173913,0.535088,0.173913,0.173913,0,0.0,0,0,0.230769,0.136505,0,0,0,55,51,104,train,0
LED-000248|LED-000354,STL-000188-0,2,many_to_one,0,1,3009.56,0.013191,1.013191,0,0.173913,0.535088,0.173913,0.173913,0,0.0,0,0,0.230769,0.078386,0,0,0,55,51,104,train,0
LED-000099|LED-000118|LED-000248,STL-000188-0,3,many_to_one,0,1,2758.28,0.012076,1.012076,3,0.153846,0.525641,0.153846,0.153846,0,0.0,0,0,0.307692,0.532447,0,0,0,52,51,101,train,0
LED-000099|LED-000118|LED-000354,STL-000188-0,3,many_to_one,0,1,1693.43,0.007272,0.992728,3,0.173913,0.535088,0.173913,0.173913,0,0.0,0,0,0.307692,0.532447,0,0,0,55,51,104,train,0
LED-000118|LED-000248|LED-000354,STL-000188-0,3,many_to_one,0,1,816.44,0.003544,1.003544,3,0.173913,0.535088,0.173913,0.173913,0,0.0,0,0,0.307692,0.532447,0,0,0,55,51,104,train,0
LED-000263|LED-000358|LED-000598,STL-000188-0,3,many_to_one,0,1,4656.29,0.019745,0.980255,2,0.137931,0.512222,0.137931,0.137931,0,0.0,0,0,0.230769,0.130931,0,0,0,42,51,91,train,0
LED-000053|LED-000206,STL-000190-0,2,many_to_one,0,1,1837.5,0.014675,1.014675,1,0.415094,0.606042,0.415094,0.415094,0,0.047565,0,0,0.230769,0.239259,0,0,0,115,36,149,train,0
LED-000127|LED-000186,STL-000190-0,2,many_to_one,0,1,1455.92,0.011592,1.011592,4,0.444444,0.640265,0.388889,0.388889,0,-0.050572,0,0,0.230769,0.774917,0,0,0,86,36,120,train,0
LED-000186|LED-000214,STL-000190-0,2,many_to_one,0,1,1889.1,0.015094,1.015094,4,0.444444,0.640265,0.388889,0.388889,0,0.093352,0,0,0.230769,0.196116,0,0,0,83,36,117,train,0
LED-000186|LED-000521,STL-000190-0,2,many_to_one,0,1,488.89,0.003863,1.003863,4,0.466667,0.640265,0.4,0.4,0,0.073127,0,0,0.230769,0.196116,0,0,0,28,36,62,train,0
LED-000127|LED-000206|LED-000214,STL-000190-0,3,many_to_one,0,1,2023.77,0.015679,0.984321,2,0.415094,0.606042,0.415094,0.415094,0,0.093352,0,0,0.230769,0.774917,0,0,0,98,36,132,train,0
LED-000206|LED-000214|LED-000521,STL-000190-0,3,many_to_one,0,1,2990.8,0.022999,0.977001,3,0.466667,0.629462,0.415094,0.415094,0,0.093352,0,0,0.230769,0.122679,0,0,0,98,36,132,train,0
LED-000127|LED-000186,STL-000192-0,2,many_to_one,0,1,6.83,5.4e-05,0.999946,3,0.222222,0.51358,0.214286,0.214286,0,0.0,0,0,0.230769,0.254,0,0,0,86,37,121,train,0
LED-000186|LED-000214,STL-000192-0,2,many_to_one,0,1,426.35,0.003406,1.003406,3,0.384615,0.483224,0.384615,0.352941,0,0.0,0,0,0.230769,0.211667,0,0,0,83,37,118,train,0
LED-000186|LED-000521,STL-000192-0,2,many_to_one,0,1,973.86,0.007695,0.992305,3,0.272727,0.417379,0.272727,0.272727,0,0.113961,0,0,0.230769,0.211667,0,0,0,28,37,63,train,0
LED-000351|LED-000469,STL-000192-0,2,many_to_one,0,1,2981.0,0.024314,1.024314,4,0.222222,0.51358,0.166667,0.166667,0,0.0,0,0,0.230769,0.688062,0,0,0,96,37,131,train,0
LED-000151|LED-000427,STL-000195-0,2,many_to_one,0,1,1566.25,0.008725,0.991275,4,0.631579,0.755556,0.631579,0.631579,0,0.358569,0,0,0.230769,0.224702,0,0,0,47,20,65,train,0
LED-000411|LED-000427,STL-000195-0,2,many_to_one,0,1,1332.49,0.007544,1.007544,4,0.631579,0.755556,0.631579,0.631579,0,0.358569,0,0,0.230769,0.224702,0,0,0,51,20,69,train,0
LED-000036|LED-000081|LED-000427,STL-000195-0,3,many_to_one,0,1,2230.79,0.01238,0.98762,4,0.631579,0.755556,0.631579,0.631579,0,0.358569,0,0,0.230769,0.224702,0,0,0,63,20,81,train,0
LED-000081|LED-000427|LED-000531,STL-000195-0,3,many_to_one,0,1,2794.88,0.015463,0.984537,4,0.631579,0.755556,0.631579,0.631579,0,0.358569,0,0,0.230769,0.224702,0,0,0,63,20,81,train,0
LED-000151|LED-000411|LED-000583,STL-000195-0,3,many_to_one,0,1,525.69,0.002963,1.002963,4,0.380952,0.587879,0.380952,0.380952,0,0.105409,0,0,0.230769,0.211472,0,0,0,51,20,69,train,0
LED-000116|LED-000195,STL-000204-0,2,many_to_one,0,1,3448.46,0.014366,1.014366,3,0.272727,0.592157,0.272727,0.272727,0,0.0,0,0,0.230769,0.102899,0,0,0,28,12,38,train,0
LED-000195|LED-000591,STL-000204-0,2,many_to_one,0,1,2979.66,0.012089,0.987911,3,1.0,1.0,1.0,1.0,1,1.0,0,0,0.230769,0.830291,0,0,0,32,12,42,train,0
LED-000060|LED-000116|LED-000591,STL-000204-0,3,many_to_one,0,1,4306.41,0.018004,1.018004,2,1.0,1.0,1.0,1.0,1,1.0,0,0,0.230769,0.830291,0,0,0,35,12,45,train,0
LED-000278|LED-000284,STL-000207-0,2,many_to_one,0,1,3404.69,0.022683,0.977317,2,0.275862,0.527485,0.275862,0.275862,0,0.065938,0,0,0.230769,0.114876,0,0,0,50,53,101,train,0
LED-000499|LED-000503|LED-000584,STL-000207-0,3,many_to_one,0,1,3498.48,0.023293,0.976707,4,0.166667,0.469048,0.277778,0.277778,0,0.062017,0,0,0.230769,0.76584,0,0,0,55,53,106,train,0
LED-000023|LED-000306,STL-000209-0,2,many_to_one,0,1,4130.37,0.023191,1.023191,1,0.358974,0.516026,0.358974,0.358974,0,0.0,0,0,0.230769,0.106066,0,0,0,41,57,96,train,0
LED-000030|LED-000045,STL-000209-0,2,many_to_one,0,1,265.74,0.001456,0.998544,1,0.315789,0.520128,0.315789,0.315789,0,0.0,0,0,0.307692,0.127,0,0,0,63,57,118,train,0
LED-000052|LED-000389,STL-000209-0,2,many_to_one,0,1,3486.54,0.019505,1.019505,3,1.0,1.0,1.0,1.0,1,1.0,0,0,0.230769,0.849208,0,0,0,48,57,103,train,0
LED-000069|LED-000461,STL-000209-0,2,many_to_one,0,1,3114.93,0.016806,0.983194,4,0.466667,0.629462,0.4,0.4,0,0.07785,0,0,0.307692,0.09525,0,0,0,33,57,88,train,0
LED-000023|LED-000123|LED-000205,STL-000209-0,3,many_to_one,0,1,2163.61,0.011733,0.988267,3,0.3,0.479853,0.3,0.3,0,0.0,0,0,0.230769,0.19696,0,0,0,61,57,116,train,0
LED-000023|LED-000306|LED-000325,STL-000209-0,3,many_to_one,0,1,1441.72,0.007849,0.992151,3,0.358974,0.516026,0.358974,0.358974,0,0.150756,0,0,0.230769,0.501115,0,0,0,61,57,116,train,0
LED-000030|LED-000123|LED-000389,STL-000209-0,3,many_to_one,0,1,3957.6,0.022199,1.022199,3,0.375,0.553812,0.375,0.375,0,0.0,0,0,0.230769,0.849208,0,0,0,63,57,118,train,0
LED-000030|LED-000325|LED-000352,STL-000209-0,3,many_to_one,0,1,1336.05,0.007386,1.007386,3,0.222222,0.495726,0.222222,0.222222,0,0.150756,0,0,0.230769,0.501115,0,0,0,63,57,118,train,0
LED-000045|LED-000123|LED-000325,STL-000209-0,3,many_to_one,0,1,272.36,0.001497,1.001497,3,0.315789,0.520128,0.315789,0.315789,0,0.150756,0,0,0.307692,0.501115,0,0,0,61,57,116,train,0
LED-000052|LED-000069|LED-000325,STL-000209-0,3,many_to_one,0,1,1265.52,0.006993,1.006993,3,1.0,1.0,1.0,1.0,1,1.0,0,0,0.307692,0.520032,0,0,0,61,57,116,train,0
LED-000052|LED-000325|LED-000389,STL-000209-0,3,many_to_one,0,1,2085.55,0.011315,0.988685,3,1.0,1.0,1.0,1.0,1,1.0,0,0,0.230769,0.849208,0,0,0,61,57,116,train,0
LED-000052|LED-000325|LED-000461,STL-000209-0,3,many_to_one,0,1,1608.76,0.008907,1.008907,4,1.0,1.0,1.0,1.0,1,1.0,0,0,0.230769,0.520032,0,0,0,61,57,116,train,0
LED-000069|LED-000205|LED-000325,STL-000209-0,3,many_to_one,0,1,4213.58,0.023669,1.023669,3,0.466667,0.629462,0.4,0.4,0,0.150756,0,0,0.307692,0.501115,0,0,0,61,57,116,train,0
LED-000205|LED-000325|LED-000389,STL-000209-0,3,many_to_one,0,1,862.51,0.004755,1.004755,3,0.375,0.553812,0.375,0.375,0,0.150756,0,0,0.230769,0.849208,0,0,0,61,57,116,train,0
LED-000266|LED-000548,STL-000213-0,2,many_to_one,0,1,4422.19,0.024487,0.975513,4,0.45283,0.631683,0.415094,0.415094,0,0.0,0,0,0.230769,0.759072,0,0,0,28,9,35,train,0
LED-000231|LED-000524,STL-000215-0,2,many_to_one,0,1,2635.24,0.010673,0.989327,2,0.4,0.570324,0.4,0.380952,0,0.0,0,0,0.230769,0.238833,0,0,0,22,24,44,train,0
LED-000231|LED-000523,STL-000215-0,2,many_to_one,0,1,3025.26,0.012233,0.987767,2,0.4,0.570324,0.4,0.380952,0,0.0,0,0,0.230769,0.486153,0,0,0,22,24,44,train,0
LED-000524|LED-000530,STL-000215-0,2,many_to_one,0,1,3723.1,0.015478,1.015478,2,0.301887,0.505882,0.264151,0.307692,0,0.0,0,0,0.230769,0.420084,0,0,0,22,24,44,train,0
LED-000523|LED-000530,STL-000215-0,2,many_to_one,0,1,3333.08,0.013834,1.013834,2,0.301887,0.444989,0.264151,0.227273,0,0.0,0,0,0.230769,0.486153,0,0,0,22,24,44,train,0
LED-000041|LED-000231|LED-000556,STL-000215-0,3,many_to_one,0,1,2990.62,0.012395,1.012395,3,0.4,0.570324,0.4,0.380952,0,0.099381,0,0,0.230769,0.490098,0,0,0,22,24,44,train,0
LED-000179|LED-000447|LED-000524,STL-000215-0,3,many_to_one,0,1,4393.95,0.01767,0.98233,4,0.285714,0.505882,0.285714,0.307692,0,0.0,0,0,0.230769,0.823853,0,0,0,36,24,58,train,0
LED-000179|LED-000447|LED-000523,STL-000215-0,3,many_to_one,0,1,4783.97,0.019209,0.980791,4,0.301887,0.471863,0.285714,0.25,0,0.0,0,0,0.230769,0.823853,0,0,0,36,24,58,train,0
LED-000231|LED-000530|LED-000556,STL-000215-0,3,many_to_one,0,1,3123.71,0.012627,0.987373,2,0.4,0.570324,0.4,0.380952,0,0.0,0,0,0.230769,0.490098,0,0,0,22,24,44,train,0
LED-000390|LED-000447|LED-000524,STL-000215-0,3,many_to_one,0,1,382.67,0.001569,1.001569,4,0.24,0.505882,0.24,0.307692,0,0.0,0,0,0.230769,0.068599,0,0,0,28,24,50,train,0
LED-000390|LED-000447|LED-000523,STL-000215-0,3,many_to_one,0,1,7.35,3e-05,0.99997,4,0.301887,0.48366,0.264151,0.285714,0,0.0,0,0,0.230769,0.486153,0,0,0,28,24,50,train,0
LED-000263|LED-000598,STL-000220-0,2,many_to_one,0,1,779.71,0.004129,1.004129,2,0.3,0.456383,0.3,0.3,0,0.0,0,0,0.230769,0.109985,0,0,0,42,29,69,train,0
LED-000118|LED-000263|LED-000598,STL-000220-0,3,many_to_one,0,1,1413.41,0.007398,0.992602,3,0.641509,0.703324,0.603774,0.641509,0,0.368037,0,0,0.230769,0.249029,0,0,0,51,29,78,train,0
LED-000380|LED-000462,STL-000224-0,2,many_to_one,0,1,333.44,0.00162,0.99838,3,0.263158,0.572991,0.315789,0.315789,0,0.0,0,0,0.230769,0.742308,0,0,0,26,14,38,train,0
LED-000041|LED-000179,STL-000225-0,2,many_to_one,0,1,1712.03,0.019882,1.019882,4,0.466667,0.629462,0.4,0.4,0,0.07785,0,0,0.0,0.086066,0,1,0,36,29,63,train,0
LED-000390|LED-000530,STL-000225-0,2,many_to_one,0,1,374.32,0.004281,1.004281,4,0.367347,0.626327,0.326531,0.326531,0,0.150756,0,0,0.0,0.188562,0,1,0,28,29,55,train,0
LED-000041|LED-000179|LED-000530,STL-000225-1,3,many_to_one,0,1,992.36,0.006473,0.993527,4,0.466667,0.629462,0.4,0.4,0,0.07785,0,0,0.307692,0.098058,0,0,0,36,33,67,train,0
LED-000041|LED-000231|LED-000390,STL-000225-1,3,many_to_one,0,1,2574.08,0.016619,0.983381,4,1.0,1.0,1.0,1.0,1,1.0,0,0,0.307692,0.775672,0,0,0,28,33,59,train,0
LED-000179|LED-000231|LED-000447,STL-000225-1,3,many_to_one,0,1,3446.67,0.023153,1.023153,4,1.0,1.0,1.0,1.0,1,1.0,0,0,0.230769,0.196419,0,0,0,36,33,67,train,0
LED-000179|LED-000390|LED-000556,STL-000225-1,3,many_to_one,0,1,382.38,0.002517,1.002517,4,0.315789,0.520128,0.315789,0.315789,0,0.150756,0,0,0.307692,0.775672,0,0,0,36,33,67,train,0
LED-000363|LED-000447|LED-000530,STL-000225-1,3,many_to_one,0,1,2184.77,0.014553,1.014553,3,0.367347,0.626327,0.326531,0.326531,0,0.0,0,0,0.230769,0.196419,0,0,0,23,33,54,train,0
LED-000058|LED-000244|LED-000451,STL-000228-0,3,many_to_one,0,1,252.15,0.001799,1.001799,3,0.444444,0.620693,0.444444,0.444444,0,0.0,0,0,0.230769,0.13202,0,0,0,66,21,85,train,0
LED-000053|LED-000103,STL-000229-0,2,many_to_one,0,1,4194.18,0.022404,1.022404,2,0.380952,0.604701,0.380952,0.380952,0,0.0,0,0,0.307692,0.754247,0,0,0,115,40,153,train,0
LED-000127|LED-000173,STL-000229-0,2,many_to_one,0,1,4110.38,0.021023,0.978977,4,0.272727,0.418651,0.285714,0.285714,0,0.0,0,0,0.230769,0.254,0,0,0,86,40,124,train,0
LED-000127|LED-000190,STL-000229-0,2,many_to_one,0,1,3700.31,0.019714,1.019714,2,0.24,0.517157,0.285714,0.285714,0,0.0,0,0,0.230769,0.254,0,0,0,86,40,124,train,0
LED-000173|LED-000214,STL-000229-0,2,many_to_one,0,1,3677.2,0.01885,0.98115,4,0.272727,0.418651,0.272727,0.272727,0,0.0,0,0,0.230769,0.169334,0,0,0,83,40,121,train,0
LED-000186|LED-000190,STL-000229-0,2,many_to_one,0,1,2022.06,0.010454,0.989546,4,0.296296,0.562719,0.296296,0.296296,0,0.099015,0,0,0.230769,0.105409,0,0,0,86,40,124,train,0
LED-000186|LED-000192,STL-000229-0,2,many_to_one,0,1,161.86,0.000846,1.000846,4,0.296296,0.562719,0.296296,0.296296,0,0.099015,0,0,0.230769,0.688062,0,0,0,114,40,152,train,0
LED-000190|LED-000214,STL-000229-0,2,many_to_one,0,1,4133.49,0.022072,1.022072,2,0.24,0.517157,0.24,0.25,0,0.0,0,0,0.230769,0.169334,0,0,0,86,40,124,train,0
LED-000190|LED-000521,STL-000229-0,2,many_to_one,0,1,2733.28,0.014487,1.014487,3,0.285714,0.535256,0.285714,0.285714,0,0.0,0,0,0.230769,0.211667,0,0,0,86,40,124,train,0
LED-000002|LED-000206|LED-000469,STL-000229-0,3,many_to_one,0,1,1683.06,0.008717,0.991283,3,0.272727,0.527778,0.285714,0.285714,0,0.0,0,0,0.307692,0.73721,0,0,0,98,40,136,train,0
LED-000053|LED-000186|LED-000206,STL-000229-0,3,many_to_one,0,1,536.76,0.002812,1.002812,4,0.296296,0.604701,0.352941,0.352941,0,0.099015,0,0,0.230769,0.071889,0,0,0,115,40,153,train,0
LED-000103|LED-000127|LED-000214,STL-000229-0,3,many_to_one,0,1,332.91,0.001742,1.001742,2,0.380952,0.603205,0.380952,0.380952,0,0.0,0,0,0.307692,0.754247,0,0,0,86,40,124,train,0
LED-000103|LED-000127|LED-000521,STL-000229-0,3,many_to_one,0,1,1067.3,0.005545,0.994455,3,0.380952,0.603205,0.380952,0.380952,0,0.0,0,0,0.307692,0.754247,0,0,0,86,40,124,train,0
LED-000103|LED-000214|LED-000521,STL-000229-0,3,many_to_one,0,1,634.12,0.003302,0.996698,3,0.380952,0.603205,0.380952,0.380952,0,0.0,0,0,0.307692,0.754247,0,0,0,83,40,121,train,0
LED-000127|LED-000192|LED-000206,STL-000229-0,3,many_to_one,0,1,3751.01,0.019221,0.980779,2,0.235294,0.527778,0.285714,0.285714,0,0.0,0,0,0.230769,0.688062,0,0,0,114,40,152,train,0
LED-000192|LED-000206|LED-000214,STL-000229-0,3,many_to_one,0,1,3317.83,0.017039,0.982961,2,0.24,0.527778,0.24,0.25,0,0.0,0,0,0.230769,0.688062,0,0,0,114,40,152,train,0
LED-000192|LED-000206|LED-000521,STL-000229-0,3,many_to_one,0,1,4718.04,0.024057,0.975943,3,0.285714,0.535256,0.285714,0.285714,0,0.0,0,0,0.230769,0.688062,0,0,0,114,40,152,train,0
LED-000179|LED-000447,STL-000231-0,2,many_to_one,0,1,1768.21,0.023479,0.976521,3,0.304348,0.544921,0.26087,0.26087,0,0.0,0,0,0.307692,0.136083,0,0,0,36,10,44,train,0
LED-000301|LED-000459,STL-000232-0,2,many_to_one,0,1,500.07,0.005405,1.005405,4,0.235294,0.519841,0.2,0.2,0,0.0,0,0,0.0,0.223152,0,1,0,45,43,86,train,0
LED-000353|LED-000563,STL-000232-0,2,many_to_one,0,1,536.76,0.005804,1.005804,3,1.0,1.0,1.0,1.0,1,1.0,0,0,0.0,0.781736,0,1,0,37,43,78,train,0
LED-000058|LED-000353,STL-000236-0,2,many_to_one,0,1,741.61,0.007668,0.992332,4,0.176471,0.451481,0.235294,0.235294,0,0.082479,0,0,0.307692,0.285774,0,0,0,62,45,105,train,0
LED-000092|LED-000289,STL-000239-0,2,many_to_one,0,1,1338.18,0.018072,1.018072,3,1.0,1.0,1.0,1.0,1,1.0,0,0,0.0,0.659966,0,1,0,47,44,89,train,0
LED-000246|LED-000289,STL-000239-0,2,many_to_one,0,1,891.15,0.011963,1.011963,3,1.0,1.0,1.0,1.0,1,1.0,0,0,0.0,0.659966,0,1,0,83,44,125,train,0
LED-000289|LED-000361,STL-000239-0,2,many_to_one,0,1,1072.84,0.014032,0.985968,3,1.0,1.0,1.0,1.0,1,1.0,0,0,0.0,0.659966,0,1,0,66,44,108,train,0
LED-000026|LED-000319,STL-000247-0,2,many_to_one,0,1,4648.88,0.020939,0.979061,2,0.25641,0.516026,0.205128,0.205128,0,0.0,0,0,0.230769,0.084515,0,0,0,25,52,75,val,0
LED-000046|LED-000550,STL-000247-0,2,many_to_one,0,1,2331.58,0.010842,1.010842,3,0.25641,0.516026,0.205128,0.205128,0,0.0,0,0,0.230769,0.1557,0,0,0,94,52,144,val,0
LED-000087|LED-000319|LED-000395,STL-000247-0,3,many_to_one,0,1,5149.24,0.024263,1.024263,3,0.415094,0.542803,0.301887,0.301887,0,0.0,0,0,0.230769,0.069843,0,0,0,95,52,145,val,0
LED-000288|LED-000375|LED-000408,STL-000249-0,3,many_to_one,0,1,948.4,0.004021,0.995979,2,0.380952,0.604777,0.333333,0.333333,0,0.056344,0,0,0.230769,0.725775,0,0,0,27,17,42,val,0
LED-000027|LED-000156,STL-000251-0,2,many_to_one,0,1,820.67,0.003516,0.996484,3,0.142857,0.428571,0.142857,0.142857,0,0.2,0,0,0.230769,0.192879,0,0,0,30,20,48,train,0
LED-000156|LED-000494,STL-000251-0,2,many_to_one,0,1,2695.64,0.011458,0.988542,4,0.142857,0.428571,0.176471,0.176471,0,0.0,0,0,0.230769,0.20016,0,0,0,30,20,48,train,0
LED-000538|LED-000578,STL-000251-0,2,many_to_one,0,1,2280.82,0.009904,1.009904,2,0.2,0.442002,0.2,0.2,0,0.0,0,0,0.384615,0.367423,0,0,0,24,20,42,train,0
LED-000539|LED-000578,STL-000251-0,2,many_to_one,0,1,836.24,0.003609,1.003609,2,0.2,0.479853,0.2,0.2,0,0.0,0,0,0.384615,0.367423,0,0,0,24,20,42,train,0
LED-000004|LED-000156|LED-000201,STL-000251-0,3,many_to_one,0,1,378.66,0.001631,1.001631,3,0.142857,0.428571,0.142857,0.142857,0,0.0,0,0,0.307692,0.833908,0,0,0,35,20,53,train,0
LED-000004|LED-000201|LED-000329,STL-000251-0,3,many_to_one,0,1,5070.82,0.021339,0.978661,3,0.142857,0.428571,0.142857,0.142857,0,0.2,0,0,0.307692,0.833908,0,0,0,35,20,53,train,0
LED-000058|LED-000244|LED-000575,STL-000259-0,3,many_to_one,0,1,1163.14,0.00858,1.00858,3,0.26087,0.653509,0.235294,0.235294,0,0.171499,0,0,0.230769,0.167984,0,0,0,66,17,81,train,0
LED-000017|LED-000193,STL-000261-0,2,many_to_one,0,1,3838.99,0.019974,1.019974,4,0.333333,0.467787,0.333333,0.333333,0,0.0,0,0,0.230769,0.76584,0,0,0,12,28,38,train,0
LED-000193|LED-000210,STL-000261-0,2,many_to_one,0,1,4590.13,0.022879,0.977121,4,1.0,1.0,1.0,1.0,1,1.0,0,0,0.230769,0.76584,0,0,0,23,28,49,train,0
LED-000160|LED-000350,STL-000262-0,2,many_to_one,0,1,4449.45,0.018385,0.981615,4,0.263158,0.572991,0.315789,0.315789,0,0.0,0,0,0.230769,0.099889,0,0,0,13,13,24,train,0
LED-000341|LED-000393,STL-000262-0,2,many_to_one,0,1,5976.63,0.024541,0.975459,4,0.375,0.610886,0.26087,0.26087,0,0.080845,0,0,0.230769,0.170561,0,0,0,11,13,22,train,0
LED-000106|LED-000160|LED-000341,STL-000262-0,3,many_to_one,0,1,870.39,0.003677,1.003677,4,0.375,0.610886,0.26087,0.26087,0,0.080845,0,0,0.230769,0.779383,0,0,0,13,13,24,train,0
LED-000106|LED-000221|LED-000350,STL-000262-0,3,many_to_one,0,1,1150.73,0.004821,0.995179,4,0.375,0.610886,0.315789,0.315789,0,0.080845,0,0,0.230769,0.779383,0,0,0,13,13,24,train,0
LED-000160|LED-000221|LED-000341,STL-000262-0,3,many_to_one,0,1,602.25,0.002542,1.002542,4,0.315789,0.589744,0.315789,0.315789,0,0.0,0,0,0.230769,0.170561,0,0,0,13,13,24,train,0
LED-000118|LED-000598,STL-000263-0,2,many_to_one,0,1,172.1,0.0018,0.9982,2,0.342857,0.614219,0.342857,0.342857,0,0.06742,0,0,0.307692,0.836905,0,0,0,51,59,108,train,0
LED-000029|LED-000200,STL-000265-0,2,many_to_one,0,1,186.14,0.001175,1.001175,2,0.186047,0.477513,0.232558,0.232558,0,0.076697,0,0,0.230769,0.199205,0,0,0,113,46,157,train,0
LED-000029|LED-000206,STL-000265-0,2,many_to_one,0,1,3852.32,0.023705,0.976295,4,0.186047,0.477513,0.232558,0.232558,0,0.076697,0,0,0.230769,0.786357,0,0,0,98,46,142,train,0
LED-000386|LED-000540,STL-000265-0,2,many_to_one,0,1,1598.54,0.009975,0.990025,1,1.0,1.0,1.0,1.0,1,1.0,0,0,0.230769,0.707107,0,0,0,53,46,97,train,0
LED-000098|LED-000136|LED-000541,STL-000268-0,3,many_to_one,0,1,5573.57,0.022756,0.977244,2,0.451613,0.635022,0.44,0.6,0,0.412514,0,0,0.230769,0.769897,0,0,0,24,7,29,train,0
LED-000056|LED-000098|LED-000136,STL-000268-0,3,many_to_one,0,1,3507.73,0.014443,0.985557,2,0.4,0.635022,0.44,0.6,0,0.412514,0,0,0.230769,0.769897,0,0,0,24,7,29,train,0
LED-000098|LED-000422|LED-000541,STL-000268-0,3,many_to_one,0,1,1906.19,0.008028,1.008028,2,0.451613,0.635022,0.44,0.6,0,0.412514,0,0,0.230769,0.769897,0,0,0,24,7,29,train,0
LED-000056|LED-000098|LED-000422,STL-000268-0,3,many_to_one,0,1,3972.03,0.016875,1.016875,2,0.451613,0.635022,0.44,0.6,0,0.412514,0,0,0.230769,0.769897,0,0,0,24,7,29,train,0
LED-000098|LED-000467|LED-000541,STL-000268-0,3,many_to_one,0,1,4935.39,0.021054,1.021054,1,0.451613,0.635022,0.44,0.6,0,0.412514,0,0,0.384615,0.769897,0,0,0,24,7,29,train,0
LED-000283|LED-000422|LED-000467,STL-000268-0,3,many_to_one,0,1,4999.58,0.02046,0.97954,2,0.451613,0.604978,0.387097,0.387097,0,0.0,0,0,0.384615,0.196419,0,0,0,19,7,24,train,0
LED-000008|LED-000252,STL-000273-0,2,many_to_one,0,1,1272.59,0.005673,0.994327,2,0.266667,0.511905,0.133333,0.133333,0,0.182574,0,0,0.230769,0.215614,0,0,0,20,17,35,train,0
LED-000506|LED-000571,STL-000273-0,2,many_to_one,0,1,3368.28,0.015333,1.015333,2,1.0,1.0,1.0,1.0,1,1.0,0,0,0.230769,0.851314,0,0,0,17,17,32,train,0
LED-000008|LED-000443|LED-000571,STL-000273-0,3,many_to_one,0,1,132.22,0.000592,0.999408,4,0.266667,0.511905,0.176471,0.176471,0,0.182574,0,0,0.230769,0.823853,0,0,0,30,17,45,train,0
LED-000088|LED-000512|LED-000571,STL-000273-0,3,many_to_one,0,1,2471.6,0.011205,1.011205,3,1.0,1.0,1.0,1.0,1,1.0,0,0,0.230769,0.10728,0,0,0,23,17,38,train,0
LED-000252|LED-000471|LED-000512,STL-000273-0,3,many_to_one,0,1,2337.91,0.010593,1.010593,4,0.333333,0.561905,0.333333,0.333333,0,0.182574,0,0,0.230769,0.486153,0,0,0,22,17,37,train,0
LED-000058|LED-000528,STL-000274-0,2,many_to_one,0,1,1773.53,0.007971,0.992029,1,0.066667,0.413333,0.066667,0.066667,0,0.0,0,0,0.230769,0.76584,0,0,0,62,39,99,train,0
LED-000244|LED-000528,STL-000274-0,2,many_to_one,0,1,3856.38,0.017782,1.017782,1,0.222222,0.413333,0.222222,0.222222,0,0.0,0,0,0.230769,0.76584,0,0,0,66,39,103,train,0
LED-000058|LED-000232|LED-000236,STL-000274-0,3,many_to_one,0,1,37.65,0.000171,1.000171,2,0.181818,0.455556,0.181818,0.181818,0,0.0,0,0,0.230769,0.76584,0,0,0,62,39,99,train,0
LED-000058|LED-000232|LED-000277,STL-000274-0,3,many_to_one,0,1,1759.35,0.008035,1.008035,2,0.222222,0.455556,0.222222,0.222222,0,0.0,0,0,0.230769,0.76584,0,0,0,62,39,99,train,0
LED-000058|LED-000236|LED-000277,STL-000274-0,3,many_to_one,0,1,1205.88,0.005434,0.994566,1,0.222222,0.413333,0.222222,0.222222,0,0.0,0,0,0.230769,0.255841,0,0,0,62,39,99,train,0
LED-000232|LED-000301|LED-000451,STL-000274-0,3,many_to_one,0,1,4571.39,0.020291,0.979709,4,0.181818,0.455556,0.181818,0.181818,0,0.0,0,0,0.307692,0.76584,0,0,0,45,39,82,train,0
LED-000232|LED-000301|LED-000575,STL-000274-0,3,many_to_one,0,1,47.58,0.000216,1.000216,4,0.181818,0.455556,0.181818,0.181818,0,0.0,0,0,0.230769,0.76584,0,0,0,45,39,82,train,0
LED-000236|LED-000301|LED-000575,STL-000274-0,3,many_to_one,0,1,2917.65,0.013046,0.986954,4,0.166667,0.335088,0.166667,0.166667,0,0.0,0,0,0.230769,0.222277,0,0,0,45,39,82,train,0
LED-000236|LED-000244|LED-000277,STL-000274-0,3,many_to_one,0,1,4424.03,0.020453,1.020453,1,0.222222,0.351282,0.222222,0.222222,0,0.0,0,0,0.230769,0.213201,0,0,0,66,39,103,train,0
LED-000244|LED-000281|LED-000301,STL-000274-0,3,many_to_one,0,1,5466.72,0.024168,0.975832,4,0.333333,0.561905,0.333333,0.333333,0,0.0,0,0,0.230769,0.205152,0,0,0,66,39,103,train,0
LED-000277|LED-000301|LED-000575,STL-000274-0,3,many_to_one,0,1,1195.95,0.005389,0.994611,4,0.222222,0.351282,0.222222,0.222222,0,0.0,0,0,0.230769,0.222277,0,0,0,45,39,82,train,0
LED-000353|LED-000451|LED-000575,STL-000274-0,3,many_to_one,0,1,4526.02,0.020093,0.979907,4,0.181818,0.455556,0.181818,0.181818,0,0.0,0,0,0.307692,0.76584,0,0,0,38,39,75,train,0
LED-000138|LED-000284,STL-000278-0,2,many_to_one,0,1,2613.7,0.021263,1.021263,3,0.4,0.648343,0.4,0.4,0,0.050572,0,0,0.230769,0.806559,0,0,0,54,34,86,train,0
LED-000041|LED-000556,STL-000279-0,2,many_to_one,0,1,1130.77,0.006742,1.006742,4,0.307692,0.502646,0.307692,0.307692,0,0.0,0,0,0.230769,0.525105,0,0,0,22,27,47,train,0
LED-000041|LED-000231|LED-000363,STL-000279-0,3,many_to_one,0,1,1575.85,0.00942,1.00942,4,0.363636,0.51339,0.363636,0.363636,0,0.113961,0,0,0.230769,0.407046,0,0,0,22,27,47,train,0
LED-000301|LED-000330,STL-000281-0,2,many_to_one,0,1,239.39,0.001609,1.001609,3,0.285714,0.497619,0.232558,0.232558,0,0.08165,0,0,0.230769,0.06601,0,0,0,45,17,60,train,0
LED-000353|LED-000451,STL-000281-0,2,many_to_one,0,1,1571.33,0.010657,1.010657,2,0.153846,0.436508,0.153846,0.153846,0,0.0,0,0,0.230769,0.469668,0,0,0,38,17,53,train,0
LED-000451|LED-000459|LED-000563,STL-000281-0,3,many_to_one,0,1,3509.94,0.023012,0.976988,4,0.285714,0.547619,0.190476,0.190476,0,0.119523,0,0,0.230769,0.830291,0,0,0,38,17,53,train,0
LED-000187|LED-000320,STL-000294-0,2,many_to_one,0,1,66.0,0.002043,1.002043,4,0.372093,0.644473,0.325581,0.325581,0,0.0,0,0,0.230769,0.244949,0,0,0,25,34,57,train,0
LED-000187|LED-000291|LED-000533,STL-000298-0,3,many_to_one,0,1,2018.08,0.015918,0.984082,3,0.347826,0.558824,0.347826,0.428571,0,0.0,0,0,0.307692,0.869582,0,0,0,25,27,50,train,0
LED-000187|LED-000337|LED-000533,STL-000298-0,3,many_to_one,0,1,1839.99,0.014534,0.985466,4,0.347826,0.558824,0.347826,0.428571,0,0.0,0,0,0.230769,0.440959,0,0,0,25,27,50,train,0
LED-000053|LED-000127,STL-000300-0,2,many_to_one,0,1,2827.2,0.016109,0.983891,3,0.325581,0.577887,0.325581,0.325581,0,0.050637,0,0,0.0,0.769897,0,1,0,115,43,156,train,0
LED-000053|LED-000214,STL-000300-0,2,many_to_one,0,1,2394.02,0.013674,0.986326,3,0.352941,0.53853,0.352941,0.325581,0,0.050637,0,0,0.0,0.186772,0,1,0,115,43,156,train,0
LED-000053|LED-000521,STL-000300-0,2,many_to_one,0,1,3794.23,0.0215,0.9785,4,0.4,0.592425,0.325581,0.325581,0,0.07785,0,0,0.0,0.186772,0,1,0,115,43,156,train,0
LED-000122|LED-000469,STL-000300-0,2,many_to_one,0,1,4250.39,0.024023,0.975977,3,0.318182,0.577887,0.272727,0.272727,0,0.0,0,0,0.0,0.255377,0,1,0,96,43,137,train,0
LED-000190|LED-000206|LED-000469,STL-000300-0,3,many_to_one,0,1,2817.47,0.016587,1.016587,3,0.352941,0.577887,0.352941,0.352941,0,0.066667,0,0,0.0,0.255377,0,1,0,98,43,139,train,0
LED-000080|LED-000114|LED-000119,STL-000302-0,3,many_to_one,0,1,3065.29,0.014606,1.014606,4,0.235294,0.516049,0.277778,0.277778,0,0.065938,0,0,0.0,0.142134,0,1,0,19,9,26,train,0
LED-000080|LED-000362|LED-000551,STL-000302-0,3,many_to_one,0,1,1437.03,0.006703,0.993297,4,0.631579,0.755556,0.631579,0.631579,0,0.358569,0,0,0.0,0.781736,0,1,0,19,9,26,train,0
LED-000114|LED-000119|LED-000131,STL-000302-0,3,many_to_one,0,1,5334.73,0.024441,0.975559,4,0.216216,0.516049,0.277778,0.277778,0,0.065938,0,0,0.0,0.231455,0,1,0,22,9,29,train,0
LED-000131|LED-000149|LED-000551,STL-000302-0,3,many_to_one,0,1,3657.42,0.017476,1.017476,2,0.631579,0.755556,0.631579,0.631579,0,0.358569,0,0,0.0,0.231455,0,1,0,23,9,30,train,0
LED-000020|LED-000153,STL-000303-0,2,many_to_one,0,1,251.15,0.003684,0.996316,4,0.32,0.54,0.32,0.32,0,0.043644,0,0,0.230769,0.755929,0,0,0,61,64,123,test,0
LED-000058|LED-000134,STL-000308-0,2,many_to_one,0,1,2304.56,0.011419,0.988581,1,0.333333,0.561905,0.333333,0.333333,0,0.0,0,0,0.230769,0.244949,0,0,0,62,34,94,train,0
LED-000134|LED-000244,STL-000308-0,2,many_to_one,0,1,3325.35,0.016949,1.016949,1,0.333333,0.561905,0.333333,0.333333,0,0.0,0,0,0.230769,0.235702,0,0,0,66,34,98,train,0
LED-000058|LED-000228|LED-000244,STL-000308-0,3,many_to_one,0,1,1336.09,0.006742,1.006742,1,0.285714,0.547619,0.25,0.25,0,0.119523,0,0,0.230769,0.244949,0,0,0,66,34,98,train,0
LED-000058|LED-000232|LED-000575,STL-000308-0,3,many_to_one,0,1,2989.1,0.01476,0.98524,3,0.25,0.455238,0.25,0.25,0,0.108465,0,0,0.307692,0.244949,0,0,0,62,34,94,train,0
LED-000058|LED-000277|LED-000575,STL-000308-0,3,many_to_one,0,1,4232.63,0.020773,0.979227,1,0.25,0.479853,0.25,0.25,0,0.108465,0,0,0.230769,0.244949,0,0,0,62,34,94,train,0
LED-000232|LED-000244|LED-000451,STL-000308-0,3,many_to_one,0,1,1978.16,0.009817,0.990183,3,0.2,0.479853,0.153846,0.153846,0,0.0,0,0,0.307692,0.235702,0,0,0,66,34,98,train,0
LED-000232|LED-000244|LED-000575,STL-000308-0,3,many_to_one,0,1,2640.81,0.013413,1.013413,3,0.230769,0.479853,0.230769,0.230769,0,0.108465,0,0,0.307692,0.235702,0,0,0,66,34,98,train,0
LED-000236|LED-000244|LED-000451,STL-000308-0,3,many_to_one,0,1,4943.39,0.024177,0.975823,3,0.25,0.479853,0.153846,0.153846,0,0.169031,0,0,0.230769,0.235702,0,0,0,66,34,98,train,0
LED-000236|LED-000244|LED-000575,STL-000308-0,3,many_to_one,0,1,324.42,0.001623,0.998377,2,0.25,0.479853,0.230769,0.230769,0,0.169031,0,0,0.230769,0.235702,0,0,0,66,34,98,train,0
LED-000244|LED-000277|LED-000451,STL-000308-0,3,many_to_one,0,1,3221.69,0.01589,0.98411,3,0.2,0.479853,0.153846,0.153846,0,0.0,0,0,0.230769,0.244949,0,0,0,66,34,98,train,0
LED-000075|LED-000244|LED-000451,STL-000308-0,3,many_to_one,0,1,4282.26,0.021012,0.978988,3,0.2,0.479853,0.153846,0.153846,0,0.0,0,0,0.230769,0.235702,0,0,0,66,34,98,train,0
LED-000244|LED-000277|LED-000575,STL-000308-0,3,many_to_one,0,1,1397.28,0.007053,1.007053,1,0.230769,0.479853,0.230769,0.230769,0,0.108465,0,0,0.230769,0.244949,0,0,0,66,34,98,train,0
LED-000075|LED-000244|LED-000575,STL-000308-0,3,many_to_one,0,1,336.71,0.00169,1.00169,1,0.230769,0.479853,0.230769,0.230769,0,0.108465,0,0,0.230769,0.235702,0,0,0,66,34,98,train,0
LED-000283|LED-000541,STL-000312-0,2,many_to_one,0,1,480.56,0.002357,1.002357,3,0.411765,0.643494,0.411765,0.411765,0,0.133333,0,0,0.0,0.189934,0,1,0,22,8,28,train,0
LED-000056|LED-000283,STL-000312-0,2,many_to_one,0,1,2546.4,0.012619,1.012619,3,0.355556,0.614792,0.4,0.4,0,0.04714,0,0,0.0,0.081044,0,1,0,23,8,29,train,0
LED-000056|LED-000136|LED-000541,STL-000312-0,3,many_to_one,0,1,4741.93,0.023757,1.023757,3,0.411765,0.643494,0.411765,0.411765,0,0.133333,0,0,0.0,0.189934,0,1,0,23,8,29,train,0
LED-000185|LED-000283|LED-000422,STL-000312-0,3,many_to_one,0,1,4689.24,0.022433,0.977567,3,0.411765,0.643494,0.411765,0.411765,0,0.133333,0,0,0.0,0.274352,0,1,0,27,8,33,train,0
LED-000185|LED-000283|LED-000467,STL-000312-0,3,many_to_one,0,1,1660.04,0.008058,0.991942,3,0.363636,0.614792,0.4,0.4,0,0.053838,0,0,0.0,0.742308,0,1,0,27,8,33,train,0
LED-000185|LED-000283|LED-000418,STL-000312-0,3,many_to_one,0,1,4095.5,0.019649,0.980351,3,0.355556,0.614792,0.4,0.4,0,0.04714,0,0,0.0,0.274352,0,1,0,33,8,39,train,0
LED-000072|LED-000416,STL-000313-0,2,many_to_one,0,1,1241.27,0.005331,1.005331,3,0.285714,0.630952,0.285714,0.242424,0,0.0,0,0,0.230769,0.131559,0,0,0,37,15,50,train,0
LED-000191|LED-000207,STL-000313-0,2,many_to_one,0,1,3740.45,0.015729,0.984271,4,0.352941,0.477513,0.352941,0.4,0,0.0,0,0,0.230769,0.083045,0,0,0,25,15,38,train,0
LED-000191|LED-000424,STL-000313-0,2,many_to_one,0,1,2502.53,0.010579,0.989421,3,0.2,0.477513,0.2,0.222222,0,0.0,0,0,0.230769,0.043033,0,0,0,25,15,38,train,0
LED-000072|LED-000191|LED-000207,STL-000313-0,3,many_to_one,0,1,4598.91,0.01927,0.98073,4,0.352941,0.630952,0.352941,0.4,0,0.0,0,0,0.230769,0.120483,0,0,0,37,15,50,train,0
LED-000072|LED-000191|LED-000424,STL-000313-0,3,many_to_one,0,1,3360.99,0.014156,0.985844,3,0.285714,0.630952,0.285714,0.242424,0,0.0,0,0,0.230769,0.120483,0,0,0,37,15,50,train,0
LED-000440|LED-000503|LED-000580,STL-000313-0,3,many_to_one,0,1,33.5,0.000143,0.999857,4,0.242424,0.502198,0.242424,0.193548,0,0.175412,0,0,0.230769,0.160644,0,0,0,39,15,52,train,0
LED-000098|LED-000541,STL-000316-0,2,many_to_one,0,1,2123.81,0.011721,1.011721,4,1.0,1.0,1.0,1.0,1,1.0,0,0,0.230769,0.76584,0,0,0,24,21,43,train,0
LED-000056|LED-000098,STL-000316-0,2,many_to_one,0,1,4189.65,0.023388,1.023388,4,0.45283,0.631683,0.415094,0.415094,0,0.0,0,0,0.230769,0.76584,0,0,0,24,21,43,train,0
LED-000098|LED-000185|LED-000458,STL-000316-0,3,many_to_one,0,1,3037.72,0.0163,0.9837,4,0.45283,0.631683,0.415094,0.415094,0,0.0,0,0,0.230769,0.76584,0,0,0,27,21,46,train,0
LED-000098|LED-000185|LED-000467,STL-000316-0,3,many_to_one,0,1,16.79,9.2e-05,0.999908,4,0.45283,0.631683,0.415094,0.415094,0,0.0,0,0,0.230769,0.76584,0,0,0,27,21,46,train,0
LED-000098|LED-000185|LED-000418,STL-000316-0,3,many_to_one,0,1,2452.25,0.0132,0.9868,4,0.45283,0.631683,0.415094,0.415094,0,0.0,0,0,0.230769,0.791808,0,0,0,33,21,52,train,0
LED-000098|LED-000373|LED-000458,STL-000316-0,3,many_to_one,0,1,3221.11,0.017267,0.982733,4,0.5,0.640265,0.415094,0.415094,0,0.0,0,0,0.230769,0.76584,0,0,0,26,21,45,train,0
LED-000098|LED-000373|LED-000467,STL-000316-0,3,many_to_one,0,1,200.18,0.001091,0.998909,4,0.5,0.640265,0.415094,0.415094,0,0.0,0,0,0.230769,0.76584,0,0,0,24,21,43,train,0
LED-000098|LED-000373|LED-000418,STL-000316-0,3,many_to_one,0,1,2635.64,0.014173,0.985827,4,0.5,0.640265,0.415094,0.415094,0,0.0,0,0,0.230769,0.791808,0,0,0,33,21,52,train,0
LED-000418|LED-000458|LED-000541,STL-000316-0,3,many_to_one,0,1,2466.14,0.013636,1.013636,4,1.0,1.0,1.0,1.0,1,1.0,0,0,0.230769,0.791808,0,0,0,33,21,52,train,0
LED-000026|LED-000087,STL-000319-0,2,many_to_one,0,1,711.9,0.005518,1.005518,0,0.266667,0.426244,0.266667,0.266667,0,0.0,0,0,0.230769,0.115728,0,0,0,44,82,124,val,0
LED-000031|LED-000387|LED-000492,STL-000322-0,3,many_to_one,0,1,1458.64,0.010335,0.989665,4,0.30303,0.574074,0.285714,0.285714,0,0.0,0,0,0.384615,0.204124,0,0,0,31,23,52,train,0
LED-000043|LED-000219|LED-000387,STL-000322-0,3,many_to_one,0,1,1812.41,0.01281,0.98719,4,0.242424,0.539506,0.242424,0.242424,0,0.223607,0,0,0.230769,0.781736,0,0,0,32,23,53,train,0
LED-000049|LED-000387|LED-000492,STL-000322-0,3,many_to_one,0,1,1058.43,0.007521,0.992479,4,0.315789,0.605983,0.315789,0.315789,0,0.0,0,0,0.230769,0.204124,0,0,0,19,23,40,train,0
LED-000110|LED-000219|LED-000387,STL-000322-0,3,many_to_one,0,1,1785.1,0.012619,0.987381,4,0.242424,0.539506,0.242424,0.242424,0,0.223607,0,0,0.230769,0.781736,0,0,0,32,23,53,train,0
LED-000387|LED-000421|LED-000492,STL-000322-0,3,many_to_one,0,1,1596.21,0.01156,1.01156,4,0.347826,0.574074,0.347826,0.347826,0,0.0,0,0,0.307692,0.204124,0,0,0,26,23,47,train,0
LED-000047|LED-000266,STL-000323-0,2,many_to_one,0,1,3188.6,0.012613,0.987387,3,0.325581,0.604701,0.352941,0.352941,0,0.0,0,0,0.230769,0.438357,0,0,0,44,59,101,train,0
LED-000500|LED-000532,STL-000323-0,2,many_to_one,0,1,3756.63,0.01528,1.01528,0,0.588235,0.692991,0.588235,0.648649,0,0.509902,0,0,0.230769,0.06601,0,0,0,74,59,131,train,0
LED-000181|LED-000349|LED-000532,STL-000323-0,3,many_to_one,0,1,166.92,0.000668,0.999332,0,0.588235,0.692991,0.588235,0.648649,0,0.509902,0,0,0.230769,0.06601,0,0,0,74,59,131,train,0
LED-000213|LED-000292|LED-000532,STL-000323-0,3,many_to_one,0,1,4464.45,0.018212,1.018212,3,0.588235,0.692991,0.588235,0.648649,0,0.509902,0,0,0.307692,0.208979,0,0,0,74,59,131,train,0
LED-000224|LED-000517,STL-000324-0,2,many_to_one,0,1,4814.8,0.02037,0.97963,4,0.307692,0.617949,0.358974,0.358974,0,0.068041,0,0,0.0,0.769897,0,1,0,15,4,17,train,0
LED-000224|LED-000586,STL-000324-0,2,many_to_one,0,1,187.13,0.000809,1.000809,2,0.358974,0.617949,0.358974,0.358974,0,0.068041,0,0,0.0,0.793575,0,1,0,6,4,8,train,0
LED-000219|LED-000513|LED-000563,STL-000330-0,3,many_to_one,0,1,77.76,0.000794,1.000794,4,0.354839,0.591042,0.354839,0.354839,0,0.0,0,0,0.230769,0.781736,0,0,0,38,31,67,train,0
LED-000014|LED-000583,STL-000335-0,2,many_to_one,0,1,4992.9,0.020877,1.020877,4,0.315789,0.604701,0.352941,0.352941,0,0.0,0,0,0.307692,0.222718,0,0,0,43,22,63,train,0
LED-000060|LED-000152,STL-000335-0,2,many_to_one,0,1,5950.56,0.023792,0.976208,1,0.285714,0.527778,0.285714,0.285714,0,0.182574,0,0,0.230769,0.205152,0,0,0,35,22,55,train,0
LED-000104|LED-000195,STL-000335-0,2,many_to_one,0,1,590.05,0.002411,0.997589,4,1.0,1.0,1.0,1.0,1,1.0,0,0,0.230769,0.045361,0,0,0,35,22,55,train,0
LED-000116|LED-000195,STL-000335-0,2,many_to_one,0,1,4107.59,0.017111,1.017111,2,0.24,0.517157,0.222222,0.222222,0,0.0,0,0,0.230769,0.707107,0,0,0,28,22,48,train,0
LED-000195|LED-000531,STL-000335-0,2,many_to_one,0,1,2455.99,0.010161,1.010161,4,0.272727,0.466667,0.272727,0.272727,0,0.0,0,0,0.230769,0.0,0,0,0,36,22,56,train,0
LED-000195|LED-000591,STL-000335-0,2,many_to_one,0,1,2320.53,0.009415,0.990585,2,0.222222,0.466667,0.222222,0.222222,0,0.0,0,0,0.230769,0.0,0,0,0,32,22,52,train,0
LED-000060|LED-000104|LED-000531,STL-000335-0,3,many_to_one,0,1,5044.42,0.021096,1.021096,4,1.0,1.0,1.0,1.0,1,1.0,0,0,0.230769,0.205152,0,0,0,36,22,56,train,0
LED-000060|LED-000104|LED-000591,STL-000335-0,3,many_to_one,0,1,267.9,0.001098,1.001098,4,1.0,1.0,1.0,1.0,1,1.0,0,0,0.230769,0.205152,0,0,0,35,22,55,train,0
LED-000060|LED-000116|LED-000591,STL-000335-0,3,many_to_one,0,1,4965.54,0.02076,1.02076,1,0.266667,0.517157,0.16,0.16,0,0.182574,0,0,0.230769,0.707107,0,0,0,35,22,55,train,0
LED-000060|LED-000531|LED-000591,STL-000335-0,3,many_to_one,0,1,3313.94,0.01376,1.01376,4,0.272727,0.511905,0.272727,0.272727,0,0.182574,0,0,0.230769,0.205152,0,0,0,36,22,56,train,0
LED-000104|LED-000152|LED-000583,STL-000335-0,3,many_to_one,0,1,5704.94,0.023925,1.023925,4,1.0,1.0,1.0,1.0,1,1.0,0,0,0.230769,0.045361,0,0,0,43,22,63,train,0
LED-000152|LED-000583|LED-000591,STL-000335-0,3,many_to_one,0,1,3974.46,0.016548,1.016548,4,0.315789,0.527778,0.315789,0.315789,0,0.0,0,0,0.230769,0.045361,0,0,0,43,22,63,train,0
LED-000017|LED-000476,STL-000339-0,2,many_to_one,0,1,3412.66,0.014665,0.985335,4,0.618182,0.671285,0.581818,0.615385,0,0.494902,0,0,0.230769,0.084667,0,0,0,12,7,17,train,0
LED-000210|LED-000457,STL-000339-0,2,many_to_one,0,1,1808.3,0.007825,0.992175,0,0.618182,0.671285,0.581818,0.615385,0,0.494902,0,0,0.230769,0.707107,0,0,0,30,7,35,train,0
LED-000058|LED-000236,STL-000341-0,2,many_to_one,0,1,2016.92,0.015798,0.984202,4,0.470588,0.648148,0.470588,0.470588,0,0.0,0,0,0.230769,0.244949,0,0,0,62,22,82,train,0
LED-000058|LED-000277,STL-000341-0,2,many_to_one,0,1,295.22,0.002344,0.997656,3,0.190476,0.424145,0.190476,0.190476,0,0.0,0,0,0.230769,0.244949,0,0,0,62,22,82,train,0
LED-000058|LED-000075,STL-000341-0,2,many_to_one,0,1,1355.79,0.010675,0.989325,3,0.181818,0.387222,0.181818,0.181818,0,0.0,0,0,0.230769,0.244949,0,0,0,62,22,82,train,0
LED-000058|LED-000244|LED-000317,STL-000341-0,3,many_to_one,0,1,1039.37,0.008204,0.991796,3,0.190476,0.495098,0.24,0.24,0,0.0,0,0,0.307692,0.244949,0,0,0,66,22,86,train,0
LED-000053|LED-000103,STL-000342-0,2,many_to_one,0,1,2270.4,0.012128,1.012128,4,1.0,1.0,1.0,1.0,1,1.0,0,0,0.307692,0.094281,0,0,0,115,81,194,train,0
LED-000068|LED-000073,STL-000342-0,2,many_to_one,0,1,2428.94,0.012985,1.012985,0,0.341463,0.523097,0.341463,0.341463,0,0.060858,0,0,0.230769,0.688062,0,0,0,113,81,192,train,0
LED-000068|LED-000558,STL-000342-0,2,many_to_one,0,1,4258.7,0.021982,0.978018,0,0.341463,0.523097,0.341463,0.341463,0,0.060858,0,0,0.230769,0.175075,0,0,0,113,81,192,train,0
LED-000073|LED-000127,STL-000342-0,2,many_to_one,0,1,2047.09,0.010688,0.989312,4,0.3,0.579867,0.3,0.3,0,0.13901,0,0,0.230769,0.688062,0,0,0,88,81,167,train,0
LED-000073|LED-000214,STL-000342-0,2,many_to_one,0,1,1613.91,0.008446,0.991554,4,0.266667,0.492911,0.266667,0.285714,0,0.1283,0,0,0.230769,0.688062,0,0,0,88,81,167,train,0
LED-000127|LED-000190,STL-000342-0,2,many_to_one,0,1,1776.53,0.009465,1.009465,4,0.4,0.602456,0.4,0.4,0,0.13901,0,0,0.230769,0.169334,0,0,0,86,81,165,train,0
LED-000127|LED-000192,STL-000342-0,2,many_to_one,0,1,3960.45,0.021348,1.021348,4,0.3,0.579867,0.3,0.3,0,0.13901,0,0,0.307692,0.169334,0,0,0,114,81,193,train,0
LED-000168|LED-000200,STL-000342-0,2,many_to_one,0,1,4235.31,0.021864,0.978136,0,0.333333,0.549271,0.333333,0.333333,0,0.0,0,0,0.307692,0.73721,0,0,0,113,81,192,train,0
LED-000190|LED-000214,STL-000342-0,2,many_to_one,0,1,2209.71,0.0118,1.0118,4,0.4,0.602456,0.4,0.4,0,0.1283,0,0,0.230769,0.084667,0,0,0,86,81,165,train,0
LED-000192|LED-000214,STL-000342-0,2,many_to_one,0,1,4393.63,0.023738,1.023738,4,0.266667,0.492911,0.272727,0.285714,0,0.1283,0,0,0.307692,0.098295,0,0,0,114,81,193,train,0
LED-000053|LED-000103|LED-000200,STL-000342-0,3,many_to_one,0,1,3326.38,0.017252,0.982748,4,1.0,1.0,1.0,1.0,1,1.0,0,0,0.307692,0.239046,0,0,0,115,81,194,train,0
LED-000053|LED-000127|LED-000206,STL-000342-0,3,many_to_one,0,1,4335.35,0.023416,1.023416,4,0.307692,0.617949,0.358974,0.358974,0,0.13901,0,0,0.307692,0.73721,0,0,0,115,81,194,train,0
LED-000068|LED-000073|LED-000200,STL-000342-0,3,many_to_one,0,1,3167.84,0.016444,0.983556,0,0.341463,0.523097,0.341463,0.341463,0,0.060858,0,0,0.307692,0.688062,0,0,0,113,81,192,train,0
LED-000068|LED-000103|LED-000127,STL-000342-0,3,many_to_one,0,1,2451.98,0.01311,1.01311,4,1.0,1.0,1.0,1.0,1,1.0,0,0,0.230769,0.175075,0,0,0,113,81,192,train,0
LED-000068|LED-000103|LED-000214,STL-000342-0,3,many_to_one,0,1,2885.16,0.015462,1.015462,4,1.0,1.0,1.0,1.0,1,1.0,0,0,0.230769,0.175075,0,0,0,113,81,192,train,0
LED-000068|LED-000190|LED-000200,STL-000342-0,3,many_to_one,0,1,655.78,0.003473,1.003473,2,0.4,0.602456,0.4,0.4,0,0.060858,0,0,0.307692,0.239046,0,0,0,113,81,192,train,0
LED-000068|LED-000190|LED-000206,STL-000342-0,3,many_to_one,0,1,3382.68,0.017539,0.982461,2,0.4,0.602456,0.4,0.4,0,0.060858,0,0,0.230769,0.73721,0,0,0,113,81,192,train,0
LED-000068|LED-000192|LED-000200,STL-000342-0,3,many_to_one,0,1,2839.7,0.015215,1.015215,3,0.341463,0.523097,0.341463,0.341463,0,0.060858,0,0,0.307692,0.239046,0,0,0,114,81,193,train,0
LED-000068|LED-000192|LED-000206,STL-000342-0,3,many_to_one,0,1,1198.76,0.006287,0.993713,3,0.341463,0.549003,0.341463,0.341463,0,0.060858,0,0,0.307692,0.73721,0,0,0,114,81,193,train,0
LED-000103|LED-000127|LED-000214,STL-000342-0,3,many_to_one,0,1,1590.87,0.008326,0.991674,4,1.0,1.0,1.0,1.0,1,1.0,0,0,0.230769,0.169334,0,0,0,86,81,165,train,0
LED-000122|LED-000206|LED-000469,STL-000342-0,3,many_to_one,0,1,2912.16,0.015609,1.015609,4,0.3,0.579867,0.3,0.3,0,0.13901,0,0,0.230769,0.73721,0,0,0,98,81,177,train,0
LED-000127|LED-000190|LED-000200,STL-000342-0,3,many_to_one,0,1,3820.25,0.019763,0.980237,4,0.4,0.602456,0.4,0.4,0,0.13901,0,0,0.307692,0.239046,0,0,0,113,81,192,train,0
LED-000127|LED-000192|LED-000200,STL-000342-0,3,many_to_one,0,1,1636.33,0.008562,0.991438,4,0.3,0.579867,0.3,0.3,0,0.13901,0,0,0.307692,0.239046,0,0,0,114,81,193,train,0
LED-000190|LED-000200|LED-000214,STL-000342-0,3,many_to_one,0,1,3387.07,0.017562,0.982438,4,0.4,0.602456,0.4,0.4,0,0.1283,0,0,0.307692,0.239046,0,0,0,113,81,192,train,0
LED-000192|LED-000200|LED-000214,STL-000342-0,3,many_to_one,0,1,1203.15,0.00631,0.99369,4,0.266667,0.492911,0.272727,0.285714,0,0.1283,0,0,0.307692,0.239046,0,0,0,114,81,193,train,0
LED-000200|LED-000206|LED-000300,STL-000342-0,3,many_to_one,0,1,1565.77,0.008332,1.008332,2,0.285714,0.549003,0.285714,0.285714,0,0.0,0,0,0.307692,0.73721,0,0,0,113,81,192,train,0
LED-000014|LED-000081,STL-000346-0,2,many_to_one,0,1,3965.68,0.017894,0.982106,3,0.341463,0.617949,0.358974,0.358974,0,0.065372,0,0,0.0,0.296334,0,1,0,63,15,76,train,0
LED-000036|LED-000595,STL-000346-0,2,many_to_one,0,1,4255.04,0.019175,0.980825,4,0.275862,0.501068,0.275862,0.275862,0,0.0,0,0,0.0,0.254,0,1,0,37,15,50,train,0
LED-000531|LED-000595,STL-000346-0,2,many_to_one,0,1,4819.13,0.021662,0.978338,4,0.296296,0.518926,0.296296,0.296296,0,0.0,0,0,0.0,0.205153,0,1,0,36,15,49,train,0
LED-000081|LED-000195|LED-000583,STL-000346-0,3,many_to_one,0,1,3022.66,0.013698,0.986302,3,0.416667,0.582085,0.416667,0.416667,0,0.060858,0,0,0.0,0.707107,0,1,0,63,15,76,train,0
LED-000081|LED-000562|LED-000583,STL-000346-0,3,many_to_one,0,1,1627.82,0.007424,0.992576,3,0.416667,0.603276,0.416667,0.416667,0,0.078567,0,0,0.0,0.659966,0,1,0,63,15,76,train,0
LED-000104|LED-000151|LED-000411,STL-000346-0,3,many_to_one,0,1,3560.22,0.01663,1.01663,4,0.380952,0.605983,0.380952,0.380952,0,0.0,0,0,0.0,0.254,0,1,0,51,15,64,train,0
LED-000191|LED-000543,STL-000347-0,2,many_to_one,0,1,1059.12,0.007008,1.007008,2,0.363636,0.575476,0.30303,0.30303,0,0.089087,0,0,0.230769,0.419573,0,0,0,42,15,55,train,0
LED-000072|LED-000191|LED-000543,STL-000347-0,3,many_to_one,0,1,200.66,0.00132,1.00132,3,0.363636,0.575476,0.30303,0.30303,0,0.089087,0,0,0.230769,0.419573,0,0,0,42,15,55,train,0
LED-000186|LED-000572,STL-000351-0,2,many_to_one,0,1,2015.46,0.021869,0.978131,3,0.391304,0.648343,0.347826,0.347826,0,0.050572,0,0,0.230769,0.17525,0,0,0,28,28,54,train,0
LED-000030|LED-000052,STL-000352-0,2,many_to_one,0,1,1887.16,0.014901,1.014901,1,0.428571,0.573138,0.285714,0.285714,0,0.0,0,0,0.230769,0.504505,0,0,0,63,64,125,train,0
LED-000069|LED-000123,STL-000352-0,2,many_to_one,0,1,2298.43,0.017568,0.982432,2,0.636364,0.893333,0.636364,1.0,0,0.57735,0,0,0.307692,0.06601,0,0,0,61,64,123,train,0
LED-000123|LED-000461,STL-000352-0,2,many_to_one,0,1,1955.19,0.014984,0.985016,3,0.636364,0.893333,0.636364,1.0,0,0.57735,0,0,0.307692,0.092406,0,0,0,61,64,123,train,0
LED-000255|LED-000325,STL-000352-0,2,many_to_one,0,1,3085.97,0.023446,0.976554,2,0.428571,0.573138,0.285714,0.285714,0,0.0,0,0,0.230769,0.486153,0,0,0,61,64,123,train,0
LED-000030|LED-000205|LED-000325,STL-000352-0,3,many_to_one,0,1,736.87,0.0057,0.9943,2,0.285714,0.526543,0.285714,0.285714,0,0.0,0,0,0.230769,0.486153,0,0,0,63,64,125,train,0
LED-000052|LED-000123|LED-000325,STL-000352-0,3,many_to_one,0,1,2425.26,0.019232,1.019232,2,0.636364,0.893333,0.636364,1.0,0,0.57735,0,0,0.307692,0.504505,0,0,0,61,64,123,train,0
LED-000458|LED-000537,STL-000357-0,2,many_to_one,0,1,1001.95,0.007268,1.007268,0,0.181818,0.48366,0.181818,0.285714,0,0.0,0,0,0.230769,0.163299,0,0,0,26,35,59,train,0
LED-000418|LED-000537,STL-000357-0,2,many_to_one,0,1,1587.42,0.011564,1.011564,2,0.285714,0.527778,0.285714,0.285714,0,0.0,0,0,0.230769,0.796003,0,0,0,33,35,66,train,0
LED-000056|LED-000541,STL-000357-0,2,many_to_one,0,1,2989.01,0.021999,1.021999,4,0.285714,0.527778,0.285714,0.285714,0,0.0,0,0,0.307692,0.796003,0,0,0,23,35,56,train,0
LED-000056|LED-000185|LED-000458,STL-000357-0,3,many_to_one,0,1,2172.52,0.015404,0.984596,4,0.333333,0.555556,0.333333,0.333333,0,0.0,0,0,0.307692,0.796003,0,0,0,27,35,60,train,0
LED-000185|LED-000467|LED-000541,STL-000357-0,3,many_to_one,0,1,1217.43,0.008691,0.991309,4,0.333333,0.555556,0.333333,0.333333,0,0.0,0,0,0.230769,0.109985,0,0,0,27,35,60,train,0
LED-000056|LED-000185|LED-000467,STL-000357-0,3,many_to_one,0,1,848.41,0.006147,1.006147,4,0.333333,0.555556,0.333333,0.333333,0,0.0,0,0,0.307692,0.796003,0,0,0,27,35,60,train,0
LED-000056|LED-000185|LED-000418,STL-000357-0,3,many_to_one,0,1,1587.05,0.0113,0.9887,4,0.333333,0.555556,0.333333,0.333333,0,0.0,0,0,0.307692,0.796003,0,0,0,33,35,66,train,0
LED-000056|LED-000373|LED-000458,STL-000357-0,3,many_to_one,0,1,2355.91,0.016683,0.983317,4,0.285714,0.527778,0.285714,0.285714,0,0.0,0,0,0.307692,0.796003,0,0,0,26,35,59,train,0
LED-000373|LED-000467|LED-000541,STL-000357-0,3,many_to_one,0,1,1400.82,0.009987,0.990013,4,0.181818,0.48366,0.181818,0.181818,0,0.0,0,0,0.230769,0.109985,0,0,0,22,35,55,train,0
LED-000056|LED-000373|LED-000467,STL-000357-0,3,many_to_one,0,1,665.02,0.004812,1.004812,4,0.285714,0.527778,0.285714,0.285714,0,0.0,0,0,0.307692,0.796003,0,0,0,23,35,56,train,0
LED-000056|LED-000373|LED-000418,STL-000357-0,3,many_to_one,0,1,1770.44,0.012589,0.987411,4,0.285714,0.527778,0.285714,0.285714,0,0.0,0,0,0.307692,0.796003,0,0,0,33,35,66,train,0
LED-000088|LED-000296,STL-000360-0,2,many_to_one,0,1,2059.34,0.010315,1.010315,3,0.171429,0.417989,0.25,0.25,0,0.0,0,0,0.230769,0.14304,0,0,0,34,19,51,train,0
LED-000080|LED-000131,STL-000369-0,2,many_to_one,0,1,1282.38,0.016111,1.016111,3,0.315789,0.589744,0.315789,0.315789,0,0.0,0,0,0.230769,0.746004,0,0,0,22,23,43,train,0
LED-000272|LED-000408,STL-000375-0,2,many_to_one,0,1,1565.49,0.010897,0.989103,3,0.913043,0.939429,0.913043,0.913043,0,0.793884,0,0,0.230769,0.638915,0,0,0,27,31,56,val,0
LED-000196|LED-000465,STL-000376-0,2,many_to_one,0,1,3024.41,0.019551,1.019551,1,0.421053,0.614815,0.315789,0.315789,0,0.0,0,0,0.307692,0.117851,0,0,0,83,43,124,train,0
LED-000239|LED-000369,STL-000376-0,2,many_to_one,0,1,384.21,0.002442,1.002442,4,0.285714,0.524444,0.235294,0.235294,0,0.0,0,0,0.230769,0.038576,0,0,0,59,43,100,train,0
LED-000246|LED-000564,STL-000376-0,2,many_to_one,0,1,2463.11,0.015865,1.015865,2,0.216216,0.445767,0.216216,0.216216,0,0.0,0,0,0.230769,0.038576,0,0,0,83,43,124,train,0
LED-000246|LED-000585,STL-000376-0,2,many_to_one,0,1,1039.74,0.006549,0.993451,3,0.216216,0.447531,0.216216,0.216216,0,0.0,0,0,0.230769,0.065372,0,0,0,83,43,124,train,0
LED-000289|LED-000412,STL-000376-0,2,many_to_one,0,1,3873.87,0.023973,0.976027,4,0.285714,0.472904,0.214286,0.214286,0,0.0,0,0,0.307692,0.285774,0,0,0,41,43,82,train,0
LED-000361|LED-000522,STL-000376-0,2,many_to_one,0,1,2318.37,0.014918,1.014918,1,0.285714,0.472904,0.235294,0.235294,0,0.0,0,0,0.230769,0.109985,0,0,0,66,43,107,train,0
LED-000361|LED-000564,STL-000376-0,2,many_to_one,0,1,499.12,0.003175,1.003175,2,0.176471,0.417989,0.235294,0.235294,0,0.0,0,0,0.230769,0.037268,0,0,0,66,43,107,train,0
LED-000361|LED-000585,STL-000376-0,2,many_to_one,0,1,3003.73,0.018689,0.981311,3,0.176471,0.447531,0.235294,0.235294,0,0.0,0,0,0.230769,0.065372,0,0,0,66,43,107,train,0
LED-000246|LED-000289|LED-000369,STL-000376-0,3,many_to_one,0,1,1275.36,0.008152,1.008152,4,0.285714,0.524444,0.235294,0.235294,0,0.0,0,0,0.307692,0.285774,0,0,0,83,43,124,train,0
LED-000246|LED-000361|LED-000412,STL-000376-0,3,many_to_one,0,1,3183.81,0.019787,0.980213,4,0.216216,0.445767,0.235294,0.235294,0,0.0,0,0,0.230769,0.244949,0,0,0,83,43,124,train,0
LED-000289|LED-000361|LED-000369,STL-000376-0,3,many_to_one,0,1,688.63,0.004347,0.995653,4,0.285714,0.524444,0.235294,0.235294,0,0.0,0,0,0.307692,0.285774,0,0,0,66,43,107,train,0
LED-000448|LED-000462,STL-000380-0,2,many_to_one,0,1,3924.64,0.021222,1.021222,0,0.333333,0.518908,0.333333,0.333333,0,0.0,0,0,0.230769,0.163299,0,0,0,26,18,42,train,0
LED-000086|LED-000436,STL-000383-0,2,many_to_one,0,1,2594.66,0.020356,1.020356,3,0.341463,0.589744,0.341463,0.341463,0,0.060858,0,0,0.307692,0.281127,0,0,0,50,39,87,train,0
LED-000037|LED-000092|LED-000239,STL-000383-0,3,many_to_one,0,1,509.39,0.003901,0.996099,4,0.380952,0.610886,0.380952,0.380952,0,0.080845,0,0,0.230769,0.200805,0,0,0,59,39,96,train,0
LED-000037|LED-000239|LED-000246,STL-000383-0,3,many_to_one,0,1,956.42,0.0073,0.9927,4,0.375,0.610886,0.341463,0.341463,0,0.080845,0,0,0.230769,0.200805,0,0,0,83,39,120,train,0
LED-000092|LED-000196|LED-000436,STL-000383-0,3,many_to_one,0,1,1728.59,0.01347,1.01347,4,0.380952,0.603205,0.380952,0.380952,0,0.13901,0,0,0.307692,0.731564,0,0,0,83,39,120,train,0
LED-000086|LED-000196|LED-000239,STL-000383-0,3,many_to_one,0,1,620.25,0.004792,1.004792,4,0.375,0.610886,0.341463,0.341463,0,0.13901,0,0,0.230769,0.731564,0,0,0,83,39,120,train,0
LED-000196|LED-000246|LED-000436,STL-000383-0,3,many_to_one,0,1,1281.56,0.009952,1.009952,4,0.341463,0.589744,0.341463,0.341463,0,0.13901,0,0,0.307692,0.731564,0,0,0,83,39,120,train,0
LED-000184|LED-000196,STL-000388-0,2,many_to_one,0,1,5526.29,0.024269,1.024269,2,1.0,1.0,1.0,1.0,1,1.0,0,0,0.230769,0.083992,0,0,0,83,54,135,train,0
LED-000184|LED-000246,STL-000388-0,2,many_to_one,0,1,2708.59,0.01148,0.98852,2,1.0,1.0,1.0,1.0,1,1.0,0,0,0.230769,0.742308,0,0,0,83,54,135,train,0
LED-000184|LED-000361,STL-000388-0,2,many_to_one,0,1,4672.58,0.01964,0.98036,2,1.0,1.0,1.0,1.0,1,1.0,0,0,0.230769,0.130931,0,0,0,66,54,118,train,0
LED-000239|LED-000376,STL-000388-0,2,many_to_one,0,1,128.44,0.000551,1.000551,1,1.0,1.0,1.0,1.0,1,1.0,0,0,0.230769,0.742308,0,0,0,59,54,111,train,0
LED-000436|LED-000465,STL-000388-0,2,many_to_one,0,1,5127.26,0.022478,1.022478,2,0.363636,0.580891,0.409091,0.409091,0,0.048507,0,0,0.230769,0.195965,0,0,0,50,54,102,train,0
LED-000086|LED-000570,STL-000388-0,2,many_to_one,0,1,3632.02,0.015334,0.984666,3,0.382979,0.58796,0.382979,0.382979,0,0.044281,0,0,0.230769,0.20261,0,0,0,50,54,102,train,0
LED-000147|LED-000196|LED-000436,STL-000388-0,3,many_to_one,0,1,3500.74,0.015238,1.015238,3,0.391304,0.648343,0.409091,0.409091,0,0.050572,0,0,0.230769,0.195965,0,0,0,83,54,135,train,0
LED-000086|LED-000147|LED-000239,STL-000388-0,3,many_to_one,0,1,5395.45,0.02261,0.97739,3,1.0,1.0,1.0,1.0,1,1.0,0,0,0.230769,0.742308,0,0,0,59,54,111,train,0
LED-000147|LED-000246|LED-000436,STL-000388-0,3,many_to_one,0,1,4734.14,0.019894,0.980106,3,0.382979,0.58796,0.409091,0.409091,0,0.048507,0,0,0.230769,0.742308,0,0,0,83,54,135,train,0
LED-000196|LED-000239|LED-000465,STL-000388-0,3,many_to_one,0,1,3152.85,0.013703,1.013703,2,1.0,1.0,1.0,1.0,1,1.0,0,0,0.230769,0.742308,0,0,0,83,54,135,train,0
LED-000196|LED-000246|LED-000570,STL-000388-0,3,many_to_one,0,1,4945.12,0.020762,0.979238,3,0.391304,0.648343,0.382979,0.382979,0,0.050572,0,0,0.230769,0.742308,0,0,0,83,54,135,train,0
LED-000196|LED-000436|LED-000522,STL-000388-0,3,many_to_one,0,1,1091.28,0.004657,0.995343,2,1.0,1.0,1.0,1.0,1,1.0,0,0,0.230769,0.195965,0,0,0,83,54,135,train,0
LED-000196|LED-000436|LED-000564,STL-000388-0,3,many_to_one,0,1,2910.53,0.012325,0.987675,3,0.391304,0.648343,0.409091,0.409091,0,0.108465,0,0,0.230769,0.717137,0,0,0,83,54,135,train,0
LED-000239|LED-000246|LED-000465,STL-000388-0,3,many_to_one,0,1,5082.03,0.021325,0.978675,2,1.0,1.0,1.0,1.0,1,1.0,0,0,0.230769,0.742308,0,0,0,83,54,135,train,0
LED-000239|LED-000246|LED-000522,STL-000388-0,3,many_to_one,0,1,4410.8,0.019276,1.019276,2,1.0,1.0,1.0,1.0,1,1.0,0,0,0.230769,0.742308,0,0,0,83,54,135,train,0
LED-000239|LED-000246|LED-000564,STL-000388-0,3,many_to_one,0,1,2591.55,0.011236,1.011236,3,1.0,1.0,1.0,1.0,1,1.0,0,0,0.230769,0.742308,0,0,0,83,54,135,train,0
LED-000239|LED-000246|LED-000585,STL-000388-0,3,many_to_one,0,1,911.3,0.003892,0.996108,4,1.0,1.0,1.0,1.0,1,1.0,0,0,0.230769,0.742308,0,0,0,83,54,135,train,0
LED-000239|LED-000361|LED-000522,STL-000388-0,3,many_to_one,0,1,2446.81,0.010602,1.010602,2,1.0,1.0,1.0,1.0,1,1.0,0,0,0.230769,0.742308,0,0,0,66,54,118,train,0
LED-000239|LED-000361|LED-000564,STL-000388-0,3,many_to_one,0,1,627.56,0.002698,1.002698,3,1.0,1.0,1.0,1.0,1,1.0,0,0,0.230769,0.742308,0,0,0,66,54,118,train,0
LED-000239|LED-000361|LED-000585,STL-000388-0,3,many_to_one,0,1,2875.29,0.012178,0.987822,4,1.0,1.0,1.0,1.0,1,1.0,0,0,0.230769,0.742308,0,0,0,66,54,118,train,0
LED-000246|LED-000289|LED-000376,STL-000388-0,3,many_to_one,0,1,1019.59,0.004391,1.004391,2,1.0,1.0,1.0,1.0,1,1.0,0,0,0.230769,0.742308,0,0,0,83,54,135,train,0
LED-000289|LED-000361|LED-000376,STL-000388-0,3,many_to_one,0,1,944.4,0.004033,0.995967,2,1.0,1.0,1.0,1.0,1,1.0,0,0,0.230769,0.408959,0,0,0,66,54,118,train,0
LED-000086|LED-000289|LED-000465,STL-000388-0,3,many_to_one,0,1,5357.1,0.023509,1.023509,2,1.0,1.0,1.0,1.0,1,1.0,0,0,0.230769,0.045502,0,0,0,50,54,102,train,0
LED-000123|LED-000325,STL-000389-2,2,many_to_one,0,1,578.07,0.013272,0.986728,2,0.230769,0.417711,0.230769,0.230769,0,0.108465,0,0,0.307692,0.518563,0,0,0,61,65,124,train,0
LED-000278|LED-000545,STL-000391-0,2,many_to_one,0,1,4427.06,0.023511,0.976489,1,0.5,0.640265,0.388889,0.388889,0,0.0,0,0,0.230769,0.707107,0,0,0,50,38,86,train,0
LED-000138|LED-000284|LED-000545,STL-000391-0,3,many_to_one,0,1,1813.36,0.009766,0.990234,3,0.4,0.592425,0.333333,0.333333,0,0.0,0,0,0.230769,0.707107,0,0,0,54,38,90,train,0
LED-000278|LED-000284|LED-000499,STL-000391-0,3,many_to_one,0,1,439.73,0.002397,1.002397,1,0.5,0.640265,0.388889,0.388889,0,0.0,0,0,0.307692,0.169334,0,0,0,55,38,91,train,0
LED-000294|LED-000577,STL-000394-0,2,many_to_one,0,1,13.09,6.6e-05,0.999934,1,0.618182,0.671285,0.581818,0.615385,0,0.494902,0,0,0.230769,0.756978,0,0,0,23,15,36,train,0
LED-000187|LED-000291|LED-000298,STL-000394-0,3,many_to_one,0,1,3144.2,0.015616,0.984384,4,0.355556,0.614792,0.4,0.4,0,0.04714,0,0,0.230769,0.770329,0,0,0,25,15,38,train,0
LED-000187|LED-000291|LED-000577,STL-000394-0,3,many_to_one,0,1,1974.55,0.010062,1.010062,4,0.618182,0.671285,0.581818,0.615385,0,0.494902,0,0,0.230769,0.756978,0,0,0,25,15,38,train,0
LED-000291|LED-000298|LED-000320,STL-000394-0,3,many_to_one,0,1,4335.3,0.022362,1.022362,4,0.355556,0.614792,0.4,0.4,0,0.04714,0,0,0.230769,0.770329,0,0,0,22,15,35,train,0
LED-000011|LED-000112,STL-000397-0,2,many_to_one,0,1,1537.53,0.013833,1.013833,4,0.2,0.467787,0.2,0.2,0,0.0,0,0,0.230769,0.138675,0,0,0,21,12,31,train,0
LED-000140|LED-000462,STL-000397-0,2,many_to_one,0,1,1139.12,0.010008,0.989992,2,0.3125,0.532381,0.3125,0.3125,0,0.0,0,0,0.230769,0.172133,0,0,0,26,12,36,train,0
LED-000031|LED-000387|LED-000492,STL-000403-0,3,many_to_one,0,1,2567.99,0.018196,1.018196,3,0.367347,0.626327,0.35,0.35,0,0.0,0,0,0.230769,0.421332,0,0,0,31,10,39,train,0
LED-000049|LED-000387|LED-000492,STL-000403-0,3,many_to_one,0,1,2968.2,0.021091,1.021091,3,0.367347,0.626327,0.461538,0.461538,0,0.0,0,0,0.230769,0.421332,0,0,0,19,10,27,train,0
LED-000023|LED-000325,STL-000409-0,2,many_to_one,0,1,932.63,0.012885,0.987115,4,0.181818,0.425926,0.181818,0.181818,0,0.0,0,0,0.230769,0.486153,0,0,0,61,36,95,train,0
LED-000023|LED-000052,STL-000409-1,2,many_to_one,0,1,3011.55,0.020163,0.979837,2,0.3,0.456383,0.3,0.3,0,0.0,0,0,0.230769,0.504505,0,0,0,48,32,78,train,0
LED-000023|LED-000205,STL-000409-1,2,many_to_one,0,1,63.49,0.000434,0.999566,1,0.962963,0.992593,0.962963,0.962963,0,0.869565,0,0,0.230769,0.191079,0,0,0,35,32,65,train,0
LED-000045|LED-000325,STL-000409-1,2,many_to_one,0,1,2372.48,0.016478,1.016478,3,0.307692,0.538955,0.269231,0.269231,0,0.0,0,0,0.230769,0.486153,0,0,0,61,32,91,train,0
LED-000123|LED-000306,STL-000409-1,2,many_to_one,0,1,2928.3,0.019616,0.980384,3,0.603774,0.703324,0.566038,0.566038,0,0.286251,0,0,0.307692,0.102899,0,0,0,61,32,91,train,0
LED-000023|LED-000030|LED-000123,STL-000409-1,3,many_to_one,0,1,2540.49,0.017063,0.982937,3,0.235294,0.402116,0.235294,0.235294,0,0.0,0,0,0.307692,0.123208,0,0,0,63,32,93,train,0
LED-000030|LED-000325|LED-000389,STL-000409-1,3,many_to_one,0,1,485.63,0.003329,1.003329,3,0.347826,0.648343,0.347826,0.347826,0,0.0,0,0,0.230769,0.823853,0,0,0,63,32,93,train,0
LED-000092|LED-000376,STL-000410-0,2,many_to_one,0,1,3720.48,0.02053,0.97947,4,1.0,1.0,1.0,1.0,1,1.0,0,0,0.230769,0.211667,0,0,0,47,26,71,train,0
LED-000196|LED-000376,STL-000410-0,2,many_to_one,0,1,4067.37,0.023452,1.023452,4,1.0,1.0,1.0,1.0,1,1.0,0,0,0.230769,0.036811,0,0,0,83,26,107,train,0
LED-000246|LED-000376,STL-000410-0,2,many_to_one,0,1,4167.51,0.02294,0.97706,4,1.0,1.0,1.0,1.0,1,1.0,0,0,0.230769,0.036811,0,0,0,83,26,107,train,0
LED-000037|LED-000083|LED-000092,STL-000410-0,3,many_to_one,0,1,2826.23,0.015673,0.984327,2,0.244898,0.527778,0.244898,0.244898,0,0.099015,0,0,0.307692,0.287214,0,0,0,47,26,71,train,0
LED-000037|LED-000083|LED-000246,STL-000410-0,3,many_to_one,0,1,3273.26,0.018107,0.981893,4,0.3125,0.595099,0.34375,0.34375,0,0.099015,0,0,0.307692,0.287214,0,0,0,83,26,107,train,0
LED-000037|LED-000196|LED-000383,STL-000410-0,3,many_to_one,0,1,42.08,0.000237,1.000237,4,0.349206,0.563362,0.285714,0.285714,0,0.099015,0,0,0.230769,0.254,0,0,0,83,26,107,train,0
LED-000083|LED-000086|LED-000196,STL-000410-0,3,many_to_one,0,1,1696.59,0.009468,0.990532,4,0.349206,0.595099,0.34375,0.34375,0,0.051709,0,0,0.307692,0.73721,0,0,0,83,26,107,train,0
LED-000092|LED-000246|LED-000383,STL-000410-0,3,many_to_one,0,1,5.71,3.2e-05,0.999968,4,0.3125,0.595099,0.34375,0.34375,0,0.0,0,0,0.230769,0.211667,0,0,0,83,26,107,train,0
LED-000196|LED-000239|LED-000436,STL-000410-0,3,many_to_one,0,1,2716.38,0.015073,0.984927,4,0.4,0.613339,0.363636,0.363636,0,0.166378,0,0,0.230769,0.211667,0,0,0,83,26,107,train,0
LED-000386|LED-000583,STL-000411-0,2,many_to_one,0,1,1450.2,0.020498,1.020498,3,0.416667,0.629462,0.416667,0.416667,0,0.0,0,0,0.307692,0.149801,0,0,0,53,29,80,train,0
LED-000047|LED-000349,STL-000413-0,2,many_to_one,0,1,3249.05,0.015568,0.984432,1,1.0,1.0,1.0,1.0,1,1.0,0,0,0.230769,0.196419,0,0,0,48,45,91,train,0
LED-000001|LED-000047|LED-000532,STL-000413-0,3,many_to_one,0,1,1025.36,0.004966,0.995034,1,1.0,1.0,1.0,1.0,1,1.0,0,0,0.230769,0.109985,0,0,0,74,45,117,train,0
LED-000072|LED-000347,STL-000414-0,2,many_to_one,0,1,779.98,0.005067,1.005067,4,0.294118,0.436508,0.294118,0.294118,0,0.0,0,0,0.230769,0.222277,0,0,0,38,12,48,train,0
LED-000191|LED-000543,STL-000414-0,2,many_to_one,0,1,3587.37,0.023737,1.023737,3,0.238095,0.428889,0.238095,0.238095,0,0.0,0,0,0.230769,0.205152,0,0,0,42,12,52,train,0
LED-000072|LED-000191|LED-000543,STL-000414-0,3,many_to_one,0,1,2728.91,0.017955,1.017955,4,0.294118,0.436508,0.294118,0.294118,0,0.0,0,0,0.230769,0.205152,0,0,0,42,12,52,train,0
LED-000072|LED-000207,STL-000416-1,2,many_to_one,0,1,847.12,0.00574,0.99426,3,0.222222,0.547619,0.222222,0.222222,0,0.129099,0,0,0.0,0.195965,0,1,0,37,29,64,train,0
LED-000072|LED-000424,STL-000416-1,2,many_to_one,0,1,390.8,0.002671,1.002671,2,0.380952,0.547619,0.380952,0.380952,0,0.123091,0,0,0.0,0.195965,0,1,0,37,29,64,train,0
LED-000499|LED-000503|LED-000580,STL-000416-1,3,many_to_one,0,1,1647.34,0.011103,0.988897,4,0.227273,0.547619,0.227273,0.227273,0,0.080064,0,0,0.0,0.742308,0,1,0,55,29,82,train,0
LED-000307|LED-000548,STL-000419-0,2,many_to_one,0,1,1828.18,0.018272,0.981728,4,0.382979,0.660784,0.468085,0.468085,0,0.04714,0,0,0.230769,0.184428,0,0,0,8,7,13,train,0
LED-000200|LED-000386,STL-000423-0,2,many_to_one,0,1,463.31,0.010025,0.989975,2,1.0,1.0,1.0,1.0,1,1.0,0,0,0.230769,0.278887,0,0,0,113,105,216,train,0
LED-000499|LED-000503|LED-000580,STL-000424-0,3,many_to_one,0,1,2896.6,0.019522,0.980478,2,0.367347,0.626327,0.358974,0.358974,0,0.0,0,0,0.230769,0.783547,0,0,0,55,41,94,train,0
LED-000232|LED-000236,STL-000425-0,2,many_to_one,0,1,2212.85,0.011709,1.011709,4,0.272727,0.495726,0.272727,0.272727,0,0.150756,0,0,0.230769,0.443039,0,0,0,41,32,71,train,0
LED-000232|LED-000277,STL-000425-0,2,many_to_one,0,1,3934.55,0.02101,1.02101,4,1.0,1.0,1.0,1.0,1,1.0,0,0,0.230769,0.087287,0,0,0,41,32,71,train,0
LED-000075|LED-000232,STL-000425-0,2,many_to_one,0,1,2873.98,0.01526,1.01526,4,0.210526,0.495726,0.210526,0.210526,0,0.150756,0,0,0.230769,0.264628,0,0,0,41,32,71,train,0
LED-000236|LED-000277,STL-000425-0,2,many_to_one,0,1,969.32,0.005095,1.005095,3,1.0,1.0,1.0,1.0,1,1.0,0,0,0.230769,0.443039,0,0,0,32,32,62,train,0
LED-000075|LED-000236,STL-000425-0,2,many_to_one,0,1,91.25,0.000477,0.999523,3,0.272727,0.495726,0.272727,0.272727,0,0.150756,0,0,0.230769,0.443039,0,0,0,29,32,59,train,0
LED-000075|LED-000277,STL-000425-0,2,many_to_one,0,1,1630.45,0.0086,1.0086,2,1.0,1.0,1.0,1.0,1,1.0,0,0,0.230769,0.264628,0,0,0,32,32,62,train,0
LED-000058|LED-000232|LED-000317,STL-000425-0,3,many_to_one,0,1,2439.51,0.012598,0.987402,4,0.466667,0.629462,0.4,0.4,0,0.150756,0,0,0.230769,0.130931,0,0,0,62,32,92,train,0
LED-000058|LED-000451|LED-000575,STL-000425-0,3,many_to_one,0,1,710.02,0.0037,0.9963,4,0.375,0.553812,0.375,0.375,0,0.150756,0,0,0.307692,0.182006,0,0,0,62,32,92,train,0
LED-000058|LED-000277|LED-000317,STL-000425-0,3,many_to_one,0,1,3683.04,0.018898,0.981102,2,1.0,1.0,1.0,1.0,1,1.0,0,0,0.230769,0.130931,0,0,0,62,32,92,train,0
LED-000058|LED-000075|LED-000317,STL-000425-0,3,many_to_one,0,1,4743.61,0.024208,0.975792,2,0.466667,0.629462,0.4,0.4,0,0.150756,0,0,0.230769,0.264628,0,0,0,62,32,92,train,0
LED-000232|LED-000244|LED-000317,STL-000425-0,3,many_to_one,0,1,3190.4,0.016969,1.016969,4,1.0,1.0,1.0,1.0,1,1.0,0,0,0.230769,0.167984,0,0,0,66,32,96,train,0
LED-000236|LED-000244|LED-000317,STL-000425-0,3,many_to_one,0,1,225.17,0.001179,1.001179,3,1.0,1.0,1.0,1.0,1,1.0,0,0,0.230769,0.443039,0,0,0,66,32,96,train,0
LED-000244|LED-000277|LED-000317,STL-000425-0,3,many_to_one,0,1,1946.87,0.010287,1.010287,2,1.0,1.0,1.0,1.0,1,1.0,0,0,0.230769,0.167984,0,0,0,66,32,96,train,0
LED-000075|LED-000244|LED-000317,STL-000425-0,3,many_to_one,0,1,886.3,0.004657,1.004657,2,1.0,1.0,1.0,1.0,1,1.0,0,0,0.230769,0.264628,0,0,0,66,32,96,train,0
LED-000036|LED-000386,STL-000427-0,2,many_to_one,0,1,626.71,0.006038,1.006038,2,0.24,0.458333,0.24,0.24,0,0.218218,0,0,0.230769,0.733236,0,0,0,53,41,92,train,0
LED-000196|LED-000239,STL-000436-0,2,many_to_one,0,1,1974.41,0.021674,0.978326,1,0.16,0.406433,0.16,0.16,0,0.0,0,0,0.230769,0.731564,0,0,0,83,41,122,train,0
LED-000086|LED-000289,STL-000436-0,2,many_to_one,0,1,229.84,0.002586,1.002586,2,0.16,0.406433,0.16,0.16,0,0.0,0,0,0.230769,0.09325,0,0,0,50,41,89,train,0
LED-000196|LED-000246|LED-000289,STL-000436-0,3,many_to_one,0,1,1083.26,0.012009,0.987991,2,0.16,0.406433,0.16,0.16,0,0.0,0,0,0.230769,0.731564,0,0,0,83,41,122,train,0
LED-000086|LED-000246|LED-000361,STL-000436-0,3,many_to_one,0,1,919.9,0.01043,1.01043,2,0.129032,0.471111,0.129032,0.129032,0,0.0,0,0,0.230769,0.715542,0,0,0,83,41,122,train,0
LED-000165|LED-000441|LED-000537,STL-000437-0,3,many_to_one,0,1,1696.43,0.013431,0.986569,1,0.266667,0.511905,0.176471,0.266667,0,0.182574,0,0,0.230769,0.830291,0,0,0,19,17,34,train,0
LED-000011|LED-000216|LED-000517,STL-000448-0,3,many_to_one,0,1,3149.25,0.018118,0.981882,4,0.380952,0.607722,0.380952,0.380952,0,0.10328,0,0,0.230769,0.1849,0,0,0,21,14,33,train,0
LED-000011|LED-000397|LED-000517,STL-000448-0,3,many_to_one,0,1,508.26,0.002987,1.002987,4,0.380952,0.607722,0.380952,0.380952,0,0.10328,0,0,0.230769,0.1849,0,0,0,19,14,31,train,0
LED-000295|LED-000417,STL-000452-0,2,many_to_one,0,1,1075.75,0.006187,1.006187,2,0.333333,0.628571,0.291667,0.291667,0,0.060858,0,0,0.230769,0.742308,0,0,0,41,39,78,val,0
LED-000032|LED-000310,STL-000455-0,2,many_to_one,0,1,2461.53,0.013539,1.013539,3,0.3125,0.595099,0.34375,0.34375,0,0.0,0,0,0.0,0.246183,0,1,0,10,33,41,train,0
LED-000032|LED-000544,STL-000455-0,2,many_to_one,0,1,636.32,0.003441,0.996559,2,0.301887,0.444989,0.264151,0.227273,0,0.0,0,0,0.0,0.725775,0,1,0,11,33,42,train,0
LED-000210|LED-000310,STL-000455-0,2,many_to_one,0,1,1586.47,0.008684,1.008684,4,0.3125,0.595099,0.34375,0.34375,0,0.0,0,0,0.0,0.246183,0,1,0,23,33,54,train,0
LED-000210|LED-000544,STL-000455-0,2,many_to_one,0,1,1511.38,0.008135,0.991865,4,0.186047,0.477513,0.222222,0.222222,0,0.0,0,0,0.0,0.725775,0,1,0,23,33,54,train,0
LED-000032|LED-000084|LED-000310,STL-000455-0,3,many_to_one,0,1,2899.48,0.015491,0.984509,3,0.327869,0.595099,0.34375,0.34375,0,0.0,0,0,0.0,0.707107,0,1,0,15,33,46,train,0
LED-000084|LED-000210|LED-000310,STL-000455-0,3,many_to_one,0,1,3774.54,0.020072,0.979928,4,0.327869,0.595099,0.34375,0.34375,0,0.0,0,0,0.0,0.707107,0,1,0,23,33,54,train,0
LED-000031|LED-000322,STL-000463-0,2,many_to_one,0,1,4434.23,0.017993,0.982007,3,0.26087,0.485897,0.26087,0.26087,0,0.095346,0,0,0.230769,0.659966,0,0,0,31,24,53,train,0
LED-000043|LED-000403,STL-000463-0,2,many_to_one,0,1,5065.66,0.021379,1.021379,2,0.26087,0.516049,0.26087,0.26087,0,0.095346,0,0,0.230769,0.127,0,0,0,31,24,53,train,0
LED-000049|LED-000322,STL-000463-0,2,many_to_one,0,1,4034.02,0.016396,0.983604,4,0.26087,0.485897,0.26087,0.26087,0,0.095346,0,0,0.230769,0.659966,0,0,0,26,24,48,train,0
LED-000110|LED-000403,STL-000463-0,2,many_to_one,0,1,5092.97,0.021497,1.021497,2,0.26087,0.516049,0.26087,0.26087,0,0.095346,0,0,0.230769,0.127,0,0,0,31,24,53,train,0
LED-000219|LED-000592,STL-000463-0,2,many_to_one,0,1,3745.47,0.01572,1.01572,2,0.235294,0.516049,0.216216,0.216216,0,0.065938,0,0,0.230769,0.680414,0,0,0,38,24,60,train,0
LED-000322|LED-000421,STL-000463-0,2,many_to_one,0,1,1379.38,0.005667,0.994333,1,0.26087,0.485897,0.296296,0.296296,0,0.095346,0,0,0.230769,0.659966,0,0,0,26,24,48,train,0
LED-000155|LED-000444|LED-000449,STL-000464-0,3,many_to_one,0,1,1022.56,0.008122,0.991878,4,0.275862,0.527485,0.277778,0.277778,0,0.0,0,0,0.0,0.264198,0,1,0,16,15,29,train,0
LED-000147|LED-000196,STL-000465-0,2,many_to_one,0,1,1626.52,0.011567,0.988433,2,0.216216,0.516049,0.216216,0.216216,0,0.065938,0,0,0.0,0.086966,0,1,0,83,37,118,train,0
LED-000361|LED-000412,STL-000465-0,2,many_to_one,0,1,2026.66,0.014798,1.014798,4,0.171429,0.433333,0.285714,0.285714,0,0.0,0,0,0.0,0.0343,0,1,0,66,37,101,train,0
LED-000196|LED-000239|LED-000289,STL-000465-0,3,many_to_one,0,1,2656.54,0.018755,0.981245,1,0.275862,0.527485,0.275862,0.275862,0,0.065938,0,0,0.0,0.453743,0,1,0,83,37,118,train,0
LED-000031|LED-000322,STL-000466-0,2,many_to_one,0,1,763.16,0.003097,1.003097,4,0.444444,0.603938,0.444444,0.444444,0,0.0,0,0,0.307692,0.285774,0,0,0,31,44,73,train,0
LED-000031|LED-000403,STL-000466-0,2,many_to_one,0,1,4158.37,0.016543,0.983457,4,0.444444,0.603938,0.444444,0.444444,0,0.0,0,0,0.307692,0.163299,0,0,0,31,44,73,train,0
LED-000077|LED-000513,STL-000466-0,2,many_to_one,0,1,4327.61,0.017205,0.982795,2,1.0,1.0,1.0,1.0,1,1.0,0,0,0.230769,0.31427,0,0,0,38,44,80,train,0
LED-000322|LED-000421,STL-000466-0,2,many_to_one,0,1,3818.01,0.015687,1.015687,2,0.444444,0.650016,0.444444,0.444444,0,0.0,0,0,0.307692,0.285774,0,0,0,26,44,68,train,0
LED-000403|LED-000421,STL-000466-0,2,many_to_one,0,1,1103.52,0.004444,0.995556,3,0.444444,0.650016,0.444444,0.444444,0,0.0,0,0,0.307692,0.186339,0,0,0,26,44,68,train,0
LED-000031|LED-000043|LED-000513,STL-000466-0,3,many_to_one,0,1,477.99,0.00193,0.99807,4,0.292683,0.584749,0.292683,0.292683,0,0.0,0,0,0.307692,0.231455,0,0,0,38,44,80,train,0
LED-000031|LED-000110|LED-000513,STL-000466-0,3,many_to_one,0,1,450.68,0.00182,0.99818,4,0.292683,0.584749,0.292683,0.292683,0,0.0,0,0,0.307692,0.163299,0,0,0,38,44,80,train,0
LED-000031|LED-000161|LED-000513,STL-000466-0,3,many_to_one,0,1,522.64,0.002119,1.002119,4,0.272727,0.584749,0.272727,0.272727,0,0.0,0,0,0.307692,0.769897,0,0,0,38,44,80,train,0
LED-000043|LED-000121|LED-000219,STL-000466-0,3,many_to_one,0,1,192.23,0.000777,0.999223,3,0.292683,0.510582,0.292683,0.292683,0,0.0,0,0,0.230769,0.244949,0,0,0,32,44,74,train,0
LED-000043|LED-000421|LED-000513,STL-000466-0,3,many_to_one,0,1,2576.86,0.010534,1.010534,3,0.387097,0.650016,0.387097,0.387097,0,0.0,0,0,0.307692,0.231455,0,0,0,38,44,80,train,0
LED-000110|LED-000121|LED-000219,STL-000466-0,3,many_to_one,0,1,164.92,0.000667,0.999333,3,0.292683,0.510582,0.292683,0.292683,0,0.0,0,0,0.230769,0.244949,0,0,0,32,44,74,train,0
LED-000110|LED-000421|LED-000513,STL-000466-0,3,many_to_one,0,1,2604.17,0.010647,1.010647,3,0.387097,0.650016,0.387097,0.387097,0,0.0,0,0,0.307692,0.186339,0,0,0,38,44,80,train,0
LED-000121|LED-000161|LED-000219,STL-000466-0,3,many_to_one,0,1,808.4,0.003281,1.003281,2,0.272727,0.505476,0.272727,0.272727,0,0.0,0,0,0.230769,0.769897,0,0,0,32,44,74,train,0
LED-000161|LED-000219|LED-000322,STL-000466-0,3,many_to_one,0,1,5708.6,0.022571,0.977429,2,0.444444,0.603938,0.444444,0.444444,0,0.0,0,0,0.307692,0.769897,0,0,0,32,44,74,train,0
LED-000161|LED-000421|LED-000513,STL-000466-0,3,many_to_one,0,1,3577.49,0.014684,1.014684,2,0.387097,0.650016,0.387097,0.387097,0,-0.053452,0,0,0.307692,0.769897,0,0,0,38,44,80,train,0
LED-000191|LED-000440,STL-000468-0,2,many_to_one,0,1,877.15,0.004174,0.995826,3,0.133333,0.431481,0.222222,0.222222,0,0.0,0,0,0.230769,0.769897,0,0,0,25,13,36,train,0
LED-000347|LED-000543,STL-000468-0,2,many_to_one,0,1,3845.42,0.018044,0.981956,1,0.235294,0.481481,0.235294,0.235294,0,0.082479,0,0,0.230769,0.212814,0,0,0,42,13,53,train,0
LED-000424|LED-000543,STL-000468-0,2,many_to_one,0,1,3754.52,0.018269,1.018269,4,0.272727,0.451481,0.272727,0.272727,0,0.113961,0,0,0.230769,0.149071,0,0,0,42,13,53,train,0
LED-000072|LED-000191|LED-000440,STL-000468-0,3,many_to_one,0,1,1735.61,0.008225,0.991775,4,0.216216,0.511376,0.27027,0.27027,0,0.0,0,0,0.230769,0.769897,0,0,0,37,13,48,train,0
LED-000072|LED-000347|LED-000543,STL-000468-0,3,many_to_one,0,1,4703.88,0.021984,0.978016,4,0.235294,0.511376,0.27027,0.27027,0,0.082479,0,0,0.230769,0.769897,0,0,0,42,13,53,train,0
LED-000072|LED-000424|LED-000543,STL-000468-0,3,many_to_one,0,1,2896.06,0.014033,1.014033,4,0.272727,0.511376,0.272727,0.272727,0,0.113961,0,0,0.230769,0.769897,0,0,0,42,13,53,train,0
LED-000055|LED-000443,STL-000471-0,2,many_to_one,0,1,290.61,0.002261,0.997739,2,0.181818,0.481046,0.181818,0.181818,0,0.0,0,0,0.230769,0.169334,0,0,0,30,32,60,train,0
LED-000080|LED-000585,STL-000472-0,2,many_to_one,0,1,1253.44,0.007355,0.992645,4,0.307692,0.513314,0.307692,0.307692,0,0.0,0,0,0.0,0.524143,0,1,0,30,17,45,train,0
LED-000131|LED-000149|LED-000412,STL-000472-0,3,many_to_one,0,1,1140.75,0.006699,0.993301,3,0.421053,0.650996,0.421053,0.421053,0,0.0,0,0,0.0,0.742308,0,1,0,23,17,38,train,0
LED-000445|LED-000535,STL-000473-0,2,many_to_one,0,1,4775.03,0.023223,1.023223,1,0.266667,0.492911,0.266667,0.285714,0,0.1283,0,0,0.230769,0.836046,0,0,0,30,23,51,train,0
LED-000445|LED-000596,STL-000473-0,2,many_to_one,0,1,3471.39,0.016777,1.016777,2,0.296296,0.492911,0.296296,0.285714,0,0.1283,0,0,0.230769,0.836046,0,0,0,30,23,51,train,0
LED-000040|LED-000111|LED-000296,STL-000473-0,3,many_to_one,0,1,3853.67,0.018659,1.018659,3,0.352941,0.480392,0.352941,0.32,0,0.099381,0,0,0.230769,0.087407,0,0,0,38,23,59,train,0
LED-000040|LED-000296|LED-000535,STL-000473-0,3,many_to_one,0,1,1703.69,0.008164,1.008164,3,0.325581,0.492911,0.27907,0.285714,0,0.1283,0,0,0.230769,0.836046,0,0,0,38,23,59,train,0
LED-000040|LED-000296|LED-000596,STL-000473-0,3,many_to_one,0,1,400.05,0.001905,1.001905,3,0.325581,0.467787,0.296296,0.266667,0,0.0,0,0,0.230769,0.836046,0,0,0,38,23,59,train,0
LED-000109|LED-000377,STL-000476-0,2,many_to_one,0,1,3472.3,0.019503,1.019503,2,0.592593,0.677839,0.555556,0.631579,0,0.50128,0,0,0.230769,0.742308,0,0,0,24,17,39,train,0
LED-000126|LED-000377,STL-000476-0,2,many_to_one,0,1,3449.72,0.019374,1.019374,4,0.235294,0.519841,0.263158,0.263158,0,0.0,0,0,0.230769,0.091003,0,0,0,25,17,40,train,0
LED-000109|LED-000542|LED-000546,STL-000476-0,3,many_to_one,0,1,3243.97,0.017558,0.982442,2,1.0,1.0,1.0,1.0,1,1.0,0,0,0.230769,0.742308,0,0,0,37,17,52,train,0
LED-000126|LED-000542|LED-000546,STL-000476-0,3,many_to_one,0,1,3266.55,0.017678,0.982322,4,1.0,1.0,1.0,1.0,1,1.0,0,0,0.230769,0.443039,0,0,0,37,17,52,train,0
LED-000125|LED-000187,STL-000477-0,2,many_to_one,0,1,2052.73,0.00965,1.00965,1,0.266667,0.492911,0.266667,0.285714,0,0.1283,0,0,0.230769,0.227508,0,0,0,36,9,43,train,0
LED-000020|LED-000382,STL-000478-0,2,many_to_one,0,1,2113.29,0.011572,1.011572,3,0.171429,0.433333,0.285714,0.285714,0,0.062017,0,0,0.0,0.123208,0,1,0,61,51,110,test,0
LED-000020|LED-000382|LED-000384,STL-000478-0,3,many_to_one,0,1,3958.27,0.020977,0.979023,4,0.171429,0.433333,0.285714,0.285714,0,0.062017,0,0,0.0,0.184812,0,1,0,61,51,110,test,0
LED-000161|LED-000219,STL-000493-0,2,many_to_one,0,1,976.03,0.008619,0.991381,4,0.181818,0.422619,0.181818,0.181818,0,0.0,0,0,0.230769,0.74227,0,0,0,32,47,77,train,0
LED-000219|LED-000459|LED-000513,STL-000493-0,3,many_to_one,0,1,845.6,0.007476,0.992524,4,0.181818,0.422619,0.235294,0.235294,0,0.080064,0,0,0.230769,0.74227,0,0,0,38,47,83,train,0
LED-000047|LED-000179,STL-000495-0,2,many_to_one,0,1,1074.37,0.008937,0.991063,4,0.222222,0.466667,0.285714,0.285714,0,0.0,0,0,0.307692,0.102418,0,0,0,44,50,92,train,0
LED-000349|LED-000532,STL-000495-0,2,many_to_one,0,1,700.57,0.005846,0.994154,4,0.26087,0.549074,0.342857,0.342857,0,0.0,0,0,0.384615,0.287213,0,0,0,74,50,122,train,0
LED-000047|LED-000390|LED-000532,STL-000495-0,3,many_to_one,0,1,2623.59,0.021546,0.978454,4,0.228571,0.52,0.342857,0.342857,0,0.0,0,0,0.230769,0.767523,0,0,0,74,50,122,train,0
LED-000130|LED-000182|LED-000189,STL-000496-0,3,many_to_one,0,1,4023.11,0.019395,0.980605,4,0.333333,0.518908,0.333333,0.333333,0,0.087706,0,0,0.230769,0.254,0,0,0,63,63,124,val,0
LED-000128|LED-000187|LED-000294,STL-000498-0,3,many_to_one,0,1,4375.78,0.020081,1.020081,4,1.0,1.0,1.0,1.0,1,1.0,0,0,0.0,0.758098,0,1,0,25,7,30,train,0
LED-000187|LED-000294|LED-000298,STL-000498-0,3,many_to_one,0,1,951.4,0.004262,0.995738,3,1.0,1.0,1.0,1.0,1,1.0,0,0,0.0,0.758098,0,1,0,25,7,30,train,0
LED-000187|LED-000294|LED-000577,STL-000498-0,3,many_to_one,0,1,4167.35,0.019106,1.019106,3,1.0,1.0,1.0,1.0,1,1.0,0,0,0.0,0.758098,0,1,0,25,7,30,train,0
LED-000333|LED-000367|LED-000586,STL-000504-0,3,many_to_one,0,1,4744.61,0.021712,1.021712,4,1.0,1.0,1.0,1.0,1,1.0,0,0,0.230769,0.725775,0,0,0,6,7,11,train,0
LED-000095|LED-000546,STL-000508-0,2,many_to_one,0,1,71.49,0.000508,1.000508,4,0.592593,0.677839,0.555556,0.631579,0,0.50128,0,0,0.230769,0.224702,0,0,0,37,21,56,train,0
LED-000044|LED-000443,STL-000510-0,2,many_to_one,0,1,1006.98,0.013875,0.986125,2,0.641509,0.703324,0.603774,0.641509,0,0.368037,0,0,0.230769,0.770329,0,0,0,30,44,72,train,0
LED-000044|LED-000055,STL-000510-1,2,many_to_one,0,1,599.19,0.003943,0.996057,2,0.418605,0.611362,0.372093,0.372093,0,0.050637,0,0,0.0,0.20016,0,1,0,20,50,68,train,0
LED-000443|LED-000471,STL-000510-1,2,many_to_one,0,1,1435.59,0.009395,0.990605,0,0.641509,0.703324,0.603774,0.641509,0,0.368037,0,0,0.0,0.231455,0,1,0,30,50,78,train,0
LED-000030|LED-000547,STL-000514-0,2,many_to_one,0,1,5256.05,0.020755,0.979245,4,0.368421,0.520128,0.368421,0.368421,0,0.065795,0,0,0.307692,0.788932,0,0,0,63,86,147,train,0
LED-000045|LED-000135,STL-000514-0,2,many_to_one,0,1,961.55,0.003862,0.996138,4,0.380952,0.603205,0.380952,0.380952,0,0.065795,0,0,0.230769,0.09325,0,0,0,43,86,127,train,0
LED-000045|LED-000306,STL-000514-0,2,many_to_one,0,1,1712.2,0.006857,0.993143,0,0.368421,0.520128,0.368421,0.368421,0,0.065795,0,0,0.230769,0.089443,0,0,0,41,86,125,train,0
LED-000052|LED-000589,STL-000514-0,2,many_to_one,0,1,3742.34,0.014866,0.985134,1,0.333333,0.629462,0.384615,0.384615,0,0.07785,0,0,0.230769,0.731564,0,0,0,48,86,132,train,0
LED-000123|LED-000547,STL-000514-0,2,many_to_one,0,1,854.14,0.003456,1.003456,4,0.368421,0.520128,0.368421,0.368421,0,0.13484,0,0,0.307692,0.788932,0,0,0,63,86,147,train,0
LED-000205|LED-000589,STL-000514-0,2,many_to_one,0,1,794.28,0.003193,0.996807,1,0.333333,0.629462,0.35,0.35,0,0.07785,0,0,0.230769,0.731564,0,0,0,40,86,124,train,0
LED-000205|LED-000453,STL-000514-0,2,many_to_one,0,1,4331.35,0.017166,0.982834,4,0.368421,0.527066,0.368421,0.368421,0,0.065795,0,0,0.230769,0.166091,0,0,0,52,86,136,train,0
LED-000306|LED-000352,STL-000514-0,2,many_to_one,0,1,5461.68,0.02252,1.02252,0,0.358974,0.507326,0.358974,0.358974,0,0.13484,0,0,0.230769,0.699379,0,0,0,41,86,125,train,0
LED-000030|LED-000052|LED-000255,STL-000514-0,3,many_to_one,0,1,4705.47,0.018621,0.981379,1,0.307692,0.474359,0.384615,0.384615,0,0.0,0,0,0.307692,0.200805,0,0,0,63,86,147,train,0
LED-000030|LED-000069|LED-000135,STL-000514-0,3,many_to_one,0,1,502.67,0.002031,1.002031,4,0.4,0.603205,0.380952,0.380952,0,0.0,0,0,0.230769,0.09325,0,0,0,63,86,147,train,0
LED-000030|LED-000069|LED-000306,STL-000514-0,3,many_to_one,0,1,247.98,0.000999,0.999001,0,0.4,0.592425,0.358974,0.358974,0,0.0,0,0,0.230769,0.089443,0,0,0,63,86,147,train,0
LED-000030|LED-000123|LED-000589,STL-000514-0,3,many_to_one,0,1,3271.28,0.013019,0.986981,2,0.333333,0.629462,0.333333,0.333333,0,0.13484,0,0,0.230769,0.774597,0,0,0,63,86,147,train,0
LED-000030|LED-000135|LED-000389,STL-000514-0,3,many_to_one,0,1,2848.4,0.011356,0.988644,4,0.8125,0.936842,0.8125,0.8125,0,0.731272,0,0,0.230769,0.09325,0,0,0,63,86,147,train,0
LED-000030|LED-000135|LED-000461,STL-000514-0,3,many_to_one,0,1,845.91,0.003423,1.003423,4,0.380952,0.603205,0.380952,0.380952,0,0.0,0,0,0.307692,0.160644,0,0,0,63,86,147,train,0
LED-000030|LED-000205|LED-000255,STL-000514-0,3,many_to_one,0,1,1757.41,0.007037,0.992963,1,0.307692,0.527066,0.384615,0.384615,0,0.0,0,0,0.307692,0.200805,0,0,0,63,86,147,train,0
LED-000030|LED-000306|LED-000389,STL-000514-0,3,many_to_one,0,1,3599.05,0.014305,0.985695,2,0.8125,0.936842,0.8125,0.8125,0,0.731272,0,0,0.230769,0.089443,0,0,0,63,86,147,train,0
LED-000030|LED-000306|LED-000461,STL-000514-0,3,many_to_one,0,1,95.26,0.000384,1.000384,3,0.358974,0.507326,0.358974,0.358974,0,0.0,0,0,0.307692,0.160644,0,0,0,63,86,147,train,0
LED-000052|LED-000123|LED-000255,STL-000514-0,3,many_to_one,0,1,1404.72,0.005697,1.005697,2,0.307692,0.474359,0.384615,0.384615,0,0.13484,0,0,0.307692,0.774597,0,0,0,61,86,145,train,0
LED-000052|LED-000123|LED-000352,STL-000514-0,3,many_to_one,0,1,3780.36,0.015015,0.984985,2,0.307692,0.474359,0.384615,0.384615,0,0.13484,0,0,0.230769,0.774597,0,0,0,61,86,145,train,0
LED-000052|LED-000135|LED-000381,STL-000514-0,3,many_to_one,0,1,3636.54,0.014452,0.985548,4,0.380952,0.603205,0.384615,0.384615,0,0.0,0,0,0.230769,0.09325,0,0,0,48,86,132,train,0
LED-000052|LED-000306|LED-000381,STL-000514-0,3,many_to_one,0,1,4387.19,0.017384,0.982616,4,0.358974,0.507326,0.384615,0.384615,0,0.0,0,0,0.230769,0.089443,0,0,0,48,86,132,train,0
LED-000069|LED-000123|LED-000306,STL-000514-0,3,many_to_one,0,1,5862.21,0.024211,1.024211,2,0.4,0.592425,0.358974,0.358974,0,0.13484,0,0,0.230769,0.774597,0,0,0,61,86,145,train,0
LED-000069|LED-000381|LED-000389,STL-000514-0,3,many_to_one,0,1,413.24,0.001669,1.001669,4,0.8125,0.936842,0.8125,0.8125,0,0.731272,0,0,0.230769,0.089443,0,0,0,43,86,127,train,0
LED-000069|LED-000381|LED-000461,STL-000514-0,3,many_to_one,0,1,4107.55,0.016842,1.016842,4,0.4,0.592425,0.358974,0.358974,0,0.0,0,0,0.307692,0.160644,0,0,0,43,86,127,train,0
LED-000123|LED-000135|LED-000389,STL-000514-0,3,many_to_one,0,1,3261.79,0.013328,1.013328,4,0.8125,0.936842,0.8125,0.8125,0,0.731272,0,0,0.230769,0.774597,0,0,0,61,86,145,train,0
LED-000123|LED-000205|LED-000255,STL-000514-0,3,many_to_one,0,1,4352.78,0.017866,1.017866,2,0.307692,0.527066,0.384615,0.384615,0,0.13484,0,0,0.307692,0.774597,0,0,0,61,86,145,train,0
LED-000123|LED-000205|LED-000352,STL-000514-0,3,many_to_one,0,1,832.3,0.003345,0.996655,2,0.3,0.527066,0.35,0.35,0,0.13484,0,0,0.230769,0.774597,0,0,0,61,86,145,train,0
LED-000123|LED-000306|LED-000389,STL-000514-0,3,many_to_one,0,1,2511.14,0.01023,1.01023,2,0.8125,0.936842,0.8125,0.8125,0,0.731272,0,0,0.230769,0.774597,0,0,0,61,86,145,train,0
LED-000123|LED-000325|LED-000547,STL-000514-0,3,many_to_one,0,1,4717.95,0.01867,0.98133,4,0.368421,0.520128,0.368421,0.368421,0,0.13484,0,0,0.307692,0.788932,0,0,0,63,86,147,train,0
LED-000135|LED-000205|LED-000381,STL-000514-0,3,many_to_one,0,1,688.48,0.002769,0.997231,4,0.380952,0.603205,0.380952,0.380952,0,0.0,0,0,0.230769,0.166091,0,0,0,43,86,127,train,0
LED-000135|LED-000255|LED-000325,STL-000514-0,3,many_to_one,0,1,5825.32,0.024055,1.024055,4,0.380952,0.603205,0.384615,0.384615,0,0.0,0,0,0.307692,0.200805,0,0,0,61,86,145,train,0
LED-000135|LED-000325|LED-000352,STL-000514-0,3,many_to_one,0,1,640.24,0.002588,1.002588,4,0.380952,0.603205,0.380952,0.380952,0,0.13484,0,0,0.230769,0.699379,0,0,0,61,86,145,train,0
LED-000205|LED-000306|LED-000381,STL-000514-0,3,many_to_one,0,1,1439.13,0.00577,0.99423,4,0.358974,0.527066,0.358974,0.358974,0,0.0,0,0,0.230769,0.166091,0,0,0,43,86,127,train,0
LED-000255|LED-000306|LED-000325,STL-000514-0,3,many_to_one,0,1,5074.67,0.020891,1.020891,2,0.358974,0.507326,0.384615,0.384615,0,0.0,0,0,0.307692,0.200805,0,0,0,61,86,145,train,0
LED-000306|LED-000325|LED-000352,STL-000514-0,3,many_to_one,0,1,110.41,0.000445,0.999555,2,0.358974,0.507326,0.358974,0.358974,0,0.13484,0,0,0.230769,0.699379,0,0,0,61,86,145,train,0
LED-000381|LED-000389|LED-000461,STL-000514-0,3,many_to_one,0,1,756.48,0.00306,1.00306,4,0.8125,0.936842,0.8125,0.8125,0,0.731272,0,0,0.307692,0.160644,0,0,0,43,86,127,train,0
LED-000086|LED-000436,STL-000522-0,2,many_to_one,0,1,2027.07,0.015903,1.015903,0,0.382979,0.58796,0.409091,0.409091,0,0.048507,0,0,0.307692,0.235159,0,0,0,50,35,83,train,0
LED-000086|LED-000196|LED-000239,STL-000522-0,3,many_to_one,0,1,52.66,0.000407,1.000407,1,1.0,1.0,1.0,1.0,1,1.0,0,0,0.230769,0.742308,0,0,0,83,35,116,train,0
LED-000196|LED-000246|LED-000436,STL-000522-0,3,many_to_one,0,1,713.97,0.005544,1.005544,1,0.391304,0.648343,0.409091,0.409091,0,0.050572,0,0,0.307692,0.783547,0,0,0,83,35,116,train,0
LED-000196|LED-000361|LED-000436,STL-000522-0,3,many_to_one,0,1,1250.02,0.009561,0.990439,2,0.454545,0.648343,0.409091,0.409091,0,0.052926,0,0,0.307692,0.235159,0,0,0,83,35,116,train,0
LED-000041|LED-000076|LED-000179,STL-000524-0,3,many_to_one,0,1,2411.07,0.014105,1.014105,3,0.457143,0.602397,0.325581,0.325581,0,0.0,0,0,0.230769,0.717137,0,0,0,36,9,43,train,0
LED-000390|LED-000447|LED-000556,STL-000524-0,3,many_to_one,0,1,3828.9,0.02161,0.97839,2,0.32,0.555556,0.307692,0.307692,0,0.0,0,0,0.307692,0.801784,0,0,0,28,9,35,train,0
LED-000232|LED-000236,STL-000528-0,2,many_to_one,0,1,1811.18,0.009583,1.009583,3,0.193548,0.451481,0.235294,0.235294,0,0.082479,0,0,0.0,0.465773,0,1,0,41,22,61,train,0
LED-000232|LED-000277,STL-000528-0,2,many_to_one,0,1,3532.88,0.018865,1.018865,3,0.315789,0.520128,0.315789,0.315789,0,0.0,0,0,0.0,0.041204,0,1,0,41,22,61,train,0
LED-000075|LED-000232,STL-000528-0,2,many_to_one,0,1,2472.31,0.013127,1.013127,3,0.193548,0.428889,0.193548,0.193548,0,0.0,0,0,0.0,0.166924,0,1,0,41,22,61,train,0
LED-000236|LED-000277,STL-000528-0,2,many_to_one,0,1,567.65,0.002984,1.002984,2,0.315789,0.520128,0.315789,0.315789,0,0.082479,0,0,0.0,0.465773,0,1,0,32,22,52,train,0
LED-000075|LED-000236,STL-000528-0,2,many_to_one,0,1,492.92,0.002577,0.997423,2,0.193548,0.451481,0.235294,0.235294,0,0.082479,0,0,0.0,0.465773,0,1,0,29,22,49,train,0
LED-000075|LED-000277,STL-000528-0,2,many_to_one,0,1,1228.78,0.006482,1.006482,1,0.315789,0.520128,0.315789,0.315789,0,0.0,0,0,0.0,0.166924,0,1,0,32,22,52,train,0
LED-000058|LED-000451|LED-000575,STL-000528-0,3,many_to_one,0,1,1111.69,0.005793,0.994207,3,1.0,1.0,1.0,1.0,1,1.0,0,0,0.0,0.095673,0,1,0,62,22,82,train,0
LED-000244|LED-000451|LED-000575,STL-000528-0,3,many_to_one,0,1,4518.22,0.024254,1.024254,3,0.454545,0.598947,0.409091,0.409091,0,0.052926,0,0,0.0,0.176604,0,1,0,66,22,86,train,0
LED-000095|LED-000126,STL-000534-0,2,many_to_one,0,1,4333.17,0.023022,1.023022,1,0.5,0.640265,0.388889,0.388889,0,0.0,0,0,0.230769,0.707107,0,0,0,25,10,33,train,0
LED-000449|LED-000464,STL-000534-0,2,many_to_one,0,1,2965.29,0.015641,1.015641,2,1.0,1.0,1.0,1.0,1,1.0,0,0,0.230769,0.707107,0,0,0,16,10,24,train,0
LED-000095|LED-000126|LED-000155,STL-000534-0,3,many_to_one,0,1,3218.8,0.016442,0.983558,4,0.5,0.640265,0.388889,0.388889,0,0.0,0,0,0.230769,0.707107,0,0,0,25,10,33,train,0
LED-000095|LED-000202|LED-000449,STL-000534-0,3,many_to_one,0,1,3043.3,0.015559,0.984441,2,1.0,1.0,1.0,1.0,1,1.0,0,0,0.230769,0.707107,0,0,0,23,10,31,train,0
LED-000155|LED-000449|LED-000464,STL-000534-0,3,many_to_one,0,1,4586.68,0.023266,0.976734,4,1.0,1.0,1.0,1.0,1,1.0,0,0,0.230769,0.707107,0,0,0,16,10,24,train,0
LED-000458|LED-000572,STL-000537-0,2,many_to_one,0,1,1130.1,0.013658,0.986342,2,0.272727,0.486202,0.272727,0.266667,0,0.080257,0,0,0.230769,0.394623,0,0,0,26,20,44,train,0
LED-000418|LED-000572,STL-000537-0,2,many_to_one,0,1,544.63,0.006629,0.993371,4,0.24,0.467787,0.24,0.266667,0,0.0,0,0,0.230769,0.394623,0,0,0,33,20,51,train,0
LED-000165|LED-000185|LED-000572,STL-000537-0,3,many_to_one,0,1,597.96,0.007274,0.992726,4,0.24,0.48366,0.24,0.285714,0,0.0,0,0,0.230769,0.394623,0,0,0,27,20,45,train,0
LED-000165|LED-000373|LED-000572,STL-000537-0,3,many_to_one,0,1,781.35,0.009483,0.990517,3,0.388889,0.556588,0.388889,0.37037,0,0.093352,0,0,0.230769,0.394623,0,0,0,22,20,40,train,0
LED-000185|LED-000441|LED-000458,STL-000537-0,3,many_to_one,0,1,608.22,0.007509,1.007509,4,0.272727,0.486202,0.272727,0.285714,0,0.080257,0,0,0.230769,0.274352,0,0,0,27,20,45,train,0
LED-000185|LED-000418|LED-000441,STL-000537-0,3,many_to_one,0,1,1193.69,0.014844,1.014844,4,0.272727,0.486202,0.272727,0.285714,0,0.080257,0,0,0.230769,0.274352,0,0,0,33,20,51,train,0
LED-000373|LED-000441|LED-000458,STL-000537-0,3,many_to_one,0,1,424.83,0.005233,1.005233,3,0.388889,0.556588,0.388889,0.37037,0,0.093352,0,0,0.230769,0.156772,0,0,0,26,20,44,train,0
LED-000373|LED-000418|LED-000441,STL-000537-0,3,many_to_one,0,1,1010.3,0.012535,1.012535,4,0.388889,0.556588,0.388889,0.37037,0,0.093352,0,0,0.230769,0.156772,0,0,0,33,20,51,train,0
LED-000053|LED-000200,STL-000540-0,2,many_to_one,0,1,1530.93,0.012634,0.987366,4,0.242424,0.491758,0.242424,0.242424,0,0.087706,0,0,0.0,0.793575,0,1,0,115,57,170,train,0
LED-000084|LED-000310,STL-000544-0,2,many_to_one,0,1,2263.16,0.017621,0.982379,1,0.216216,0.511376,0.27027,0.27027,0,0.0,0,0,0.0,0.205153,0,1,0,15,24,37,train,0
LED-000017|LED-000253,STL-000549-0,2,many_to_one,0,1,1148.75,0.005665,1.005665,2,0.24,0.547619,0.24,0.24,0,0.0,0,0,0.307692,0.314309,0,0,0,17,21,36,train,0
LED-000114|LED-000131,STL-000551-0,2,many_to_one,0,1,1795.2,0.012111,1.012111,1,0.222222,0.51358,0.272727,0.272727,0,0.0,0,0,0.230769,0.205153,0,0,0,22,5,25,train,0
LED-000018|LED-000315,STL-000560-0,2,many_to_one,0,1,1337.06,0.005619,1.005619,3,0.142857,0.422619,0.142857,0.142857,0,0.0,0,0,0.230769,0.078386,0,0,0,18,9,25,val,0
LED-000081|LED-000265,STL-000562-0,2,many_to_one,0,1,346.77,0.00199,0.99801,3,0.117647,0.400794,0.117647,0.117647,0,0.0,0,0,0.230769,0.254,0,0,0,63,43,104,train,0
LED-000081|LED-000595,STL-000562-0,2,many_to_one,0,1,2622.57,0.015309,1.015309,2,0.307692,0.539683,0.307692,0.307692,0,0.0,0,0,0.230769,0.169334,0,0,0,63,43,104,train,0
LED-000104|LED-000427,STL-000562-0,2,many_to_one,0,1,2715.57,0.015861,1.015861,2,0.142857,0.0,0.142857,0.142857,0,0.0,0,0,0.230769,0.296334,0,0,0,40,43,81,train,0
LED-000411|LED-000427,STL-000562-0,2,many_to_one,0,1,2694.18,0.015254,0.984746,2,0.166667,0.444444,0.166667,0.166667,0,0.25,0,0,0.230769,0.296334,0,0,0,51,43,92,train,0
LED-000036|LED-000104|LED-000386,STL-000562-0,3,many_to_one,0,1,3342.28,0.019593,1.019593,3,0.142857,0.409722,0.142857,0.142857,0,0.0,0,0,0.230769,0.254,0,0,0,53,43,94,train,0
LED-000036|LED-000386|LED-000411,STL-000562-0,3,many_to_one,0,1,2067.47,0.011747,0.988253,3,0.166667,0.444444,0.166667,0.166667,0,0.25,0,0,0.230769,0.254,0,0,0,53,43,94,train,0
LED-000081|LED-000386|LED-000423,STL-000562-0,3,many_to_one,0,1,2609.27,0.01478,0.98522,4,0.117647,0.408497,0.117647,0.117647,0,0.0,0,0,0.307692,0.169334,0,0,0,63,43,104,train,0
LED-000081|LED-000386|LED-000540,STL-000562-0,3,many_to_one,0,1,1088.28,0.006296,1.006296,4,0.117647,0.408497,0.117647,0.117647,0,0.0,0,0,0.230769,0.287214,0,0,0,63,43,104,train,0
LED-000104|LED-000151|LED-000583,STL-000562-0,3,many_to_one,0,1,1908.77,0.011096,1.011096,1,0.363636,0.577778,0.363636,0.363636,0,0.0,0,0,0.230769,0.254,0,0,0,47,43,88,train,0
LED-000104|LED-000386|LED-000531,STL-000562-0,3,many_to_one,0,1,2778.19,0.016232,1.016232,3,0.142857,0.412698,0.142857,0.142857,0,0.0,0,0,0.230769,0.226805,0,0,0,53,43,94,train,0
LED-000151|LED-000411|LED-000583,STL-000562-0,3,many_to_one,0,1,3500.98,0.019732,0.980268,2,0.363636,0.577778,0.363636,0.363636,0,0.25,0,0,0.230769,0.254,0,0,0,51,43,92,train,0
LED-000386|LED-000411|LED-000531,STL-000562-0,3,many_to_one,0,1,2631.56,0.014905,0.985095,3,0.166667,0.444444,0.166667,0.166667,0,0.25,0,0,0.230769,0.205153,0,0,0,53,43,94,train,0
LED-000386|LED-000427|LED-000583,STL-000562-0,3,many_to_one,0,1,1243.57,0.007099,0.992901,3,0.235294,0.505051,0.117647,0.117647,0,0.0,0,0,0.230769,0.296334,0,0,0,53,43,94,train,0
LED-000348|LED-000555,STL-000565-0,2,many_to_one,0,1,418.3,0.002063,0.997937,3,0.466667,0.629462,0.4,0.4,0,0.07785,0,0,0.230769,0.156772,0,0,0,22,16,36,train,0
LED-000380|LED-000462,STL-000574-0,2,many_to_one,0,1,3656.13,0.017766,0.982234,2,0.636364,0.893333,0.636364,1.0,0,0.620174,0,0,0.230769,0.486153,0,0,0,26,18,42,train,0
LED-000448|LED-000517,STL-000574-0,2,many_to_one,0,1,3285.91,0.016524,1.016524,2,0.333333,0.561905,0.333333,0.333333,0,0.0,0,0,0.230769,0.15401,0,0,0,15,18,31,train,0
LED-000367|LED-000397|LED-000517,STL-000574-0,3,many_to_one,0,1,2601.35,0.013037,1.013037,1,1.0,1.0,1.0,1.0,1,1.0,0,0,0.230769,0.420084,0,0,0,15,18,31,train,0
LED-000004|LED-000494,STL-000578-0,2,many_to_one,0,1,5082.64,0.024303,1.024303,4,0.3,0.456383,0.3,0.3,0,0.0,0,0,0.307692,0.727533,0,0,0,24,20,42,train,0
LED-000156|LED-000305|LED-000329,STL-000578-0,3,many_to_one,0,1,2885.02,0.013289,0.986711,3,0.263158,0.479853,0.263158,0.263158,0,0.13484,0,0,0.230769,0.742308,0,0,0,30,20,48,train,0
LED-000201|LED-000329|LED-000538,STL-000578-0,3,many_to_one,0,1,1489.11,0.007,1.007,2,0.263158,0.479853,0.263158,0.263158,0,0.150756,0,0,0.230769,0.443039,0,0,0,35,20,53,train,0
LED-000201|LED-000329|LED-000539,STL-000578-0,3,many_to_one,0,1,44.53,0.000208,1.000208,2,0.307692,0.523077,0.461538,0.461538,0,0.150756,0,0,0.307692,0.443039,0,0,0,35,20,53,train,0
LED-000201|LED-000305|LED-000538,STL-000578-0,3,many_to_one,0,1,3404.86,0.015646,0.984354,3,0.263158,0.41453,0.263158,0.263158,0,0.150756,0,0,0.230769,0.545279,0,0,0,35,20,53,train,0
LED-000201|LED-000305|LED-000539,STL-000578-0,3,many_to_one,0,1,4849.44,0.022137,0.977863,3,0.307692,0.523077,0.461538,0.461538,0,0.150756,0,0,0.307692,0.545279,0,0,0,35,20,53,train,0
LED-000081|LED-000346,STL-000581-0,2,many_to_one,0,1,3543.05,0.015191,0.984809,4,0.341463,0.523077,0.461538,0.461538,0,-0.055048,0,0,0.230769,0.423338,0,0,0,63,13,74,train,0
LED-000036|LED-000152|LED-000583,STL-000581-0,3,many_to_one,0,1,5146.58,0.021915,0.978085,4,0.416667,0.515797,0.416667,0.416667,0,0.150756,0,0,0.230769,0.187251,0,0,0,43,13,54,train,0
LED-000081|LED-000151|LED-000152,STL-000581-0,3,many_to_one,0,1,483.74,0.00211,1.00211,4,0.341463,0.5087,0.292683,0.292683,0,0.150756,0,0,0.230769,0.080257,0,0,0,63,13,74,train,0
LED-000116|LED-000152|LED-000583,STL-000581-0,3,many_to_one,0,1,4059.07,0.017365,0.982635,3,0.466667,0.629462,0.416667,0.416667,0,0.150756,0,0,0.230769,0.125109,0,0,0,43,13,54,train,0
LED-000152|LED-000531|LED-000583,STL-000581-0,3,many_to_one,0,1,5710.67,0.024259,0.975741,3,0.444444,0.603938,0.444444,0.444444,0,0.150756,0,0,0.230769,0.112351,0,0,0,43,13,54,train,0
LED-000289|LED-000369,STL-000585-0,2,many_to_one,0,1,790.64,0.005967,0.994033,3,0.615385,0.684444,0.615385,0.648649,0,0.500435,0,0,0.230769,0.184812,0,0,0,41,34,73,train,0
LED-000047|LED-000292,STL-000587-0,2,many_to_one,0,1,3499.65,0.022173,1.022173,0,0.24,0.406046,0.24,0.25,0,0.0,0,0,0.230769,0.109985,0,0,0,62,51,111,train,0
LED-000266|LED-000532,STL-000587-0,2,many_to_one,0,1,2600.67,0.015864,0.984136,3,0.352941,0.480392,0.352941,0.32,0,0.099381,0,0,0.230769,0.204124,0,0,0,74,51,123,train,0
LED-000292|LED-000419,STL-000587-0,2,many_to_one,0,1,792.77,0.00489,0.99511,4,0.322581,0.542017,0.322581,0.272727,0,0.0,0,0,0.230769,0.196419,0,0,0,62,51,111,train,0
LED-000047|LED-000292|LED-000532,STL-000587-0,3,many_to_one,0,1,2826.19,0.017216,0.982784,0,0.285714,0.468683,0.24,0.25,0,0.0,0,0,0.230769,0.204124,0,0,0,74,51,123,train,0
LED-000125|LED-000187,STL-000588-0,2,many_to_one,0,1,1321.45,0.006212,1.006212,3,1.0,1.0,1.0,1.0,1,1.0,0,0,0.307692,0.098295,0,0,0,36,13,47,train,0
LED-000128|LED-000187|LED-000294,STL-000588-0,3,many_to_one,0,1,3862.28,0.017725,0.982275,4,1.0,1.0,1.0,1.0,1,1.0,0,0,0.307692,0.262613,0,0,0,25,13,36,train,0
LED-000187|LED-000294|LED-000577,STL-000588-0,3,many_to_one,0,1,4070.71,0.018663,0.981337,3,1.0,1.0,1.0,1.0,1,1.0,0,0,0.307692,0.262613,0,0,0,25,13,36,train,0
LED-000030|LED-000255,STL-000589-0,2,many_to_one,0,1,3039.92,0.017867,0.982133,1,0.333333,0.629462,0.4,0.4,0,0.0,0,0,0.230769,0.262152,0,0,0,63,57,118,train,0
LED-000123|LED-000255,STL-000589-0,2,many_to_one,0,1,3070.27,0.018717,1.018717,2,0.333333,0.629462,0.4,0.4,0,0.0,0,0,0.230769,0.262152,0,0,0,61,57,116,train,0
LED-000123|LED-000352,STL-000589-0,2,many_to_one,0,1,2114.81,0.012498,0.987502,2,0.333333,0.518908,0.333333,0.333333,0,-0.11547,0,0,0.230769,0.160514,0,0,0,61,57,116,train,0
LED-000135|LED-000381,STL-000589-0,2,many_to_one,0,1,1970.99,0.011658,0.988342,4,0.418605,0.611362,0.372093,0.372093,0,0.050637,0,0,0.230769,0.043478,0,0,0,43,57,98,train,0
LED-000306|LED-000381,STL-000589-0,2,many_to_one,0,1,2721.64,0.016026,0.983974,4,0.418605,0.611362,0.372093,0.372093,0,0.050637,0,0,0.230769,0.125109,0,0,0,43,57,98,train,0
LED-000030|LED-000052|LED-000123,STL-000589-0,3,many_to_one,0,1,2471.31,0.015011,1.015011,2,0.333333,0.629462,0.4,0.4,0,0.0,0,0,0.230769,0.736075,0,0,0,63,57,118,train,0
LED-000052|LED-000205|LED-000325,STL-000589-0,3,many_to_one,0,1,623.78,0.003719,0.996281,2,0.363636,0.629462,0.4,0.4,0,0.053838,0,0,0.230769,0.748705,0,0,0,61,57,116,train,0
LED-000123|LED-000255|LED-000325,STL-000589-0,3,many_to_one,0,1,2501.82,0.014751,0.985249,2,0.333333,0.629462,0.4,0.4,0,0.0,0,0,0.230769,0.748705,0,0,0,61,57,116,train,0
LED-000031|LED-000049,STL-000592-0,2,many_to_one,0,1,3227.63,0.015143,1.015143,2,0.3,0.579867,0.3,0.3,0,0.13901,0,0,0.307692,0.707107,0,0,0,31,16,45,train,0
LED-000031|LED-000049|LED-000492,STL-000592-0,3,many_to_one,0,1,3890.99,0.017665,0.982335,3,0.37037,0.62963,0.444444,0.444444,0,0.13901,0,0,0.307692,0.707107,0,0,0,31,16,45,train,0
LED-000043|LED-000110|LED-000387,STL-000592-0,3,many_to_one,0,1,4456.22,0.021028,1.021028,3,1.0,1.0,1.0,1.0,1,1.0,0,0,0.230769,0.688063,0,0,0,31,16,45,train,0
LED-000165|LED-000173,STL-000597-0,2,many_to_one,0,1,2326.25,0.013416,0.986584,4,1.0,1.0,1.0,1.0,1,1.0,0,0,0.230769,0.095637,0,0,0,28,24,50,train,0
LED-000165|LED-000437|LED-000441,STL-000597-0,3,many_to_one,0,1,1773.35,0.010475,1.010475,4,1.0,1.0,1.0,1.0,1,1.0,0,0,0.230769,0.733236,0,0,0,19,24,41,train,0
LED-000173|LED-000441|LED-000572,STL-000597-0,3,many_to_one,0,1,2114.84,0.012517,1.012517,4,0.272727,0.511905,0.285714,0.285714,0,0.182574,0,0,0.230769,0.733236,0,0,0,28,24,50,train,0
LED-000433|LED-000441|LED-000572,STL-000597-0,3,many_to_one,0,1,1655.08,0.009582,0.990418,4,0.266667,0.511905,0.285714,0.285714,0,0.182574,0,0,0.230769,0.733236,0,0,0,19,24,41,train,0
LED-000118|LED-000598,STL-000598-0,2,many_to_one,0,1,2192.98,0.022937,0.977063,1,1.0,1.0,1.0,1.0,1,1.0,0,1,0.461538,0.219971,0,0,0,51,67,116,train,0
LED-000020|LED-000153|LED-000384,STL-BATCH-000020-000153-000384,3,many_to_one,0,1,0.0,0.0,1.0,3,0.913043,0.939429,0.913043,0.913043,0,0.793884,0,0,0.0,0.338062,0,1,0,61,18,77,test,1
LED-000291|LED-000337,STL-BATCH-000291-000337,2,many_to_one,0,1,0.0,0.0,1.0,3,1.0,1.0,1.0,1.0,1,1.0,0,0,0.0,0.545596,0,1,0,18,16,32,train,1
LED-000041|LED-000524,STL-000567-0,2,many_to_one,0,1,1388.16,0.005921,0.994079,3,0.411765,0.643494,0.411765,0.411765,0,0.133333,0,0,0.0,0.136931,0,1,0,22,25,45,train,0
LED-000041|LED-000523,STL-000567-0,2,many_to_one,0,1,1778.18,0.007573,0.992427,3,0.411765,0.643494,0.411765,0.411765,0,0.133333,0,0,0.0,0.236228,0,1,0,22,25,45,train,0
LED-000041|LED-000530|LED-000556,STL-000567-0,3,many_to_one,0,1,1876.63,0.007988,0.992012,3,0.411765,0.643494,0.411765,0.411765,0,0.133333,0,0,0.0,0.204124,0,1,0,22,25,45,train,0
LED-000179|LED-000363|LED-000524,STL-000567-0,3,many_to_one,0,1,2013.38,0.008715,1.008715,4,0.47619,0.617516,0.380952,0.380952,0,0.0,0,0,0.0,0.677672,0,1,0,36,25,59,train,0
LED-000179|LED-000363|LED-000523,STL-000567-0,3,many_to_one,0,1,1623.36,0.007015,1.007015,4,0.47619,0.617516,0.380952,0.380952,0,0.0,0,0,0.0,0.677672,0,1,0,36,25,59,train,0
LED-000231|LED-000447|LED-000556,STL-000567-0,3,many_to_one,0,1,2562.4,0.011118,1.011118,3,0.333333,0.629462,0.4,0.4,0,0.0,0,0,0.0,0.721688,0,1,0,23,25,46,train,0
LED-000232|LED-000244,STL-BATCH-000244-000277,2,many_to_one,0,1,1243.23,0.010441,1.010441,2,1.0,1.0,1.0,1.0,1,1.0,0,0,0.0,0.109558,0,1,0,66,32,96,train,0
LED-000236|LED-000244,STL-BATCH-000244-000277,2,many_to_one,0,1,1722.0,0.01411,0.98589,1,1.0,1.0,1.0,1.0,1,1.0,0,0,0.0,0.571591,0,1,0,66,32,96,train,0
LED-000244|LED-000277,STL-BATCH-000244-000277,2,many_to_one,0,1,0.3,2e-06,0.999998,0,1.0,1.0,1.0,1.0,1,1.0,0,0,0.0,-0.029348,0,1,0,66,32,96,train,1
LED-000058|LED-000244|LED-000353,STL-BATCH-000244-000277,3,many_to_one,0,1,2460.6,0.02004,0.97996,4,1.0,1.0,1.0,1.0,1,1.0,0,0,0.0,0.334108,0,1,0,66,32,96,train,0
LED-000054|LED-000313,STL-BATCH-000010-000222,2,many_to_one,0,1,7139.26,0.016453,1.016453,4,0.3125,0.595099,0.34375,0.34375,0,0.0,0,0,0.0,0.029348,0,1,0,33,132,163,train,0
LED-000010|LED-000054,STL-BATCH-000010-000222,2,many_to_one,0,1,4482.5,0.010267,1.010267,4,1.0,1.0,1.0,1.0,1,1.0,0,0,0.0,0.082169,0,1,0,29,132,159,train,0
LED-000313|LED-000482,STL-BATCH-000010-000222,2,many_to_one,0,1,7974.03,0.018412,1.018412,4,0.4,0.635022,0.44,0.6,0,0.412514,0,0,0.0,0.595407,0,1,0,33,132,163,train,0
LED-000222|LED-000313,STL-BATCH-000010-000222,2,many_to_one,0,1,7582.16,0.0169,0.9831,4,1.0,1.0,1.0,1.0,1,1.0,0,0,0.0,0.029348,0,1,0,39,132,169,train,0
LED-000010|LED-000482,STL-BATCH-000010-000222,2,many_to_one,0,1,5317.27,0.012203,1.012203,3,1.0,1.0,1.0,1.0,1,1.0,0,0,0.0,0.595407,0,1,0,29,132,159,train,0
LED-000010|LED-000222,STL-BATCH-000010-000222,2,many_to_one,0,1,10238.92,0.022688,0.977312,1,1.0,1.0,1.0,1.0,1,1.0,0,0,0.0,0.082169,0,1,0,39,132,169,train,1
LED-000028|LED-000054|LED-000366,STL-BATCH-000010-000222,3,many_to_one,0,1,6405.4,0.014315,0.985685,4,0.4,0.635022,0.44,0.6,0,0.412514,0,0,0.0,0.317015,0,1,0,28,132,158,train,0
LED-000028|LED-000054|LED-000440,STL-BATCH-000010-000222,3,many_to_one,0,1,5720.56,0.012804,0.987196,4,1.0,1.0,1.0,1.0,1,1.0,0,0,0.0,0.317015,0,1,0,28,132,158,train,0
LED-000028|LED-000085|LED-000313,STL-BATCH-000010-000222,3,many_to_one,0,1,4236.22,0.009513,0.990487,4,0.301887,0.549003,0.285714,0.285714,0,0.099015,0,0,0.0,0.571591,0,1,0,33,132,163,train,0
LED-000010|LED-000028|LED-000085,STL-BATCH-000010-000222,3,many_to_one,0,1,6892.98,0.015388,0.984612,1,1.0,1.0,1.0,1.0,1,1.0,0,0,0.0,0.571591,0,1,0,29,132,159,train,0
LED-000028|LED-000313|LED-000314,STL-BATCH-000010-000222,3,many_to_one,0,1,2098.71,0.004736,0.995264,4,0.301887,0.549003,0.285714,0.285714,0,0.076697,0,0,0.0,0.317015,0,1,0,33,132,163,train,0
LED-000028|LED-000313|LED-000507,STL-BATCH-000010-000222,3,many_to_one,0,1,6712.0,0.015453,1.015453,4,0.3125,0.595099,0.34375,0.34375,0,0.0,0,0,0.0,0.317015,0,1,0,33,132,163,train,0
LED-000010|LED-000028|LED-000314,STL-BATCH-000010-000222,3,many_to_one,0,1,4755.47,0.010667,0.989333,2,1.0,1.0,1.0,1.0,1,1.0,0,0,0.0,0.317015,0,1,0,29,132,159,train,0
LED-000028|LED-000347|LED-000414,STL-BATCH-000010-000222,3,many_to_one,0,1,5403.28,0.012403,1.012403,4,0.367347,0.626327,0.326531,0.326531,0,0.0,0,0,0.0,0.317015,0,1,0,38,132,168,train,0
LED-000028|LED-000366|LED-000482,STL-BATCH-000010-000222,3,many_to_one,0,1,5570.63,0.012473,0.987527,3,0.4,0.635022,0.44,0.6,0,0.412514,0,0,0.0,0.595407,0,1,0,25,132,155,train,0
LED-000028|LED-000222|LED-000379,STL-BATCH-000010-000222,3,many_to_one,0,1,6078.16,0.013973,1.013973,1,1.0,1.0,1.0,1.0,1,1.0,0,0,0.0,0.317015,0,1,0,39,132,169,train,0
LED-000028|LED-000440|LED-000482,STL-BATCH-000010-000222,3,many_to_one,0,1,4885.79,0.010956,0.989044,4,1.0,1.0,1.0,1.0,1,1.0,0,0,0.0,0.595407,0,1,0,25,132,155,train,0
LED-000010|LED-000028|LED-000507,STL-BATCH-000010-000222,3,many_to_one,0,1,4055.24,0.00928,1.00928,2,1.0,1.0,1.0,1.0,1,1.0,0,0,0.0,0.317015,0,1,0,29,132,159,train,0
LED-000028|LED-000222|LED-000557,STL-BATCH-000010-000222,3,many_to_one,0,1,1036.98,0.002346,0.997654,2,1.0,1.0,1.0,1.0,1,1.0,0,0,0.0,0.317015,0,1,0,39,132,169,train,0
LED-000054|LED-000085|LED-000347,STL-BATCH-000010-000222,3,many_to_one,0,1,4759.12,0.010908,1.010908,4,0.3125,0.595099,0.34375,0.34375,0,0.099015,0,0,0.0,0.571591,0,1,0,38,132,168,train,0
LED-000054|LED-000085|LED-000414,STL-BATCH-000010-000222,3,many_to_one,0,1,3120.68,0.007126,1.007126,4,0.367347,0.626327,0.34375,0.34375,0,0.099015,0,0,0.0,0.571591,0,1,0,28,132,158,train,0
LED-000054|LED-000158|LED-000379,STL-BATCH-000010-000222,3,many_to_one,0,1,5612.09,0.012888,1.012888,4,0.45283,0.631683,0.415094,0.415094,0,0.099015,0,0,0.0,0.054779,0,1,0,37,132,167,train,0
LED-000054|LED-000158|LED-000557,STL-BATCH-000010-000222,3,many_to_one,0,1,1503.05,0.003396,0.996604,4,0.4,0.635022,0.44,0.6,0,0.412514,0,0,0.0,0.07964,0,1,0,28,132,158,train,0
LED-000054|LED-000314|LED-000347,STL-BATCH-000010-000222,3,many_to_one,0,1,6896.63,0.015885,1.015885,4,0.3125,0.595099,0.34375,0.34375,0,0.076697,0,0,0.0,0.278423,0,1,0,38,132,168,train,0
LED-000054|LED-000314|LED-000414,STL-BATCH-000010-000222,3,many_to_one,0,1,5258.19,0.012066,1.012066,4,0.367347,0.626327,0.34375,0.34375,0,0.076697,0,0,0.0,0.278423,0,1,0,29,132,159,train,0
LED-000054|LED-000347|LED-000379,STL-BATCH-000010-000222,3,many_to_one,0,1,4409.92,0.009899,0.990101,4,0.45283,0.631683,0.415094,0.415094,0,0.0,0,0,0.0,0.054779,0,1,0,38,132,168,train,0
LED-000054|LED-000366|LED-000440,STL-BATCH-000010-000222,3,many_to_one,0,1,2405.04,0.005483,1.005483,4,1.0,1.0,1.0,1.0,1,1.0,0,0,0.0,0.02739,0,1,0,28,132,158,train,0
LED-000054|LED-000379|LED-000414,STL-BATCH-000010-000222,3,many_to_one,0,1,6048.36,0.013528,0.986472,4,0.45283,0.631683,0.415094,0.415094,0,0.0,0,0,0.0,0.054779,0,1,0,37,132,167,train,0
LED-000085|LED-000158|LED-000222,STL-BATCH-000010-000222,3,many_to_one,0,1,59.71,0.000135,1.000135,1,1.0,1.0,1.0,1.0,1,1.0,0,0,0.0,0.571591,0,1,0,39,132,169,train,0
LED-000085|LED-000313|LED-000366,STL-BATCH-000010-000222,3,many_to_one,0,1,3889.38,0.008897,1.008897,4,0.4,0.635022,0.44,0.6,0,0.412514,0,0,0.0,0.571591,0,1,0,33,132,163,train,0
LED-000085|LED-000313|LED-000440,STL-BATCH-000010-000222,3,many_to_one,0,1,4574.22,0.01048,1.01048,4,1.0,1.0,1.0,1.0,1,1.0,0,0,0.0,0.571591,0,1,0,33,132,163,train,0
LED-000085|LED-000347|LED-000482,STL-BATCH-000010-000222,3,many_to_one,0,1,5593.89,0.012846,1.012846,4,0.4,0.635022,0.44,0.6,0,0.412514,0,0,0.0,0.595407,0,1,0,38,132,168,train,0
LED-000085|LED-000222|LED-000347,STL-BATCH-000010-000222,3,many_to_one,0,1,9962.3,0.022088,0.977912,4,1.0,1.0,1.0,1.0,1,1.0,0,0,0.0,0.571591,0,1,0,39,132,169,train,0
LED-000010|LED-000085|LED-000366,STL-BATCH-000010-000222,3,many_to_one,0,1,1232.62,0.002803,1.002803,1,1.0,1.0,1.0,1.0,1,1.0,0,0,0.0,0.571591,0,1,0,29,132,159,train,0
LED-000085|LED-000414|LED-000482,STL-BATCH-000010-000222,3,many_to_one,0,1,3955.45,0.009049,1.009049,3,0.4,0.635022,0.44,0.6,0,0.412514,0,0,0.0,0.595407,0,1,0,28,132,158,train,0
LED-000010|LED-000085|LED-000440,STL-BATCH-000010-000222,3,many_to_one,0,1,1917.46,0.004366,1.004366,4,1.0,1.0,1.0,1.0,1,1.0,0,0,0.0,0.571591,0,1,0,29,132,159,train,0
LED-000158|LED-000313|LED-000507,STL-BATCH-000010-000222,3,many_to_one,0,1,8475.49,0.018854,0.981146,4,0.3125,0.595099,0.34375,0.34375,0,0.099015,0,0,0.0,0.317015,0,1,0,33,132,163,train,0
LED-000158|LED-000313|LED-000543,STL-BATCH-000010-000222,3,many_to_one,0,1,3905.63,0.008934,1.008934,4,0.360656,0.696667,0.360656,0.360656,0,0.099015,0,0,0.0,0.334108,0,1,0,42,132,172,train,0
LED-000158|LED-000222|LED-000314,STL-BATCH-000010-000222,3,many_to_one,0,1,2197.22,0.005007,1.005007,2,1.0,1.0,1.0,1.0,1,1.0,0,0,0.0,0.278423,0,1,0,39,132,169,train,0
LED-000158|LED-000347|LED-000414,STL-BATCH-000010-000222,3,many_to_one,0,1,9784.21,0.021702,0.978298,4,0.367347,0.626327,0.326531,0.326531,0,0.099015,0,0,0.0,0.0,0,1,0,38,132,168,train,0
LED-000158|LED-000379|LED-000482,STL-BATCH-000010-000222,3,many_to_one,0,1,6446.86,0.014834,1.014834,3,0.45283,0.635022,0.44,0.6,0,0.412514,0,0,0.0,0.595407,0,1,0,37,132,167,train,0
LED-000158|LED-000222|LED-000379,STL-BATCH-000010-000222,3,many_to_one,0,1,9109.33,0.020235,0.979765,1,1.0,1.0,1.0,1.0,1,1.0,0,0,0.0,0.054779,0,1,0,39,132,169,train,0
LED-000158|LED-000482|LED-000557,STL-BATCH-000010-000222,3,many_to_one,0,1,668.28,0.001513,0.998487,3,0.4,0.635022,0.44,0.6,0,0.412514,0,0,0.0,0.595407,0,1,0,25,132,155,train,0
LED-000010|LED-000158|LED-000507,STL-BATCH-000010-000222,3,many_to_one,0,1,11132.25,0.024618,0.975382,2,1.0,1.0,1.0,1.0,1,1.0,0,0,0.0,0.317015,0,1,0,29,132,159,train,0
LED-000010|LED-000158|LED-000543,STL-BATCH-000010-000222,3,many_to_one,0,1,1248.87,0.00284,1.00284,4,1.0,1.0,1.0,1.0,1,1.0,0,0,0.0,0.334108,0,1,0,42,132,172,train,0
LED-000313|LED-000314|LED-000366,STL-BATCH-000010-000222,3,many_to_one,0,1,6026.89,0.013854,1.013854,4,0.4,0.635022,0.44,0.6,0,0.412514,0,0,0.0,0.278423,0,1,0,33,132,163,train,0
LED-000313|LED-000314|LED-000440,STL-BATCH-000010-000222,3,many_to_one,0,1,6711.73,0.015452,1.015452,4,1.0,1.0,1.0,1.0,1,1.0,0,0,0.0,0.278423,0,1,0,33,132,163,train,0
LED-000313|LED-000347|LED-000543,STL-BATCH-000010-000222,3,many_to_one,0,1,6116.38,0.013678,0.986322,4,0.360656,0.696667,0.360656,0.360656,0,0.0,0,0,0.0,0.334108,0,1,0,42,132,172,train,0
LED-000313|LED-000366|LED-000379,STL-BATCH-000010-000222,3,many_to_one,0,1,5279.66,0.011829,0.988171,4,0.45283,0.635022,0.44,0.6,0,0.412514,0,0,0.0,0.054779,0,1,0,37,132,167,train,0
LED-000313|LED-000379|LED-000440,STL-BATCH-000010-000222,3,many_to_one,0,1,4594.82,0.01031,0.98969,4,1.0,1.0,1.0,1.0,1,1.0,0,0,0.0,0.054779,0,1,0,37,132,167,train,0
LED-000313|LED-000414|LED-000543,STL-BATCH-000010-000222,3,many_to_one,0,1,7754.82,0.017278,0.982722,4,0.367347,0.696667,0.360656,0.360656,0,0.0,0,0,0.0,0.334108,0,1,0,42,132,172,train,0
LED-000314|LED-000347|LED-000482,STL-BATCH-000010-000222,3,many_to_one,0,1,7731.4,0.017842,1.017842,4,0.4,0.635022,0.44,0.6,0,0.412514,0,0,0.0,0.595407,0,1,0,38,132,168,train,0
LED-000222|LED-000314|LED-000347,STL-BATCH-000010-000222,3,many_to_one,0,1,7824.79,0.017432,0.982568,4,1.0,1.0,1.0,1.0,1,1.0,0,0,0.0,0.278423,0,1,0,39,132,169,train,0
LED-000010|LED-000314|LED-000366,STL-BATCH-000010-000222,3,many_to_one,0,1,3370.13,0.0077,1.0077,2,1.0,1.0,1.0,1.0,1,1.0,0,0,0.0,0.278423,0,1,0,29,132,159,train,0
LED-000314|LED-000414|LED-000482,STL-BATCH-000010-000222,3,many_to_one,0,1,6092.96,0.014008,1.014008,3,0.4,0.635022,0.44,0.6,0,0.412514,0,0,0.0,0.595407,0,1,0,29,132,159,train,0
LED-000222|LED-000314|LED-000414,STL-BATCH-000010-000222,3,many_to_one,0,1,9463.23,0.021005,0.978995,3,1.0,1.0,1.0,1.0,1,1.0,0,0,0.0,0.278423,0,1,0,39,132,169,train,0
LED-000010|LED-000314|LED-000440,STL-BATCH-000010-000222,3,many_to_one,0,1,4054.97,0.009279,1.009279,4,1.0,1.0,1.0,1.0,1,1.0,0,0,0.0,0.278423,0,1,0,29,132,159,train,0
LED-000347|LED-000379|LED-000482,STL-BATCH-000010-000222,3,many_to_one,0,1,3575.15,0.008041,0.991959,4,0.45283,0.635022,0.44,0.6,0,0.412514,0,0,0.0,0.595407,0,1,0,38,132,168,train,0
LED-000347|LED-000482|LED-000557,STL-BATCH-000010-000222,3,many_to_one,0,1,10690.29,0.023664,0.976336,4,0.4,0.635022,0.44,0.6,0,0.412514,0,0,0.0,0.595407,0,1,0,38,132,168,train,0
LED-000222|LED-000347|LED-000507,STL-BATCH-000010-000222,3,many_to_one,0,1,985.92,0.00224,1.00224,4,1.0,1.0,1.0,1.0,1,1.0,0,0,0.0,0.317015,0,1,0,39,132,169,train,0
LED-000010|LED-000347|LED-000543,STL-BATCH-000010-000222,3,many_to_one,0,1,8773.14,0.019503,0.980497,4,1.0,1.0,1.0,1.0,1,1.0,0,0,0.0,0.334108,0,1,0,42,132,172,train,0
LED-000010|LED-000366|LED-000379,STL-BATCH-000010-000222,3,many_to_one,0,1,7936.42,0.017676,0.982324,1,1.0,1.0,1.0,1.0,1,1.0,0,0,0.0,0.082169,0,1,0,37,132,167,train,0
LED-000366|LED-000440|LED-000482,STL-BATCH-000010-000222,3,many_to_one,0,1,3239.81,0.0074,1.0074,4,1.0,1.0,1.0,1.0,1,1.0,0,0,0.0,0.595407,0,1,0,25,132,155,train,0
LED-000222|LED-000366|LED-000557,STL-BATCH-000010-000222,3,many_to_one,0,1,7088.62,0.016334,1.016334,2,1.0,1.0,1.0,1.0,1,1.0,0,0,0.0,0.07964,0,1,0,39,132,169,train,0
LED-000379|LED-000414|LED-000482,STL-BATCH-000010-000222,3,many_to_one,0,1,5213.59,0.011682,0.988318,3,0.45283,0.635022,0.44,0.6,0,0.412514,0,0,0.0,0.595407,0,1,0,37,132,167,train,0
LED-000010|LED-000379|LED-000440,STL-BATCH-000010-000222,3,many_to_one,0,1,7251.58,0.016175,0.983825,4,1.0,1.0,1.0,1.0,1,1.0,0,0,0.0,0.082169,0,1,0,37,132,167,train,0
LED-000222|LED-000414|LED-000507,STL-BATCH-000010-000222,3,many_to_one,0,1,652.52,0.001477,0.998523,3,1.0,1.0,1.0,1.0,1,1.0,0,0,0.0,0.317015,0,1,0,39,132,169,train,0
LED-000010|LED-000414|LED-000543,STL-BATCH-000010-000222,3,many_to_one,0,1,10411.58,0.023061,0.976939,4,1.0,1.0,1.0,1.0,1,1.0,0,0,0.0,0.334108,0,1,0,42,132,172,train,0
LED-000222|LED-000440|LED-000557,STL-BATCH-000010-000222,3,many_to_one,0,1,7773.46,0.017941,1.017941,4,1.0,1.0,1.0,1.0,1,1.0,0,0,0.0,0.07964,0,1,0,39,132,169,train,0
LED-000041|LED-000524,STL-BATCH-000523-000530,2,many_to_one,0,1,3093.27,0.013195,1.013195,2,0.45283,0.631683,0.415094,0.415094,0,0.099015,0,0,0.0,0.306265,0,1,0,22,19,39,train,0
LED-000041|LED-000523,STL-BATCH-000523-000530,2,many_to_one,0,1,2703.25,0.011512,1.011512,2,1.0,1.0,1.0,1.0,1,1.0,0,0,0.0,0.306265,0,1,0,22,19,39,train,0
LED-000524|LED-000530,STL-BATCH-000523-000530,2,many_to_one,0,1,3021.06,0.012559,0.987441,1,1.0,1.0,1.0,1.0,1,1.0,0,0,0.0,0.280158,0,1,0,22,19,39,train,0
LED-000523|LED-000530,STL-BATCH-000523-000530,2,many_to_one,0,1,3411.08,0.014158,0.985842,1,1.0,1.0,1.0,1.0,1,1.0,0,0,0.0,0.288195,0,1,0,22,19,39,train,1
LED-000041|LED-000231|LED-000556,STL-BATCH-000523-000530,3,many_to_one,0,1,3753.54,0.015557,0.984443,2,0.45283,0.631683,0.415094,0.415094,0,0.0,0,0,0.0,0.342415,0,1,0,22,19,39,train,0
LED-000041|LED-000530|LED-000556,STL-BATCH-000523-000530,3,many_to_one,0,1,2604.8,0.011088,1.011088,2,1.0,1.0,1.0,1.0,1,1.0,0,0,0.0,0.342415,0,1,0,22,19,39,train,0
LED-000076|LED-000447|LED-000556,STL-BATCH-000523-000530,3,many_to_one,0,1,4236.28,0.017523,0.982477,4,0.227273,0.527778,0.232558,0.232558,0,0.076697,0,0,0.0,0.674419,0,1,0,23,19,40,train,0
LED-000222|LED-000555,STL-BATCH-000061-000241,2,many_to_one,0,1,7216.77,0.020917,0.979083,4,0.615385,0.684444,0.615385,0.648649,0,0.500435,0,0,0.0,0.082169,0,1,0,39,32,69,train,0
LED-000061|LED-000241,STL-BATCH-000061-000241,2,many_to_one,0,1,0.0,0.0,1.0,1,1.0,1.0,1.0,1.0,1,1.0,0,0,0.0,-0.0305,0,1,0,22,32,52,train,1
LED-000275|LED-000379|LED-000555,STL-BATCH-000061-000241,3,many_to_one,0,1,3188.77,0.00953,1.00953,4,0.615385,0.684444,0.615385,0.648649,0,0.500435,0,0,0.0,0.342415,0,1,0,37,32,67,train,0
LED-000061|LED-000348|LED-000379,STL-BATCH-000061-000241,3,many_to_one,0,1,2467.07,0.007357,1.007357,4,1.0,1.0,1.0,1.0,1,1.0,0,0,0.0,0.054779,0,1,0,37,32,67,train,0
LED-000241|LED-000348|LED-000379,STL-BATCH-000061-000241,3,many_to_one,0,1,5659.76,0.01704,1.01704,4,1.0,1.0,1.0,1.0,1,1.0,0,0,0.0,0.054779,0,1,0,37,32,67,train,0
LED-000241|LED-000379|LED-000475,STL-BATCH-000061-000241,3,many_to_one,0,1,7470.81,0.021637,0.978363,4,1.0,1.0,1.0,1.0,1,1.0,0,0,0.0,0.082169,0,1,0,37,32,67,train,0
LED-000316|LED-000441,STL-BATCH-000406-000441,2,many_to_one,0,1,3522.35,0.018518,1.018518,1,1.0,1.0,1.0,1.0,1,1.0,0,0,0.0,0.054779,0,1,0,19,21,38,train,0
LED-000336|LED-000441,STL-BATCH-000406-000441,2,many_to_one,0,1,723.56,0.003749,1.003749,2,1.0,1.0,1.0,1.0,1,1.0,0,0,0.0,0.132733,0,1,0,19,21,38,train,0
LED-000357|LED-000458,STL-BATCH-000406-000441,2,many_to_one,0,1,1368.63,0.007015,0.992985,2,1.0,1.0,1.0,1.0,1,1.0,0,0,0.0,0.056637,0,1,0,26,21,45,train,0
LED-000357|LED-000418,STL-BATCH-000406-000441,2,many_to_one,0,1,783.16,0.004026,0.995974,3,0.228571,0.425926,0.285714,0.285714,0,0.0,0,0,0.0,0.056637,0,1,0,33,21,52,train,0
LED-000406|LED-000441,STL-BATCH-000406-000441,2,many_to_one,0,1,0.0,0.0,1.0,0,1.0,1.0,1.0,1.0,1,1.0,0,0,0.0,0.595407,0,1,0,19,21,38,train,1
LED-000165|LED-000185|LED-000357,STL-BATCH-000406-000441,3,many_to_one,0,1,836.49,0.004299,0.995701,3,0.242424,0.425926,0.285714,0.285714,0,0.208514,0,0,0.0,0.595407,0,1,0,27,21,46,train,0
LED-000165|LED-000357|LED-000373,STL-BATCH-000406-000441,3,many_to_one,0,1,1019.88,0.005237,0.994763,2,0.391304,0.648343,0.347826,0.347826,0,0.050572,0,0,0.0,0.595407,0,1,0,22,21,41,train,0
LED-000185|LED-000418|LED-000437,STL-BATCH-000406-000441,3,many_to_one,0,1,4423.49,0.022323,0.977677,3,0.242424,0.425926,0.285714,0.285714,0,0.208514,0,0,0.0,0.317015,0,1,0,33,21,52,train,0
LED-000373|LED-000418|LED-000437,STL-BATCH-000406-000441,3,many_to_one,0,1,4606.88,0.023227,0.976773,3,0.391304,0.648343,0.347826,0.347826,0,0.050572,0,0,0.0,0.317015,0,1,0,33,21,52,train,0
LED-000418|LED-000458|LED-000537,STL-BATCH-000406-000441,3,many_to_one,0,1,218.79,0.001131,1.001131,3,1.0,1.0,1.0,1.0,1,1.0,0,0,0.0,0.306265,0,1,0,33,21,52,train,0
LED-000138|LED-000248|LED-000284,STL-000019-0,3,many_to_one,0,1,28.15,0.00012,0.99988,4,0.333333,0.555556,0.333333,0.333333,0,0.074125,0,0,0.307692,0.680414,0,0,0,54,19,71,train,0
LED-000138|LED-000284|LED-000354,STL-000019-0,3,many_to_one,0,1,4479.86,0.018727,0.981273,4,0.222222,0.51358,0.228571,0.228571,0,0.074125,0,0,0.307692,0.296334,0,0,0,55,19,72,train,0
LED-000138|LED-000545|LED-000584,STL-000019-0,3,many_to_one,0,1,1073.53,0.004552,0.995448,2,0.272727,0.449288,0.272727,0.272727,0,0.169031,0,0,0.230769,0.094281,0,0,0,54,19,71,train,0
LED-000053|LED-000071,STL-BATCH-000489-000558,2,many_to_one,0,1,5570.07,0.015544,1.015544,4,0.166667,0.469048,0.277778,0.277778,0,0.062017,0,0,0.0,0.581395,0,1,0,158,164,320,train,0
LED-000053|LED-000148,STL-BATCH-000489-000558,2,many_to_one,0,1,765.39,0.002108,1.002108,3,0.166667,0.430769,0.277778,0.277778,0,0.062017,0,0,0.0,0.581395,0,1,0,115,164,277,train,0
LED-000071|LED-000190,STL-BATCH-000489-000558,2,many_to_one,0,1,6623.99,0.017876,0.982124,4,0.222222,0.539869,0.263158,0.263158,0,0.08165,0,0,0.0,0.591062,0,1,0,158,164,320,train,0
LED-000071|LED-000192,STL-BATCH-000489-000558,2,many_to_one,0,1,4440.07,0.012054,0.987946,4,0.631579,0.755556,0.631579,0.631579,0,0.358569,0,0,0.0,0.0,0,1,0,158,164,320,train,0
LED-000073|LED-000489,STL-BATCH-000489-000558,2,many_to_one,0,1,6687.64,0.018721,1.018721,1,1.0,1.0,1.0,1.0,1,1.0,0,0,0.0,0.567093,0,1,0,88,164,250,train,0
LED-000122|LED-000489,STL-BATCH-000489-000558,2,many_to_one,0,1,6191.84,0.01673,0.98327,3,1.0,1.0,1.0,1.0,1,1.0,0,0,0.0,0.659322,0,1,0,89,164,251,train,0
LED-000148|LED-000192,STL-BATCH-000489-000558,2,many_to_one,0,1,9244.75,0.024774,0.975226,3,0.631579,0.755556,0.631579,0.631579,0,0.358569,0,0,0.0,0.082169,0,1,0,114,164,276,train,0
LED-000168|LED-000300,STL-BATCH-000489-000558,2,many_to_one,0,1,3121.78,0.008652,1.008652,1,0.631579,0.755556,0.631579,0.631579,0,0.358569,0,0,0.0,-0.095394,0,1,0,97,164,259,train,0
LED-000229|LED-000300,STL-BATCH-000489-000558,2,many_to_one,0,1,163.47,0.000449,0.999551,2,0.631579,0.755556,0.631579,0.631579,0,0.358569,0,0,0.0,-0.091499,0,1,0,97,164,259,train,0
LED-000300|LED-000342,STL-BATCH-000489-000558,2,many_to_one,0,1,1759.83,0.004859,1.004859,1,0.631579,0.755556,0.631579,0.631579,0,0.358569,0,0,0.0,0.07964,0,1,0,97,164,259,train,0
LED-000489|LED-000558,STL-BATCH-000489-000558,2,many_to_one,0,1,0.0,0.0,1.0,1,1.0,1.0,1.0,1.0,1,1.0,0,0,0.0,0.567093,0,1,0,74,164,236,train,1
LED-000053|LED-000068|LED-000168,STL-BATCH-000489-000558,3,many_to_one,0,1,4770.61,0.013283,1.013283,3,0.222222,0.469048,0.296296,0.296296,0,0.062017,0,0,0.0,0.581395,0,1,0,115,164,277,train,0
LED-000053|LED-000068|LED-000229,STL-BATCH-000489-000558,3,many_to_one,0,1,1485.36,0.004098,1.004098,3,0.222222,0.469048,0.277778,0.277778,0,0.062017,0,0,0.0,0.581395,0,1,0,115,164,277,train,0
LED-000053|LED-000068|LED-000342,STL-BATCH-000489-000558,3,many_to_one,0,1,3408.66,0.009455,1.009455,3,0.173913,0.469048,0.277778,0.277778,0,0.062017,0,0,0.0,0.581395,0,1,0,115,164,277,train,0
LED-000053|LED-000071|LED-000200,STL-BATCH-000489-000558,3,many_to_one,0,1,26.71,7.3e-05,0.999927,4,0.235294,0.469048,0.277778,0.277778,0,0.062017,0,0,0.0,0.581395,0,1,0,158,164,320,train,0
LED-000053|LED-000071|LED-000206,STL-BATCH-000489-000558,3,many_to_one,0,1,4065.17,0.011047,0.988953,4,0.26087,0.549074,0.304348,0.304348,0,0.062017,0,0,0.0,0.581395,0,1,0,158,164,320,train,0
LED-000053|LED-000073|LED-000192,STL-BATCH-000489-000558,3,many_to_one,0,1,8829.67,0.023688,0.976312,3,0.631579,0.755556,0.631579,0.631579,0,0.358569,0,0,0.0,0.581395,0,1,0,115,164,277,train,0
LED-000053|LED-000103|LED-000300,STL-BATCH-000489-000558,3,many_to_one,0,1,4030.71,0.0112,1.0112,4,0.631579,0.755556,0.631579,0.631579,0,0.358569,0,0,0.0,0.581395,0,1,0,115,164,277,train,0
LED-000053|LED-000127|LED-000168,STL-BATCH-000489-000558,3,many_to_one,0,1,294.58,0.00081,1.00081,4,0.222222,0.516049,0.296296,0.296296,0,0.065938,0,0,0.0,0.581395,0,1,0,115,164,277,train,0
LED-000053|LED-000127|LED-000229,STL-BATCH-000489-000558,3,many_to_one,0,1,2990.67,0.008151,0.991849,4,0.222222,0.516049,0.277778,0.277778,0,0.065938,0,0,0.0,0.581395,0,1,0,115,164,277,train,0
LED-000053|LED-000127|LED-000342,STL-BATCH-000489-000558,3,many_to_one,0,1,1067.37,0.002924,0.997076,4,0.216216,0.516049,0.277778,0.277778,0,0.065938,0,0,0.0,0.581395,0,1,0,115,164,277,train,0
LED-000053|LED-000148|LED-000200,STL-BATCH-000489-000558,3,many_to_one,0,1,4831.39,0.013102,0.986898,3,0.235294,0.430769,0.277778,0.277778,0,0.062017,0,0,0.0,0.581395,0,1,0,115,164,277,train,0
LED-000053|LED-000148|LED-000206,STL-BATCH-000489-000558,3,many_to_one,0,1,8869.85,0.023793,0.976207,3,0.26087,0.549074,0.304348,0.304348,0,0.062017,0,0,0.0,0.581395,0,1,0,115,164,277,train,0
LED-000053|LED-000168|LED-000214,STL-BATCH-000489-000558,3,many_to_one,0,1,727.76,0.002004,1.002004,4,0.296296,0.430769,0.296296,0.296296,0,0.062017,0,0,0.0,0.581395,0,1,0,115,164,277,train,0
LED-000053|LED-000190|LED-000192,STL-BATCH-000489-000558,3,many_to_one,0,1,5006.05,0.013569,0.986431,3,0.631579,0.755556,0.631579,0.631579,0,0.358569,0,0,0.0,0.591062,0,1,0,115,164,277,train,0
LED-000053|LED-000214|LED-000229,STL-BATCH-000489-000558,3,many_to_one,0,1,2557.49,0.006979,0.993021,4,0.296296,0.466667,0.296296,0.277778,0,0.062017,0,0,0.0,0.581395,0,1,0,115,164,277,train,0
LED-000053|LED-000214|LED-000342,STL-BATCH-000489-000558,3,many_to_one,0,1,634.19,0.00174,0.99826,4,0.296296,0.430769,0.296296,0.277778,0,0.062017,0,0,0.0,0.581395,0,1,0,115,164,277,train,0
LED-000068|LED-000071|LED-000103,STL-BATCH-000489-000558,3,many_to_one,0,1,5948.54,0.016083,0.983917,4,0.173913,0.469048,0.263158,0.263158,0,0.0,0,0,0.0,0.056637,0,1,0,158,164,320,train,0
LED-000068|LED-000071|LED-000127,STL-BATCH-000489-000558,3,many_to_one,0,1,5751.65,0.016058,1.016058,4,0.216216,0.516049,0.263158,0.263158,0,0.065938,0,0,0.0,0.056637,0,1,0,158,164,320,train,0
LED-000068|LED-000071|LED-000214,STL-BATCH-000489-000558,3,many_to_one,0,1,6184.83,0.017289,1.017289,4,0.296296,0.469048,0.296296,0.263158,0,0.0,0,0,0.0,0.056637,0,1,0,158,164,320,train,0
LED-000068|LED-000073|LED-000300,STL-BATCH-000489-000558,3,many_to_one,0,1,4189.25,0.011645,1.011645,1,0.631579,0.755556,0.631579,0.631579,0,0.358569,0,0,0.0,0.056637,0,1,0,113,164,275,train,0
LED-000068|LED-000122|LED-000300,STL-BATCH-000489-000558,3,many_to_one,0,1,8690.23,0.023322,0.976678,3,0.631579,0.755556,0.631579,0.631579,0,0.358569,0,0,0.0,0.659322,0,1,0,113,164,275,train,0
LED-000068|LED-000127|LED-000148,STL-BATCH-000489-000558,3,many_to_one,0,1,946.97,0.002609,1.002609,4,0.216216,0.516049,0.277778,0.277778,0,0.065938,0,0,0.0,0.082169,0,1,0,113,164,275,train,0
LED-000068|LED-000148|LED-000214,STL-BATCH-000489-000558,3,many_to_one,0,1,1380.15,0.003807,1.003807,4,0.296296,0.469048,0.296296,0.277778,0,0.062017,0,0,0.0,0.082169,0,1,0,113,164,275,train,0
LED-000068|LED-000168|LED-000190,STL-BATCH-000489-000558,3,many_to_one,0,1,7423.45,0.019991,0.980009,2,0.222222,0.539869,0.296296,0.296296,0,0.08165,0,0,0.0,0.591062,0,1,0,113,164,275,train,0
LED-000068|LED-000168|LED-000192,STL-BATCH-000489-000558,3,many_to_one,0,1,5239.53,0.014193,0.985807,3,0.631579,0.755556,0.631579,0.631579,0,0.358569,0,0,0.0,0.056637,0,1,0,114,164,276,train,0
LED-000068|LED-000190|LED-000300,STL-BATCH-000489-000558,3,many_to_one,0,1,8012.87,0.022514,1.022514,2,0.631579,0.755556,0.631579,0.631579,0,0.358569,0,0,0.0,0.591062,0,1,0,113,164,275,train,0
LED-000068|LED-000190|LED-000342,STL-BATCH-000489-000558,3,many_to_one,0,1,8785.4,0.023572,0.976428,2,0.222222,0.539869,0.263158,0.263158,0,0.08165,0,0,0.0,0.591062,0,1,0,113,164,275,train,0
LED-000068|LED-000192|LED-000229,STL-BATCH-000489-000558,3,many_to_one,0,1,8524.78,0.022889,0.977111,3,0.631579,0.755556,0.631579,0.631579,0,0.358569,0,0,0.0,0.056637,0,1,0,114,164,276,train,0
LED-000068|LED-000192|LED-000342,STL-BATCH-000489-000558,3,many_to_one,0,1,6601.48,0.017817,0.982183,3,0.631579,0.755556,0.631579,0.631579,0,0.358569,0,0,0.0,0.07964,0,1,0,114,164,276,train,0
LED-000068|LED-000300|LED-000558,STL-BATCH-000489-000558,3,many_to_one,0,1,2498.39,0.006818,0.993182,1,1.0,1.0,1.0,1.0,1,1.0,0,0,0.0,0.056637,0,1,0,113,164,275,train,0
LED-000071|LED-000127|LED-000214,STL-BATCH-000489-000558,3,many_to_one,0,1,1708.8,0.004718,1.004718,4,0.296296,0.516049,0.296296,0.263158,0,0.065938,0,0,0.0,0.054779,0,1,0,158,164,320,train,0
LED-000073|LED-000102|LED-000469,STL-BATCH-000489-000558,3,many_to_one,0,1,3033.3,0.008266,0.991734,4,0.26087,0.516049,0.26087,0.26087,0,0.095346,0,0,0.0,0.031798,0,1,0,122,164,284,train,0
LED-000073|LED-000127|LED-000300,STL-BATCH-000489-000558,3,many_to_one,0,1,286.78,0.000787,0.999213,4,0.631579,0.755556,0.631579,0.631579,0,0.358569,0,0,0.0,0.054779,0,1,0,97,164,259,train,0
LED-000073|LED-000200|LED-000489,STL-BATCH-000489-000558,3,many_to_one,0,1,1090.86,0.003007,1.003007,1,1.0,1.0,1.0,1.0,1,1.0,0,0,0.0,0.567093,0,1,0,113,164,275,train,0
LED-000073|LED-000206|LED-000489,STL-BATCH-000489-000558,3,many_to_one,0,1,2947.6,0.008034,0.991966,2,1.0,1.0,1.0,1.0,1,1.0,0,0,0.0,0.567093,0,1,0,98,164,260,train,0
LED-000073|LED-000214|LED-000300,STL-BATCH-000489-000558,3,many_to_one,0,1,146.4,0.000402,1.000402,4,0.631579,0.755556,0.631579,0.631579,0,0.358569,0,0,0.0,0.02739,0,1,0,97,164,259,train,0
LED-000073|LED-000229|LED-000469,STL-BATCH-000489-000558,3,many_to_one,0,1,8465.62,0.023816,1.023816,4,0.222222,0.516049,0.222222,0.222222,0,0.065938,0,0,0.0,0.031798,0,1,0,96,164,258,train,0
LED-000102|LED-000122|LED-000206,STL-BATCH-000489-000558,3,many_to_one,0,1,6912.63,0.019363,1.019363,3,0.26087,0.549074,0.304348,0.304348,0,0.095346,0,0,0.0,0.659322,0,1,0,122,164,284,train,0
LED-000102|LED-000190|LED-000469,STL-BATCH-000489-000558,3,many_to_one,0,1,790.32,0.002176,1.002176,4,0.26087,0.539869,0.26087,0.26087,0,0.095346,0,0,0.0,0.591062,0,1,0,122,164,284,train,0
LED-000102|LED-000192|LED-000469,STL-BATCH-000489-000558,3,many_to_one,0,1,2974.24,0.00824,1.00824,4,0.631579,0.755556,0.631579,0.631579,0,0.358569,0,0,0.0,0.031798,0,1,0,122,164,284,train,0
LED-000103|LED-000127|LED-000489,STL-BATCH-000489-000558,3,many_to_one,0,1,6710.68,0.018786,1.018786,4,1.0,1.0,1.0,1.0,1,1.0,0,0,0.0,0.567093,0,1,0,86,164,248,train,0
LED-000103|LED-000190|LED-000300,STL-BATCH-000489-000558,3,many_to_one,0,1,8163.35,0.021939,0.978061,4,0.631579,0.755556,0.631579,0.631579,0,0.358569,0,0,0.0,0.591062,0,1,0,97,164,259,train,0
LED-000103|LED-000192|LED-000300,STL-BATCH-000489-000558,3,many_to_one,0,1,5979.43,0.016165,0.983835,4,0.631579,0.755556,0.631579,0.631579,0,0.358569,0,0,0.0,0.0,0,1,0,114,164,276,train,0
LED-000103|LED-000214|LED-000489,STL-BATCH-000489-000558,3,many_to_one,0,1,7143.86,0.020023,1.020023,4,1.0,1.0,1.0,1.0,1,1.0,0,0,0.0,0.567093,0,1,0,83,164,245,train,0
LED-000122|LED-000168|LED-000469,STL-BATCH-000489-000558,3,many_to_one,0,1,1128.61,0.003092,0.996908,4,0.222222,0.516049,0.296296,0.296296,0,0.065938,0,0,0.0,0.659322,0,1,0,96,164,258,train,0
LED-000122|LED-000229|LED-000469,STL-BATCH-000489-000558,3,many_to_one,0,1,4413.86,0.011983,0.988017,4,0.222222,0.516049,0.222222,0.222222,0,0.065938,0,0,0.0,0.659322,0,1,0,96,164,258,train,0
LED-000122|LED-000342|LED-000469,STL-BATCH-000489-000558,3,many_to_one,0,1,2490.56,0.006797,0.993203,4,0.216216,0.516049,0.26087,0.26087,0,0.065938,0,0,0.0,0.659322,0,1,0,96,164,258,train,0
LED-000127|LED-000148|LED-000214,STL-BATCH-000489-000558,3,many_to_one,0,1,3095.88,0.008435,0.991565,4,0.296296,0.516049,0.296296,0.277778,0,0.065938,0,0,0.0,0.082169,0,1,0,112,164,274,train,0
LED-000127|LED-000190|LED-000300,STL-BATCH-000489-000558,3,many_to_one,0,1,3536.84,0.009814,1.009814,4,0.631579,0.755556,0.631579,0.631579,0,0.358569,0,0,0.0,0.591062,0,1,0,97,164,259,train,0
LED-000127|LED-000192|LED-000300,STL-BATCH-000489-000558,3,many_to_one,0,1,5720.76,0.015971,1.015971,4,0.631579,0.755556,0.631579,0.631579,0,0.358569,0,0,0.0,0.054779,0,1,0,114,164,276,train,0
LED-000127|LED-000300|LED-000558,STL-BATCH-000489-000558,3,many_to_one,0,1,6974.42,0.018804,0.981196,4,1.0,1.0,1.0,1.0,1,1.0,0,0,0.0,0.054779,0,1,0,97,164,259,train,0
LED-000168|LED-000192|LED-000214,STL-BATCH-000489-000558,3,many_to_one,0,1,9282.38,0.024872,0.975128,4,0.631579,0.755556,0.631579,0.631579,0,0.358569,0,0,0.0,0.02739,0,1,0,114,164,276,train,0
LED-000168|LED-000200|LED-000300,STL-BATCH-000489-000558,3,many_to_one,0,1,2475.0,0.006755,0.993245,1,0.631579,0.755556,0.631579,0.631579,0,0.358569,0,0,0.0,0.025777,0,1,0,113,164,275,train,0
LED-000168|LED-000206|LED-000300,STL-BATCH-000489-000558,3,many_to_one,0,1,6513.46,0.017583,0.982417,2,0.631579,0.755556,0.631579,0.631579,0,0.358569,0,0,0.0,-0.063596,0,1,0,98,164,260,train,0
LED-000168|LED-000469|LED-000558,STL-BATCH-000489-000558,3,many_to_one,0,1,5063.23,0.014109,1.014109,4,1.0,1.0,1.0,1.0,1,1.0,0,0,0.0,0.031798,0,1,0,96,164,258,train,0
LED-000190|LED-000200|LED-000489,STL-BATCH-000489-000558,3,many_to_one,0,1,4914.48,0.013689,1.013689,2,1.0,1.0,1.0,1.0,1,1.0,0,0,0.0,0.591062,0,1,0,113,164,275,train,0
LED-000190|LED-000206|LED-000489,STL-BATCH-000489-000558,3,many_to_one,0,1,876.02,0.002413,1.002413,2,1.0,1.0,1.0,1.0,1,1.0,0,0,0.0,0.591062,0,1,0,98,164,260,train,0
LED-000190|LED-000214|LED-000300,STL-BATCH-000489-000558,3,many_to_one,0,1,3970.02,0.011029,1.011029,4,0.631579,0.755556,0.631579,0.631579,0,0.358569,0,0,0.0,0.591062,0,1,0,97,164,259,train,0
LED-000192|LED-000200|LED-000489,STL-BATCH-000489-000558,3,many_to_one,0,1,7098.4,0.019893,1.019893,3,1.0,1.0,1.0,1.0,1,1.0,0,0,0.0,0.567093,0,1,0,114,164,276,train,0
LED-000192|LED-000206|LED-000489,STL-BATCH-000489-000558,3,many_to_one,0,1,3059.94,0.00848,1.00848,3,1.0,1.0,1.0,1.0,1,1.0,0,0,0.0,0.567093,0,1,0,114,164,276,train,0
LED-000192|LED-000214|LED-000300,STL-BATCH-000489-000558,3,many_to_one,0,1,6153.94,0.017201,1.017201,4,0.631579,0.755556,0.631579,0.631579,0,0.358569,0,0,0.0,0.02739,0,1,0,114,164,276,train,0
LED-000200|LED-000229|LED-000300,STL-BATCH-000489-000558,3,many_to_one,0,1,5760.25,0.015582,0.984418,2,0.631579,0.755556,0.631579,0.631579,0,0.358569,0,0,0.0,0.025777,0,1,0,113,164,275,train,0
LED-000200|LED-000300|LED-000342,STL-BATCH-000489-000558,3,many_to_one,0,1,3836.95,0.010433,0.989567,1,0.631579,0.755556,0.631579,0.631579,0,0.358569,0,0,0.0,0.07964,0,1,0,113,164,275,train,0
LED-000200|LED-000489|LED-000558,STL-BATCH-000489-000558,3,many_to_one,0,1,5596.78,0.015146,0.984854,1,1.0,1.0,1.0,1.0,1,1.0,0,0,0.0,0.567093,0,1,0,113,164,275,train,0
LED-000206|LED-000300|LED-000342,STL-BATCH-000489-000558,3,many_to_one,0,1,7875.41,0.021182,0.978818,2,0.631579,0.755556,0.631579,0.631579,0,0.358569,0,0,0.0,0.07964,0,1,0,98,164,260,train,0
LED-000214|LED-000300|LED-000558,STL-BATCH-000489-000558,3,many_to_one,0,1,6541.24,0.017657,0.982343,4,1.0,1.0,1.0,1.0,1,1.0,0,0,0.0,0.029348,0,1,0,97,164,259,train,0
LED-000229|LED-000469|LED-000558,STL-BATCH-000489-000558,3,many_to_one,0,1,1777.98,0.00491,1.00491,4,1.0,1.0,1.0,1.0,1,1.0,0,0,0.0,0.031798,0,1,0,96,164,258,train,0
LED-000342|LED-000469|LED-000558,STL-BATCH-000489-000558,3,many_to_one,0,1,3701.28,0.010275,1.010275,4,1.0,1.0,1.0,1.0,1,1.0,0,0,0.0,0.07964,0,1,0,96,164,258,train,0
LED-000029|LED-000200,STL-000595-0,2,many_to_one,0,1,250.39,0.00158,1.00158,3,1.0,1.0,1.0,1.0,1,1.0,0,0,0.230769,0.199205,0,0,0,113,45,156,train,0
LED-000068|LED-000427,STL-000595-0,2,many_to_one,0,1,1158.58,0.007246,0.992754,3,0.171429,0.497619,0.25,0.25,0,0.0,0,0,0.230769,0.218844,0,0,0,113,45,156,train,0
LED-000386|LED-000540,STL-000595-0,2,many_to_one,0,1,1534.29,0.009574,0.990426,2,0.333333,0.357143,0.333333,0.333333,0,0.0,0,0,0.230769,0.707107,0,0,0,53,45,96,train,0
LED-000311|LED-000360,STL-BATCH-000240-000445,2,many_to_one,0,1,4656.92,0.016423,0.983577,2,0.181818,0.417379,0.272727,0.272727,0,0.0,0,0,0.0,0.082169,0,1,0,17,33,48,train,0
LED-000240|LED-000445,STL-BATCH-000240-000445,2,many_to_one,0,1,2548.24,0.009054,0.990946,1,1.0,1.0,1.0,1.0,1,1.0,0,0,0.0,0.571591,0,1,0,30,33,61,train,1
LED-000240|LED-000311,STL-BATCH-000240-000445,2,many_to_one,0,1,6381.35,0.023416,1.023416,0,1.0,1.0,1.0,1.0,1,1.0,0,0,0.0,0.571591,0,1,0,17,33,48,train,0
LED-000040|LED-000111|LED-000535,STL-BATCH-000240-000445,3,many_to_one,0,1,482.82,0.001728,0.998272,2,1.0,1.0,1.0,1.0,1,1.0,0,0,0.0,0.571591,0,1,0,38,33,69,train,0
LED-000040|LED-000111|LED-000596,STL-BATCH-000240-000445,3,many_to_one,0,1,1786.46,0.006365,0.993635,3,0.4,0.602456,0.4,0.4,0,0.0,0,0,0.0,0.619223,0,1,0,38,33,69,train,0
LED-000040|LED-000240|LED-000296,STL-BATCH-000240-000445,3,many_to_one,0,1,5619.58,0.019751,0.980249,4,1.0,1.0,1.0,1.0,1,1.0,0,0,0.0,0.571591,0,1,0,38,33,69,train,0
LED-000040|LED-000535|LED-000596,STL-BATCH-000240-000445,3,many_to_one,0,1,3936.44,0.013918,0.986082,3,1.0,1.0,1.0,1.0,1,1.0,0,0,0.0,0.619223,0,1,0,38,33,69,train,0
LED-000111|LED-000296|LED-000535,STL-BATCH-000240-000445,3,many_to_one,0,1,2165.54,0.007705,0.992295,4,1.0,1.0,1.0,1.0,1,1.0,0,0,0.0,0.571591,0,1,0,34,33,65,train,0
LED-000111|LED-000296|LED-000596,STL-BATCH-000240-000445,3,many_to_one,0,1,3469.18,0.012286,0.987714,4,0.4,0.602456,0.4,0.4,0,0.0,0,0,0.0,0.619223,0,1,0,34,33,65,train,0
LED-000111|LED-000311|LED-000445,STL-BATCH-000240-000445,3,many_to_one,0,1,2561.05,0.009099,0.990901,2,1.0,1.0,1.0,1.0,1,1.0,0,0,0.0,0.058697,0,1,0,30,33,61,train,0
LED-000296|LED-000535|LED-000596,STL-BATCH-000240-000445,3,many_to_one,0,1,5619.16,0.01975,0.98025,4,1.0,1.0,1.0,1.0,1,1.0,0,0,0.0,0.619223,0,1,0,34,33,65,train,0
LED-000311|LED-000445|LED-000535,STL-BATCH-000240-000445,3,many_to_one,0,1,4711.03,0.016611,0.983389,2,1.0,1.0,1.0,1.0,1,1.0,0,0,0.0,0.571591,0,1,0,30,33,61,train,0
LED-000311|LED-000445|LED-000596,STL-BATCH-000240-000445,3,many_to_one,0,1,6014.67,0.02111,0.97889,3,1.0,1.0,1.0,1.0,1,1.0,0,0,0.0,0.619223,0,1,0,30,33,61,train,0
LED-000149|LED-000302,STL-000599-0,2,many_to_one,0,1,51.8,0.000223,0.999777,1,0.153846,0.477778,0.153846,0.0,0,0.0,0,0,0.0,0.215614,0,1,0,23,10,31,train,0
LED-000080|LED-000131|LED-000551,STL-000599-0,3,many_to_one,0,1,2664.24,0.011603,1.011603,3,0.166667,0.481481,0.166667,0.0,0,0.0,0,0,0.0,0.421332,0,1,0,22,10,30,train,0
LED-000184|LED-000246,STL-BATCH-000086-000570,2,many_to_one,0,1,923.43,0.003914,1.003914,2,1.0,1.0,1.0,1.0,1,1.0,0,0,0.0,0.317015,0,1,0,83,59,140,train,0
LED-000184|LED-000361,STL-BATCH-000086-000570,2,many_to_one,0,1,1040.56,0.004374,0.995626,2,0.382979,0.625126,0.382979,0.382979,0,0.044281,0,0,0.0,-0.031798,0,1,0,66,59,123,train,0
LED-000239|LED-000376,STL-BATCH-000086-000570,2,many_to_one,0,1,3760.46,0.016132,1.016132,1,0.382979,0.595099,0.382979,0.382979,0,0.044281,0,0,0.0,0.595407,0,1,0,59,59,116,train,0
LED-000086|LED-000570,STL-BATCH-000086-000570,2,many_to_one,0,1,0.0,0.0,1.0,3,1.0,1.0,1.0,1.0,1,1.0,0,0,0.0,0.084955,0,1,0,50,59,107,train,1
LED-000086|LED-000147|LED-000239,STL-BATCH-000086-000570,3,many_to_one,0,1,1763.43,0.00739,0.99261,3,1.0,1.0,1.0,1.0,1,1.0,0,0,0.0,0.345834,0,1,0,59,59,116,train,0
LED-000147|LED-000246|LED-000436,STL-BATCH-000086-000570,3,many_to_one,0,1,1102.12,0.004631,0.995369,3,1.0,1.0,1.0,1.0,1,1.0,0,0,0.0,0.317015,0,1,0,83,59,140,train,0
LED-000147|LED-000361|LED-000436,STL-BATCH-000086-000570,3,many_to_one,0,1,3066.11,0.012779,0.987221,3,0.603774,0.625126,0.603774,0.648649,0,0.511208,0,0,0.0,0.051554,0,1,0,66,59,123,train,0
LED-000196|LED-000246|LED-000570,STL-BATCH-000086-000570,3,many_to_one,0,1,1313.1,0.005513,0.994487,3,1.0,1.0,1.0,1.0,1,1.0,0,0,0.0,0.317015,0,1,0,83,59,140,train,0
LED-000196|LED-000361|LED-000570,STL-BATCH-000086-000570,3,many_to_one,0,1,3277.09,0.013646,0.986354,3,1.0,1.0,1.0,1.0,1,1.0,0,0,0.0,0.084955,0,1,0,83,59,140,train,0
LED-000196|LED-000436|LED-000522,STL-BATCH-000086-000570,3,many_to_one,0,1,2540.74,0.010843,1.010843,2,0.618182,0.671285,0.603774,0.648649,0,0.511208,0,0,0.0,0.054779,0,1,0,83,59,140,train,0
LED-000196|LED-000436|LED-000564,STL-BATCH-000086-000570,3,many_to_one,0,1,721.49,0.003055,1.003055,3,0.618182,0.671285,0.603774,0.648649,0,0.511208,0,0,0.0,0.306265,0,1,0,83,59,140,train,0
LED-000196|LED-000436|LED-000585,STL-BATCH-000086-000570,3,many_to_one,0,1,2781.36,0.011606,0.988394,4,0.618182,0.671285,0.603774,0.648649,0,0.511208,0,0,0.0,0.610483,0,1,0,83,59,140,train,0
LED-000239|LED-000246|LED-000465,STL-BATCH-000086-000570,3,many_to_one,0,1,1450.01,0.006084,0.993916,2,1.0,1.0,1.0,1.0,1,1.0,0,0,0.0,0.345834,0,1,0,83,59,140,train,0
LED-000239|LED-000246|LED-000585,STL-BATCH-000086-000570,3,many_to_one,0,1,2720.72,0.01162,1.01162,4,1.0,1.0,1.0,1.0,1,1.0,0,0,0.0,0.610483,0,1,0,83,59,140,train,0
LED-000239|LED-000361|LED-000465,STL-BATCH-000086-000570,3,many_to_one,0,1,3414.0,0.014208,0.985792,2,0.382979,0.625126,0.382979,0.382979,0,0.044281,0,0,0.0,0.345834,0,1,0,66,59,123,train,0
LED-000239|LED-000361|LED-000564,STL-BATCH-000086-000570,3,many_to_one,0,1,4259.58,0.018312,1.018312,3,0.382979,0.625126,0.382979,0.382979,0,0.08165,0,0,0.0,0.345834,0,1,0,66,59,123,train,0
LED-000239|LED-000361|LED-000585,STL-BATCH-000086-000570,3,many_to_one,0,1,756.73,0.003205,1.003205,4,0.618182,0.671285,0.581818,0.615385,0,0.494902,0,0,0.0,0.610483,0,1,0,66,59,123,train,0
LED-000246|LED-000289|LED-000376,STL-BATCH-000086-000570,3,many_to_one,0,1,4651.61,0.020032,1.020032,2,1.0,1.0,1.0,1.0,1,1.0,0,0,0.0,0.595407,0,1,0,83,59,140,train,0
LED-000246|LED-000436|LED-000522,STL-BATCH-000086-000570,3,many_to_one,0,1,5694.14,0.023475,0.976525,2,1.0,1.0,1.0,1.0,1,1.0,0,0,0.0,0.317015,0,1,0,83,59,140,train,0
LED-000289|LED-000361|LED-000376,STL-BATCH-000086-000570,3,many_to_one,0,1,2687.62,0.011477,1.011477,2,0.382979,0.625126,0.382979,0.382979,0,0.044281,0,0,0.0,0.595407,0,1,0,66,59,123,train,0
LED-000116|LED-000152,STL-000257-0,2,many_to_one,0,1,3306.33,0.016238,0.983762,2,0.451613,0.555672,0.387097,0.387097,0,0.0,0,0,0.230769,0.715542,0,0,0,31,26,55,train,0
LED-000136|LED-000422,STL-BATCH-000056-000418,2,many_to_one,0,1,2583.39,0.021533,1.021533,3,0.242424,0.517157,0.30303,0.30303,0,0.08165,0,0,0.0,-0.121999,0,1,0,14,11,23,train,0
LED-000422|LED-000541,STL-BATCH-000056-000418,2,many_to_one,0,1,2659.4,0.021239,0.978761,3,0.24,0.517157,0.16,0.16,0,0.0,0,0,0.0,-0.026547,0,1,0,22,11,31,train,0
LED-000056|LED-000422,STL-BATCH-000056-000418,2,many_to_one,0,1,593.56,0.00482,0.99518,3,1.0,1.0,1.0,1.0,1,1.0,0,0,0.0,0.028318,0,1,0,23,11,32,train,0
LED-000467|LED-000541,STL-BATCH-000056-000418,2,many_to_one,0,1,369.8,0.003027,1.003027,2,0.24,0.517157,0.285714,0.285714,0,0.0,0,0,0.0,0.345834,0,1,0,22,11,31,train,0
LED-000056|LED-000467,STL-BATCH-000056-000418,2,many_to_one,0,1,2435.64,0.020277,1.020277,2,1.0,1.0,1.0,1.0,1,1.0,0,0,0.0,0.345834,0,1,0,23,11,32,train,0
LED-000418|LED-000541,STL-BATCH-000056-000418,2,many_to_one,0,1,2065.66,0.016575,0.983425,2,1.0,1.0,1.0,1.0,1,1.0,0,0,0.0,0.056637,0,1,0,33,11,42,train,0
LED-000056|LED-000418,STL-BATCH-000056-000418,2,many_to_one,0,1,0.18,1e-06,1.000001,2,1.0,1.0,1.0,1.0,1,1.0,0,0,0.0,0.056637,0,1,0,33,11,42,train,1
LED-000311|LED-000431,STL-BATCH-000223-000311,2,many_to_one,0,1,5571.8,0.020725,0.979275,1,1.0,1.0,1.0,1.0,1,1.0,0,0,0.0,0.07964,0,1,0,17,15,30,train,0
LED-000223|LED-000311,STL-BATCH-000223-000311,2,many_to_one,0,1,0.34,1e-06,0.999999,1,1.0,1.0,1.0,1.0,1,1.0,0,0,0.0,0.053093,0,1,0,17,15,30,train,1
LED-000040|LED-000093|LED-000328,STL-BATCH-000223-000311,3,many_to_one,0,1,3364.23,0.012617,0.987383,2,1.0,1.0,1.0,1.0,1,1.0,0,0,0.0,0.082169,0,1,0,38,15,51,train,0
LED-000040|LED-000328|LED-000360,STL-BATCH-000223-000311,3,many_to_one,0,1,120.85,0.000459,0.999541,3,1.0,1.0,1.0,1.0,1,1.0,0,0,0.0,0.082169,0,1,0,38,15,51,train,0
LED-000040|LED-000328|LED-000473,STL-BATCH-000223-000311,3,many_to_one,0,1,4967.8,0.01852,0.98148,2,1.0,1.0,1.0,1.0,1,1.0,0,0,0.0,0.082169,0,1,0,38,15,51,train,0
LED-000201|LED-000329,STL-BATCH-000201-000305,2,many_to_one,0,1,1128.91,0.00574,1.00574,1,0.387097,0.848,0.387097,1.0,0,0.417029,0,0,0.0,0.595407,0,1,0,35,20,53,train,0
LED-000201|LED-000305,STL-BATCH-000201-000305,2,many_to_one,0,1,3765.06,0.01868,0.98132,4,0.96,0.992,0.68,1.0,0,0.834058,0,0,0.0,0.595407,0,1,0,35,20,53,train,1
LED-000027|LED-000082|LED-000538,STL-BATCH-000201-000305,3,many_to_one,0,1,3940.47,0.020328,1.020328,4,0.96,0.992,0.68,0.96,0,0.834058,0,0,0.0,0.07964,0,1,0,24,20,42,train,0
LED-000027|LED-000082|LED-000539,STL-BATCH-000201-000305,3,many_to_one,0,1,2495.89,0.01278,1.01278,4,0.315789,0.572991,0.263158,0.263158,0,0.0,0,0,0.0,0.07964,0,1,0,24,20,42,train,0
LED-000027|LED-000538|LED-000539,STL-BATCH-000201-000305,3,many_to_one,0,1,2074.34,0.010379,0.989621,4,0.96,0.992,0.68,0.96,0,0.834058,0,0,0.0,0.07964,0,1,0,22,20,40,train,0
LED-000082|LED-000156|LED-000201,STL-BATCH-000201-000305,3,many_to_one,0,1,4919.14,0.024267,0.975733,4,0.387097,0.848,0.387097,1.0,0,0.417029,0,0,0.0,0.595407,0,1,0,35,20,53,train,0
LED-000453|LED-000547,STL-BATCH-000453-000547,2,many_to_one,0,1,9454.65,0.024759,0.975241,0,0.913043,0.939429,0.913043,0.913043,0,0.793884,0,0,0.0,0.056637,0,1,0,63,30,91,train,1
LED-000037|LED-000062|LED-000135,STL-BATCH-000453-000547,3,many_to_one,0,1,4864.83,0.013236,1.013236,3,0.421053,0.593254,0.368421,0.368421,0,0.19803,0,0,0.0,0.0,0,1,0,43,30,71,train,0
LED-000037|LED-000083|LED-000547,STL-BATCH-000453-000547,3,many_to_one,0,1,6435.5,0.017584,1.017584,3,0.913043,0.939429,0.913043,0.913043,0,0.793884,0,0,0.0,0.07964,0,1,0,63,30,91,train,0
LED-000037|LED-000135|LED-000388,STL-BATCH-000453-000547,3,many_to_one,0,1,3051.5,0.008127,0.991873,4,0.45,0.639548,0.45,0.45,0,0.19803,0,0,0.0,0.02739,0,1,0,43,30,71,train,0
LED-000037|LED-000383|LED-000547,STL-BATCH-000453-000547,3,many_to_one,0,1,1515.96,0.004087,1.004087,3,0.913043,0.939429,0.913043,0.913043,0,0.793884,0,0,0.0,0.595407,0,1,0,63,30,91,train,0
LED-000037|LED-000410|LED-000453,STL-BATCH-000453-000547,3,many_to_one,0,1,9491.0,0.024852,0.975148,3,0.913043,0.939429,0.913043,0.913043,0,0.793884,0,0,0.0,0.056637,0,1,0,52,30,80,train,0
LED-000062|LED-000083|LED-000092,STL-BATCH-000453-000547,3,many_to_one,0,1,1544.77,0.004131,0.995869,3,0.421053,0.593254,0.368421,0.368421,0,0.19803,0,0,0.0,0.082169,0,1,0,47,30,75,train,0
LED-000062|LED-000092|LED-000383,STL-BATCH-000453-000547,3,many_to_one,0,1,6464.31,0.017062,0.982938,3,0.421053,0.593254,0.368421,0.368421,0,0.19803,0,0,0.0,0.595407,0,1,0,47,30,75,train,0
LED-000062|LED-000086|LED-000135,STL-BATCH-000453-000547,3,many_to_one,0,1,1793.38,0.004792,0.995208,4,0.421053,0.631944,0.368421,0.368421,0,0.19803,0,0,0.0,0.0,0,1,0,50,30,78,train,0
LED-000062|LED-000381|LED-000436,STL-BATCH-000453-000547,3,many_to_one,0,1,556.19,0.001491,0.998509,4,0.425532,0.652625,0.425532,0.425532,0,0.062622,0,0,0.0,0.02739,0,1,0,50,30,78,train,0
LED-000083|LED-000092|LED-000388,STL-BATCH-000453-000547,3,many_to_one,0,1,9461.1,0.024775,0.975225,4,0.45,0.639548,0.45,0.45,0,0.19803,0,0,0.0,0.082169,0,1,0,47,30,75,train,0
LED-000083|LED-000135|LED-000383,STL-BATCH-000453-000547,3,many_to_one,0,1,6667.67,0.01823,1.01823,3,0.344828,0.593254,0.294118,0.294118,0,0.19803,0,0,0.0,0.595407,0,1,0,43,30,71,train,0
LED-000083|LED-000086|LED-000547,STL-BATCH-000453-000547,3,many_to_one,0,1,222.71,0.000598,0.999402,4,0.913043,0.939429,0.913043,0.913043,0,0.793884,0,0,0.0,0.07964,0,1,0,63,30,91,train,0
LED-000092|LED-000135|LED-000388,STL-BATCH-000453-000547,3,many_to_one,0,1,5135.59,0.013983,1.013983,4,0.45,0.639548,0.45,0.45,0,0.19803,0,0,0.0,0.082169,0,1,0,47,30,75,train,0
LED-000092|LED-000410|LED-000453,STL-BATCH-000453-000547,3,many_to_one,0,1,1303.91,0.003489,0.996511,3,0.913043,0.939429,0.913043,0.913043,0,0.793884,0,0,0.0,0.082169,0,1,0,52,30,80,train,0
LED-000135|LED-000381|LED-000547,STL-BATCH-000453-000547,3,many_to_one,0,1,5811.78,0.015366,0.984634,0,0.913043,0.939429,0.913043,0.913043,0,0.793884,0,0,0.0,-0.031798,0,1,0,63,30,91,train,0
LED-000135|LED-000410|LED-000436,STL-BATCH-000453-000547,3,many_to_one,0,1,4752.45,0.0126,0.9874,4,0.385965,0.656085,0.385965,0.385965,0,0.19803,0,0,0.0,0.02739,0,1,0,50,30,78,train,0
LED-000135|LED-000436|LED-000453,STL-BATCH-000453-000547,3,many_to_one,0,1,30.39,8.2e-05,1.000082,4,0.913043,0.939429,0.913043,0.913043,0,0.793884,0,0,0.0,0.056637,0,1,0,52,30,80,train,0
LED-000381|LED-000383|LED-000410,STL-BATCH-000453-000547,3,many_to_one,0,1,6321.95,0.017269,1.017269,1,0.425532,0.656085,0.425532,0.425532,0,0.124784,0,0,0.0,0.595407,0,1,0,43,30,71,train,0
LED-000381|LED-000388|LED-000436,STL-BATCH-000453-000547,3,many_to_one,0,1,8472.52,0.022244,0.977756,4,0.45,0.652625,0.45,0.45,0,0.0,0,0,0.0,0.02739,0,1,0,50,30,78,train,0
LED-000086|LED-000383|LED-000547,STL-BATCH-000453-000547,3,many_to_one,0,1,5142.25,0.01362,0.98638,4,0.913043,0.939429,0.913043,0.913043,0,0.793884,0,0,0.0,0.595407,0,1,0,63,30,91,train,0
LED-000001,STL-000076-0|STL-000390-0,2,one_to_many,1,0,107.19,0.001021,1.001021,3,0.3125,0.523504,0.3125,0.3125,0,0.087706,0,0,0.230769,0.164817,0,0,0,20,64,82,train,0
LED-000001,STL-000041-0|STL-000179-0|STL-000390-0,3,one_to_many,1,0,1393.13,0.013272,1.013272,4,0.470588,0.640694,0.470588,0.470588,0,0.0,0,0,0.307692,0.164817,0,0,0,20,64,82,train,0
LED-000002,STL-000053-0|STL-000469-0,2,one_to_many,1,0,2955.51,0.019574,0.980426,2,0.292683,0.584749,0.292683,0.292683,0,0.0,0,0,0.230769,0.800641,0,0,0,40,125,163,train,0
LED-000002,STL-000071-0|STL-000469-0,2,one_to_many,1,0,2449.56,0.016223,0.983777,2,0.292683,0.604978,0.292683,0.292683,0,0.0,0,0,0.307692,0.800641,0,0,0,40,125,163,train,0
LED-000002,STL-000122-0|STL-000206-0,2,one_to_many,1,0,3062.39,0.020282,1.020282,4,0.292683,0.510582,0.292683,0.292683,0,0.0,0,0,0.0,0.823853,0,1,0,40,137,175,train,0
LED-000002,STL-000206-0|STL-000433-0,2,one_to_many,1,0,3596.39,0.023819,0.976181,4,0.26087,0.493386,0.26087,0.26087,0,0.0,0,0,0.230769,0.851314,0,0,0,40,137,175,train,0
LED-000002,STL-000127-0|STL-000214-0|STL-000469-0,3,one_to_many,1,0,905.76,0.005999,1.005999,2,0.322581,0.542017,0.326531,0.326531,0,0.0,0,0,0.230769,0.800641,0,0,0,40,125,163,train,0
LED-000002,STL-000127-0|STL-000399-0|STL-000469-0,3,one_to_many,1,0,2467.18,0.01634,1.01634,2,0.444444,0.603938,0.444444,0.444444,0,0.0,0,0,0.230769,0.800641,0,0,0,40,125,163,train,0
LED-000002,STL-000127-0|STL-000469-0|STL-000521-0,3,one_to_many,1,0,2305.97,0.015272,1.015272,2,0.444444,0.603938,0.444444,0.444444,0,0.0,0,0,0.230769,0.800641,0,0,0,40,125,163,train,0
LED-000002,STL-000206-0|STL-000399-1|STL-000469-0,3,one_to_many,1,0,2426.99,0.016074,0.983926,4,0.444444,0.603938,0.444444,0.444444,0,0.0,0,0,0.230769,0.823853,0,0,0,40,137,175,train,0
LED-000002,STL-000214-0|STL-000399-0|STL-000469-0,3,one_to_many,1,0,2034.0,0.013471,1.013471,2,0.444444,0.603938,0.444444,0.444444,0,0.0,0,0,0.230769,0.800641,0,0,0,40,125,163,train,0
LED-000002,STL-000214-0|STL-000469-0|STL-000521-0,3,one_to_many,1,0,1872.79,0.012403,1.012403,2,0.444444,0.603938,0.444444,0.444444,0,0.0,0,0,0.230769,0.800641,0,0,0,40,125,163,train,0
LED-000002,STL-000399-0|STL-000469-0|STL-000521-0,3,one_to_many,1,0,3434.21,0.022744,1.022744,2,0.444444,0.603938,0.444444,0.444444,0,0.0,0,0,0.230769,0.800641,0,0,0,40,125,163,train,0
LED-000006,STL-000006-0|STL-000072-0,2,one_to_many,1,0,853.32,0.003422,1.003422,2,0.8,0.94,0.8,0.8,0,0.0,1,1,1.0,0.534523,0,0,0,40,70,108,train,0
LED-000006,STL-000191-0|STL-000278-0|STL-000499-0,3,one_to_many,1,0,621.63,0.002493,1.002493,3,0.166667,0.485185,0.166667,0.166667,0,0.0,0,0,0.307692,0.783547,0,0,0,40,70,108,train,0
LED-000006,STL-000191-0|STL-000416-0|STL-000580-0,3,one_to_many,1,0,1469.64,0.005894,0.994106,4,0.272727,0.485185,0.272727,0.272727,0,0.0,0,0,0.230769,0.421332,0,0,0,40,43,81,train,0
LED-000006,STL-000207-0|STL-000499-0|STL-000580-0,3,one_to_many,1,0,3571.21,0.014323,1.014323,4,0.146341,0.485185,0.146341,0.146341,0,0.0,0,0,0.307692,0.783547,0,0,0,40,70,108,train,0
LED-000006,STL-000278-0|STL-000416-0|STL-000503-0,3,one_to_many,1,0,1613.61,0.006472,1.006472,4,0.272727,0.481046,0.272727,0.272727,0,0.0,0,0,0.230769,0.231455,0,0,0,40,63,101,train,0
LED-000006,STL-000416-1|STL-000499-0|STL-000580-0,3,one_to_many,1,0,3603.0,0.014451,1.014451,4,0.307692,0.547222,0.307692,0.307692,0,0.0,0,0,0.307692,0.783547,0,0,0,40,70,108,train,0
LED-000006,STL-000424-0|STL-000499-0|STL-000580-0,3,one_to_many,1,0,2353.74,0.00944,1.00944,4,0.222222,0.485185,0.222222,0.222222,0,0.174078,0,0,0.307692,0.783547,0,0,0,40,70,108,train,0
LED-000015,STL-000252-0|STL-000471-0,2,one_to_many,1,0,3493.33,0.021105,0.978895,3,0.294118,0.604701,0.352941,0.352941,0,0.0,0,0,0.230769,0.366679,0,0,0,21,32,51,train,0
LED-000015,STL-000443-1|STL-000510-1,2,one_to_many,1,0,1092.42,0.0066,1.0066,2,1.0,1.0,1.0,1.0,1,1.0,0,0,0.307692,0.891133,0,0,0,21,50,69,train,0
LED-000015,STL-000252-0|STL-000396-0|STL-000471-0,3,one_to_many,1,0,540.88,0.003268,1.003268,3,0.382979,0.604701,0.352941,0.352941,0,0.0,0,0,0.230769,0.366679,0,0,0,21,55,74,train,0
LED-000015,STL-000252-0|STL-000426-0|STL-000512-0,3,one_to_many,1,0,2606.97,0.01575,0.98425,3,0.294118,0.604701,0.352941,0.352941,0,0.0,0,0,0.230769,0.864526,0,0,0,21,47,66,train,0
LED-000015,STL-000252-0|STL-000510-0|STL-000512-0,3,one_to_many,1,0,1484.1,0.008966,0.991034,3,1.0,1.0,1.0,1.0,1,1.0,0,0,0.230769,0.864526,0,0,0,21,44,63,train,0
LED-000015,STL-000396-0|STL-000443-0|STL-000510-1,3,one_to_many,1,0,799.07,0.004828,0.995172,2,1.0,1.0,1.0,1.0,1,1.0,0,0,0.307692,0.228665,0,0,0,21,55,74,train,0
LED-000015,STL-000396-0|STL-000510-1|STL-000571-0,3,one_to_many,1,0,2035.08,0.012295,0.987705,3,1.0,1.0,1.0,1.0,1,1.0,0,0,0.230769,0.228665,0,0,0,21,55,74,train,0
LED-000015,STL-000443-0|STL-000510-1|STL-000571-0,3,one_to_many,1,0,3248.4,0.019626,1.019626,3,1.0,1.0,1.0,1.0,1,1.0,0,0,0.307692,0.228665,0,0,0,21,50,69,train,0
LED-000022,STL-000170-0|STL-000516-2,2,one_to_many,1,0,832.13,0.003764,0.996236,4,0.171429,0.460684,0.342857,0.342857,0,0.065372,0,0,0.307692,0.07152,0,0,0,39,20,57,train,0
LED-000022,STL-000022-0|STL-000022-1|STL-000022-2,3,one_to_many,1,0,1263.16,0.005714,0.994286,0,1.0,1.0,1.0,1.0,1,1.0,1,1,1.0,0.383065,0,0,0,39,38,75,train,1
LED-000022,STL-000022-0|STL-000487-2|STL-000516-2,3,one_to_many,1,0,5286.43,0.023915,0.976085,4,1.0,1.0,1.0,1.0,1,1.0,1,1,1.0,0.383065,0,0,0,39,27,64,train,0
LED-000022,STL-000022-0|STL-000516-2|STL-000548-0,3,one_to_many,1,0,1159.43,0.005245,0.994755,4,1.0,1.0,1.0,1.0,1,1.0,1,1,1.0,0.383065,0,0,0,39,27,64,train,0
LED-000022,STL-000022-1|STL-000307-0|STL-000516-2,3,one_to_many,1,0,568.24,0.002571,1.002571,4,1.0,1.0,1.0,1.0,1,1.0,0,0,0.307692,0.212814,0,0,0,39,38,75,train,0
LED-000022,STL-000022-1|STL-000516-0|STL-000516-2,3,one_to_many,1,0,1100.26,0.004977,0.995023,4,1.0,1.0,1.0,1.0,1,1.0,0,0,0.307692,0.14304,0,0,0,39,38,75,train,0
LED-000022,STL-000022-2|STL-000170-0|STL-000487-0,3,one_to_many,1,0,2543.52,0.011506,1.011506,3,1.0,1.0,1.0,1.0,1,1.0,0,0,0.230769,0.29794,0,0,0,39,34,71,train,0
LED-000022,STL-000022-2|STL-000307-0|STL-000516-0,3,one_to_many,1,0,5368.4,0.024286,0.975714,4,1.0,1.0,1.0,1.0,1,1.0,0,0,0.307692,0.29794,0,0,0,39,32,69,train,0
LED-000022,STL-000170-0|STL-000307-0|STL-000487-1,3,one_to_many,1,0,1216.16,0.005502,0.994498,3,0.325581,0.514652,0.342857,0.342857,0,0.065372,0,0,0.230769,0.212814,0,0,0,39,26,63,train,0
LED-000022,STL-000170-0|STL-000307-0|STL-000487-2,3,one_to_many,1,0,2655.3,0.012012,1.012012,3,0.325581,0.514652,0.342857,0.342857,0,0.065372,0,0,0.230769,0.212814,0,0,0,39,26,63,train,0
LED-000022,STL-000170-0|STL-000487-1|STL-000516-0,3,one_to_many,1,0,2884.66,0.01305,0.98695,4,0.242424,0.514652,0.342857,0.342857,0,0.065372,0,0,0.307692,0.049147,0,0,0,39,27,64,train,0
LED-000022,STL-000170-0|STL-000487-2|STL-000516-0,3,one_to_many,1,0,986.8,0.004464,1.004464,4,0.242424,0.514652,0.342857,0.342857,0,0.065372,0,0,0.307692,0.170251,0,0,0,39,27,64,train,0
LED-000022,STL-000170-0|STL-000516-0|STL-000548-0,3,one_to_many,1,0,5113.8,0.023134,1.023134,4,0.340426,0.652625,0.342857,0.342857,0,0.108786,0,0,0.307692,0.049147,0,0,0,39,27,64,train,0
LED-000022,STL-000420-0|STL-000487-1|STL-000487-2,3,one_to_many,1,0,5018.63,0.022703,0.977297,2,0.242424,0.514652,0.242424,0.242424,0,0.087706,0,0,0.230769,0.688063,0,0,0,39,26,63,train,0
LED-000022,STL-000420-0|STL-000487-1|STL-000548-0,3,one_to_many,1,0,891.63,0.004034,0.995966,4,0.340426,0.652625,0.340426,0.340426,0,0.108786,0,0,0.230769,0.688063,0,0,0,39,26,63,train,0
LED-000022,STL-000420-0|STL-000487-2|STL-000548-0,3,one_to_many,1,0,2979.83,0.01348,1.01348,4,0.340426,0.652625,0.340426,0.340426,0,0.108786,0,0,0.230769,0.688063,0,0,0,39,26,63,train,0
LED-000024,STL-000095-0|STL-000126-0|STL-000377-1,3,one_to_many,1,0,1690.63,0.007823,1.007823,4,0.411765,0.643494,0.411765,0.411765,0,0.133333,0,0,0.230769,0.191273,0,0,0,32,74,104,train,0
LED-000024,STL-000095-0|STL-000377-2|STL-000449-0,3,one_to_many,1,0,1565.15,0.007242,1.007242,4,0.411765,0.643494,0.411765,0.411765,0,0.133333,0,0,0.230769,0.073621,0,0,0,32,74,104,train,0
LED-000024,STL-000126-0|STL-000202-0|STL-000464-0,3,one_to_many,1,0,3393.88,0.015705,0.984295,2,0.372093,0.644473,0.325581,0.325581,0,0.0,0,0,0.307692,0.511199,0,0,0,32,37,67,train,0
LED-000024,STL-000202-0|STL-000377-2|STL-000554-0,3,one_to_many,1,0,1467.42,0.00679,0.99321,4,0.372093,0.644473,0.333333,0.333333,0,-0.101274,0,0,0.307692,0.830291,0,0,0,32,74,104,train,0
LED-000024,STL-000377-1|STL-000449-0|STL-000464-0,3,one_to_many,1,0,3058.58,0.014153,1.014153,4,0.222222,0.48366,0.296296,0.296296,0,0.0,0,0,0.230769,0.073621,0,0,0,32,74,104,train,0
LED-000029,STL-000423-0|STL-000427-0,2,one_to_many,1,0,2702.16,0.017675,0.982325,2,0.339623,0.580401,0.301887,0.301887,0,0.0,0,0,0.230769,0.154303,0,0,0,23,105,126,train,0
LED-000029,STL-000036-0|STL-000386-0|STL-000423-0,3,one_to_many,1,0,3606.17,0.023589,0.976411,4,0.339623,0.580401,0.301887,0.301887,0,0.076697,0,0,0.307692,0.192879,0,0,0,23,122,143,train,0
LED-000029,STL-000081-0|STL-000104-0|STL-000151-0,3,one_to_many,1,0,130.91,0.000856,0.999144,4,0.321429,0.602315,0.34375,0.34375,0,0.099015,0,0,0.230769,0.486153,0,0,0,23,109,130,train,0
LED-000029,STL-000081-0|STL-000104-0|STL-000411-0,3,one_to_many,1,0,1303.96,0.008529,0.991471,4,0.367347,0.626327,0.34375,0.34375,0,0.0,0,0,0.230769,0.748705,0,0,0,23,109,130,train,0
LED-000029,STL-000104-0|STL-000386-0|STL-000423-0,3,one_to_many,1,0,3.96,2.6e-05,1.000026,4,0.339623,0.602315,0.301887,0.301887,0,-0.040423,0,0,0.230769,0.486153,0,0,0,23,122,143,train,0
LED-000029,STL-000151-0|STL-000423-0|STL-000583-0,3,one_to_many,1,0,3621.1,0.023686,0.976314,3,0.4,0.613339,0.363636,0.363636,0,0.166378,0,0,0.230769,0.486153,0,0,0,23,105,126,train,0
LED-000031,STL-000110-0|STL-000161-1,2,one_to_many,1,0,521.28,0.004882,1.004882,4,0.242424,0.475,0.30303,0.30303,0,0.08165,0,0,0.230769,0.174574,0,0,0,31,74,103,train,0
LED-000031,STL-000161-0|STL-000161-1|STL-000513-0,3,one_to_many,1,0,1386.77,0.012988,1.012988,4,0.294118,0.604701,0.352941,0.352941,0,0.08165,0,0,0.0,0.102899,0,1,0,31,74,103,train,0
LED-000032,STL-000032-0|STL-000032-1|STL-000032-2,3,one_to_many,1,0,5.67,9.7e-05,0.999903,0,1.0,1.0,1.0,1.0,1,1.0,1,1,1.0,0.846327,0,0,0,9,32,39,train,1
LED-000033,STL-000228-0|STL-000451-0,2,one_to_many,1,0,5341.03,0.023609,0.976391,3,0.297872,0.636883,0.340426,0.340426,0,-0.053452,0,0,0.230769,0.688063,0,0,0,37,39,74,train,0
LED-000033,STL-000281-0|STL-000451-0,2,one_to_many,1,0,3248.86,0.014361,1.014361,0,0.297872,0.636883,0.340426,0.340426,0,0.0,0,0,0.230769,0.688063,0,0,0,37,39,74,train,0
LED-000033,STL-000281-0|STL-000575-0,2,one_to_many,1,0,598.69,0.002646,1.002646,3,0.263158,0.520128,0.421053,0.421053,0,0.0,0,0,0.230769,0.046625,0,0,0,37,38,73,train,0
LED-000033,STL-000308-0|STL-000563-0,2,one_to_many,1,0,749.74,0.003314,1.003314,3,0.25,0.455238,0.25,0.25,0,0.0,0,0,0.230769,0.212814,0,0,0,37,51,86,train,0
LED-000033,STL-000451-0|STL-000563-0|STL-BATCH-000244-000277,3,one_to_many,1,0,2002.33,0.008851,1.008851,2,0.297872,0.636883,0.340426,0.340426,0,0.0,0,0,0.230769,0.688063,0,0,0,37,51,86,train,0
LED-000033,STL-000317-0|STL-000451-0|STL-000575-0,3,one_to_many,1,0,972.12,0.004297,1.004297,4,0.333333,0.636883,0.421053,0.421053,0,-0.05164,0,0,0.230769,0.688063,0,0,0,37,39,74,train,0
LED-000033,STL-000563-0|STL-000575-0|STL-BATCH-000244-000277,3,one_to_many,1,0,647.84,0.002864,0.997136,3,0.263158,0.520128,0.421053,0.421053,0,0.0,0,0,0.230769,0.07152,0,0,0,37,51,86,train,0
LED-000034,STL-000112-0|STL-000365-0,2,one_to_many,1,0,1514.49,0.007573,0.992427,1,0.325581,0.523504,0.325581,0.325581,0,0.0,0,0,0.230769,0.222925,0,0,0,29,57,84,train,0
LED-000034,STL-000320-0|STL-000394-0,2,one_to_many,1,0,2734.5,0.013673,1.013673,0,0.592593,0.677839,0.555556,0.631579,0,0.50128,0,0,0.230769,0.720193,0,0,0,29,51,78,train,0
LED-000034,STL-000320-1|STL-000380-0,2,one_to_many,1,0,3251.94,0.01626,0.98374,4,0.342857,0.539479,0.285714,0.285714,0,0.087706,0,0,0.230769,0.191079,0,0,0,29,43,70,train,0
LED-000034,STL-000112-0|STL-000320-0|STL-000365-0,3,one_to_many,1,0,3010.11,0.015051,1.015051,1,0.342857,0.539479,0.325581,0.325581,0,0.0,0,0,0.230769,0.720193,0,0,0,29,57,84,train,0
LED-000034,STL-000216-0|STL-000216-2|STL-000365-0,3,one_to_many,1,0,1620.51,0.008103,0.991897,2,0.325581,0.514077,0.325581,0.325581,0,0.080064,0,0,0.230769,0.262613,0,0,0,29,57,84,train,0
LED-000034,STL-000216-0|STL-000294-1|STL-000365-0,3,one_to_many,1,0,203.61,0.001018,0.998982,1,0.354839,0.591042,0.354839,0.354839,0,0.0,0,0,0.230769,0.218844,0,0,0,29,57,84,train,0
LED-000034,STL-000216-1|STL-000216-2|STL-000365-0,3,one_to_many,1,0,1816.23,0.009081,0.990919,2,0.325581,0.514077,0.325581,0.325581,0,0.080064,0,0,0.230769,0.262613,0,0,0,29,57,84,train,0
LED-000034,STL-000216-1|STL-000294-1|STL-000365-0,3,one_to_many,1,0,399.33,0.001997,0.998003,1,0.354839,0.591042,0.354839,0.354839,0,0.080064,0,0,0.230769,0.254772,0,0,0,29,57,84,train,0
LED-000034,STL-000294-0|STL-000294-1|STL-000365-0,3,one_to_many,1,0,3709.71,0.018549,0.981451,1,0.354839,0.646724,0.423077,0.423077,0,0.0,0,0,0.230769,0.758098,0,0,0,29,57,84,train,0
LED-000034,STL-000320-0|STL-000320-1|STL-000380-0,3,one_to_many,1,0,1272.66,0.006363,1.006363,4,0.342857,0.539479,0.285714,0.285714,0,0.087706,0,0,0.230769,0.720193,0,0,0,29,51,78,train,0
LED-000038,STL-000038-1|STL-000368-0,2,one_to_many,1,0,1586.71,0.006832,1.006832,2,1.0,1.0,1.0,1.0,1,1.0,1,1,1.0,0.272475,0,0,0,50,59,107,val,0
LED-000038,STL-000038-0|STL-000038-1|STL-000038-2,3,one_to_many,1,0,0.0,0.0,1.0,2,1.0,1.0,1.0,1.0,1,1.0,1,1,1.0,0.328244,0,0,0,50,59,107,val,1
LED-000039,STL-000171-0|STL-000594-0,2,one_to_many,1,0,4191.12,0.021417,1.021417,4,0.272727,0.519535,0.272727,0.272727,0,-0.085126,0,0,0.230769,0.254,0,0,0,6,18,22,train,0
LED-000042,STL-000014-0|STL-000583-0,2,one_to_many,1,0,2140.51,0.009031,1.009031,2,0.380952,0.562719,0.380952,0.380952,0,0.099015,0,0,0.230769,0.769897,0,0,0,25,37,60,train,0
LED-000042,STL-000036-0|STL-000195-0,2,one_to_many,1,0,4112.97,0.017353,1.017353,2,0.222222,0.466667,0.222222,0.222222,0,0.0,0,0,0.230769,0.769897,0,0,0,25,28,51,train,0
LED-000042,STL-000036-0|STL-000562-0,2,one_to_many,1,0,86.3,0.000364,1.000364,1,0.142857,0.422619,0.142857,0.142857,0,0.0,0,0,0.230769,0.769897,0,0,0,25,43,66,train,0
LED-000042,STL-000104-0|STL-000562-0,2,one_to_many,1,0,3696.43,0.015595,1.015595,1,0.285714,0.572222,0.357143,0.545455,0,0.096225,0,0,0.230769,0.254,0,0,0,25,43,66,train,0
LED-000042,STL-000116-0|STL-000195-0,2,one_to_many,1,0,2509.28,0.010587,1.010587,3,0.24,0.517157,0.222222,0.222222,0,0.0,0,0,0.230769,0.187251,0,0,0,25,31,54,train,0
LED-000042,STL-000116-0|STL-000562-0,2,one_to_many,1,0,1517.39,0.006402,0.993598,3,0.24,0.517157,0.16,0.16,0,0.0,0,0,0.230769,0.254,0,0,0,25,43,66,train,0
LED-000042,STL-000195-0|STL-000531-0,2,one_to_many,1,0,4677.41,0.019734,1.019734,3,0.307692,0.55,0.307692,0.307692,0,0.0,0,0,0.230769,0.254,0,0,0,25,33,56,train,0
LED-000042,STL-000531-0|STL-000562-0,2,one_to_many,1,0,650.74,0.002745,1.002745,3,0.307692,0.55,0.307692,0.307692,0,0.0,0,0,0.230769,0.254,0,0,0,25,43,66,train,0
LED-000042,STL-000036-0|STL-000060-0|STL-000104-0,3,one_to_many,1,0,1509.02,0.006367,1.006367,4,0.285714,0.572222,0.357143,0.545455,0,0.182574,0,0,0.230769,0.769897,0,0,0,25,53,76,train,0
LED-000042,STL-000036-0|STL-000060-0|STL-000116-0,3,one_to_many,1,0,3704.8,0.015631,0.984369,4,0.266667,0.517157,0.16,0.16,0,0.182574,0,0,0.230769,0.769897,0,0,0,25,53,76,train,0
LED-000042,STL-000036-0|STL-000060-0|STL-000531-0,3,one_to_many,1,0,1536.67,0.006483,0.993517,4,0.307692,0.55,0.307692,0.307692,0,0.182574,0,0,0.230769,0.769897,0,0,0,25,53,76,train,0
LED-000042,STL-000060-0|STL-000104-0|STL-000116-0,3,one_to_many,1,0,94.67,0.000399,0.999601,4,0.285714,0.572222,0.357143,0.545455,0,0.182574,0,0,0.230769,0.200805,0,0,0,25,53,76,train,0
LED-000042,STL-000060-0|STL-000104-0|STL-000531-0,3,one_to_many,1,0,2073.46,0.008748,1.008748,4,0.307692,0.572222,0.357143,0.545455,0,0.182574,0,0,0.230769,0.254,0,0,0,25,53,76,train,0
LED-000042,STL-000060-0|STL-000116-0|STL-000411-0,3,one_to_many,1,0,5314.67,0.022423,1.022423,4,0.285714,0.535256,0.285714,0.285714,0,0.182574,0,0,0.230769,0.224702,0,0,0,25,53,76,train,0
LED-000042,STL-000060-0|STL-000116-0|STL-000531-0,3,one_to_many,1,0,3140.36,0.013249,0.986751,4,0.307692,0.55,0.307692,0.307692,0,0.182574,0,0,0.230769,0.254,0,0,0,25,53,76,train,0
LED-000043,STL-000161-0|STL-000513-0,2,one_to_many,1,0,455.96,0.004937,0.995063,3,0.641509,0.703324,0.615385,0.648649,0,0.500435,0,0,0.0,0.077152,0,1,0,31,65,94,train,0
LED-000043,STL-000161-0|STL-000161-1|STL-000161-2,3,one_to_many,1,0,1139.5,0.012339,0.987661,3,0.615385,0.684444,0.615385,0.648649,0,0.500435,0,0,0.230769,0.453743,0,0,0,31,74,103,train,0
LED-000043,STL-000161-1|STL-000161-2|STL-000513-0,3,one_to_many,1,0,1855.72,0.020094,1.020094,3,0.641509,0.703324,0.615385,0.648649,0,0.500435,0,0,0.230769,0.453743,0,0,0,31,74,103,train,0
LED-000044,STL-000252-0|STL-000443-1,2,one_to_many,1,0,1025.69,0.021366,1.021366,4,0.3,0.535256,0.3,0.3,0,0.0,0,0,0.230769,0.727533,0,0,0,20,29,47,train,0
LED-000044,STL-000252-0|STL-000396-0|STL-000443-0,3,one_to_many,1,0,865.8,0.018035,0.981965,4,0.764706,0.92381,0.764706,1.0,0,0.760886,0,0,0.230769,0.727533,0,0,0,20,55,73,train,0
LED-000045,STL-000023-0|STL-000306-1,2,one_to_many,1,0,1093.93,0.007904,0.992096,2,0.470588,0.640694,0.470588,0.470588,0,0.0,0,0,0.230769,0.205153,0,0,0,37,43,78,train,0
LED-000045,STL-000023-0|STL-000409-0,2,one_to_many,1,0,144.46,0.001044,0.998956,2,0.307692,0.538955,0.269231,0.269231,0,0.0,0,0,0.230769,0.1066,0,0,0,37,43,78,train,0
LED-000045,STL-000030-0|STL-000069-0,2,one_to_many,1,0,2450.51,0.017705,0.982295,2,0.380952,0.604777,0.333333,0.333333,0,0.056344,0,0,0.307692,0.246183,0,0,0,37,46,81,train,0
LED-000045,STL-000069-0|STL-000389-2,2,one_to_many,1,0,2580.73,0.018646,0.981354,2,0.454545,0.604777,0.409091,0.409091,0,0.056344,0,0,0.307692,0.246183,0,0,0,37,65,100,train,0
LED-000045,STL-000306-1|STL-000409-0,2,one_to_many,1,0,3545.53,0.025617,1.025617,2,0.470588,0.640694,0.470588,0.470588,0,-0.042796,0,0,0.230769,0.205153,0,0,0,37,36,71,train,0
LED-000047,STL-000179-0|STL-000292-0|STL-000532-0,3,one_to_many,1,0,1185.01,0.012449,0.987551,4,0.363636,0.575476,0.30303,0.30303,0,0.089087,0,0,0.307692,0.125988,0,0,0,44,72,114,train,0
LED-000050,STL-000282-0|STL-000287-0,2,one_to_many,1,0,4445.93,0.018864,1.018864,2,0.622222,0.686471,0.666667,0.75,0,0.565686,0,0,0.230769,0.717137,0,0,0,28,31,57,val,0
LED-000052,STL-000030-0|STL-000255-0,2,one_to_many,1,0,1204.75,0.014594,1.014594,3,1.0,1.0,1.0,1.0,1,1.0,0,0,0.230769,0.049029,0,0,0,48,56,102,train,0
LED-000052,STL-000030-0|STL-000306-0,2,one_to_many,1,0,1351.4,0.01637,1.01637,3,0.384615,0.529915,0.384615,0.384615,0,0.090909,0,0,0.230769,0.046225,0,0,0,48,66,112,train,0
LED-000052,STL-000255-0|STL-000306-0,2,one_to_many,1,0,1111.08,0.013459,0.986541,2,1.0,1.0,1.0,1.0,1,1.0,0,0,0.230769,0.049029,0,0,0,48,66,112,train,0
LED-000052,STL-000255-0|STL-000389-2,2,one_to_many,1,0,1074.53,0.013016,1.013016,2,1.0,1.0,1.0,1.0,1,1.0,0,0,0.230769,0.504505,0,0,0,48,65,111,train,0
LED-000052,STL-000306-0|STL-000389-2,2,one_to_many,1,0,1221.18,0.014793,1.014793,1,0.375,0.553812,0.375,0.375,0,0.0,0,0,0.230769,0.504505,0,0,0,48,66,112,train,0
LED-000053,STL-000068-0|STL-000214-0,2,one_to_many,1,0,614.76,0.005319,0.994681,3,0.680851,0.703476,0.638298,0.727273,0,0.556349,0,0,0.230769,0.499169,0,0,0,115,179,292,train,0
LED-000053,STL-000068-0|STL-000521-0,2,one_to_many,1,0,785.45,0.006796,1.006796,3,0.680851,0.703476,0.638298,0.727273,0,0.556349,0,0,0.230769,0.499169,0,0,0,115,179,292,train,0
LED-000053,STL-000068-0|STL-000200-0|STL-000214-0,3,one_to_many,1,0,1455.68,0.012595,1.012595,3,0.680851,0.703476,0.638298,0.727273,0,0.556349,0,0,0.307692,0.499169,0,0,0,115,179,292,train,0
LED-000053,STL-000068-0|STL-000200-0|STL-000521-0,3,one_to_many,1,0,2855.89,0.02471,1.02471,3,0.680851,0.703476,0.638298,0.727273,0,0.556349,0,0,0.307692,0.499169,0,0,0,115,179,292,train,0
LED-000053,STL-000068-0|STL-000200-1|STL-000214-0,3,one_to_many,1,0,905.24,0.007833,1.007833,4,0.680851,0.703476,0.638298,0.727273,0,0.556349,0,0,0.307692,0.499169,0,0,0,115,179,292,train,0
LED-000053,STL-000068-0|STL-000200-1|STL-000521-0,3,one_to_many,1,0,2305.45,0.019948,1.019948,4,0.680851,0.703476,0.638298,0.727273,0,0.556349,0,0,0.307692,0.499169,0,0,0,115,179,292,train,0
LED-000053,STL-000068-0|STL-000200-2|STL-000214-0,3,one_to_many,1,0,1391.37,0.012039,1.012039,3,0.680851,0.703476,0.638298,0.727273,0,0.556349,0,0,0.307692,0.499169,0,0,0,115,179,292,train,0
LED-000053,STL-000068-0|STL-000200-2|STL-000521-0,3,one_to_many,1,0,2791.58,0.024154,1.024154,3,0.680851,0.703476,0.638298,0.727273,0,0.556349,0,0,0.307692,0.499169,0,0,0,115,179,292,train,0
LED-000053,STL-000103-0|STL-000206-0|STL-000469-0,3,one_to_many,1,0,1898.3,0.016425,0.983575,2,0.641509,0.703324,0.603774,0.641509,0,0.368037,0,0,0.230769,0.838742,0,0,0,115,137,250,train,0
LED-000054,STL-000028-0|STL-000507-0,2,one_to_many,1,0,2698.36,0.013501,0.986499,3,1.0,1.0,1.0,1.0,1,1.0,0,0,0.0,0.068599,0,1,0,28,21,47,train,0
LED-000054,STL-000085-0|STL-000440-0,2,one_to_many,1,0,2565.27,0.012835,1.012835,4,0.3125,0.595099,0.34375,0.34375,0,0.0,0,0,0.230769,0.163299,0,0,0,28,17,43,train,0
LED-000054,STL-000158-0|STL-000543-0,2,one_to_many,1,0,3233.63,0.01618,1.01618,3,0.193548,0.456349,0.193548,0.193548,0,0.0,0,0,0.230769,0.068599,0,0,0,28,29,55,train,0
LED-000054,STL-000314-0|STL-000440-0,2,one_to_many,1,0,427.53,0.002139,1.002139,2,0.3125,0.595099,0.34375,0.34375,0,0.08165,0,0,0.230769,0.163299,0,0,0,28,25,51,train,0
LED-000055,STL-000252-0|STL-000426-0,2,one_to_many,1,0,271.97,0.002616,1.002616,4,0.24,0.495098,0.16,0.16,0,0.0,0,0,0.230769,0.109985,0,0,0,15,47,60,train,0
LED-000055,STL-000252-0|STL-000510-0,2,one_to_many,1,0,1394.84,0.013417,1.013417,4,0.418605,0.611362,0.372093,0.372093,0,0.050637,0,0,0.230769,0.078386,0,0,0,15,44,57,train,0
LED-000055,STL-000252-0|STL-000443-0|STL-000512-0,3,one_to_many,1,0,2174.41,0.020916,0.979084,4,0.363636,0.594883,0.363636,0.363636,0,0.053838,0,0,0.307692,0.15401,0,0,0,15,39,52,train,0
LED-000057,STL-000324-0|STL-000462-0,2,one_to_many,1,0,571.63,0.002331,0.997669,4,0.307692,0.617949,0.358974,0.358974,0,0.068041,0,0,0.230769,0.869582,0,0,0,9,21,28,train,0
LED-000057,STL-000224-0|STL-000462-0|STL-000517-0,3,one_to_many,1,0,423.53,0.001727,1.001727,2,1.0,1.0,1.0,1.0,1,1.0,0,0,0.230769,0.869582,0,0,0,9,21,28,train,0
LED-000057,STL-000224-0|STL-000462-0|STL-000586-0,3,one_to_many,1,0,4564.39,0.018615,0.981385,4,1.0,1.0,1.0,1.0,1,1.0,0,0,0.230769,0.869582,0,0,0,9,21,28,train,0
LED-000057,STL-000367-0|STL-000448-0|STL-000462-0,3,one_to_many,1,0,1689.03,0.006888,0.993112,1,0.315789,0.572991,0.315789,0.315789,0,0.0,0,0,0.307692,0.869582,0,0,0,9,21,28,train,0
LED-000057,STL-000462-0|STL-000517-0|STL-000574-0,3,one_to_many,1,0,2899.16,0.011824,0.988176,1,0.263158,0.572991,0.315789,0.315789,0,0.0,0,0,0.230769,0.869582,0,0,0,9,21,28,train,0
LED-000057,STL-000517-0|STL-000574-0|STL-000586-0,3,one_to_many,1,0,6115.5,0.024941,1.024941,4,0.307692,0.523077,0.461538,0.461538,0,0.0,0,0,0.230769,0.843662,0,0,0,9,18,25,train,0
LED-000060,STL-000060-0|STL-000118-0,2,one_to_many,1,0,2177.6,0.020056,1.020056,3,1.0,1.0,1.0,1.0,1,1.0,1,1,1.0,0.350325,0,0,0,35,68,101,train,0
LED-000062,STL-000383-0|STL-000461-0,2,one_to_many,1,0,2753.09,0.012219,0.987781,2,0.4,0.602456,0.4,0.4,0,0.0,0,0,0.230769,0.134164,0,0,0,25,39,62,train,0
LED-000062,STL-000123-0|STL-000325-0|STL-000410-0,3,one_to_many,1,0,4260.13,0.018907,0.981093,3,0.45283,0.631683,0.415094,0.415094,0,0.0,0,0,0.230769,0.707107,0,0,0,25,56,79,train,0
LED-000062,STL-000123-0|STL-000381-0|STL-000383-0,3,one_to_many,1,0,1258.65,0.005586,1.005586,3,0.4,0.602456,0.4,0.4,0,0.0,0,0,0.230769,0.244949,0,0,0,25,42,65,train,0
LED-000062,STL-000135-0|STL-000255-1|STL-000389-0,3,one_to_many,1,0,4237.65,0.018807,1.018807,4,0.466667,0.629462,0.4,0.4,0,0.07785,0,0,0.230769,0.223607,0,0,0,25,57,80,train,0
LED-000062,STL-000135-0|STL-000389-1|STL-000461-0,3,one_to_many,1,0,3687.82,0.016367,0.983633,3,0.5,0.640265,0.388889,0.388889,0,0.057735,0,0,0.230769,0.707107,0,0,0,25,54,77,train,0
LED-000062,STL-000255-1|STL-000325-0|STL-000383-0,3,one_to_many,1,0,5304.95,0.023544,0.976456,4,0.466667,0.629462,0.4,0.4,0,0.07785,0,0,0.230769,0.15,0,0,0,25,57,80,train,0
LED-000062,STL-000325-0|STL-000383-0|STL-000461-0,3,one_to_many,1,0,2819.0,0.012511,1.012511,3,0.4,0.602456,0.4,0.4,0,0.0,0,0,0.230769,0.134164,0,0,0,25,56,79,train,0
LED-000062,STL-000381-0|STL-000383-0|STL-000389-0,3,one_to_many,1,0,2095.53,0.0093,0.9907,3,0.454545,0.602456,0.4,0.4,0,0.0,0,0,0.230769,0.134164,0,0,0,25,43,66,train,0
LED-000062,STL-000389-0|STL-000389-1|STL-000410-0,3,one_to_many,1,0,5395.1,0.023944,1.023944,3,0.5,0.640265,0.415094,0.415094,0,0.0,0,0,0.230769,0.707107,0,0,0,25,54,77,train,0
LED-000068,STL-000081-0|STL-000200-0|STL-000386-0,3,one_to_many,1,0,465.08,0.008386,0.991614,4,1.0,1.0,1.0,1.0,1,1.0,0,0,0.230769,0.758098,0,0,0,113,175,286,train,0
LED-000068,STL-000081-0|STL-000200-1|STL-000386-0,3,one_to_many,1,0,1015.52,0.018311,0.981689,4,1.0,1.0,1.0,1.0,1,1.0,0,0,0.230769,0.758098,0,0,0,113,173,284,train,0
LED-000068,STL-000081-0|STL-000200-2|STL-000386-0,3,one_to_many,1,0,529.39,0.009546,0.990454,4,1.0,1.0,1.0,1.0,1,1.0,0,0,0.230769,0.758098,0,0,0,113,178,289,train,0
LED-000070,STL-000288-0|STL-000375-0|STL-000408-0,3,one_to_many,1,0,3124.34,0.013147,0.986853,2,0.421053,0.572108,0.368421,0.368421,0,0.062622,0,0,0.307692,0.851314,0,0,0,23,39,60,val,0
LED-000071,STL-000053-0|STL-000071-1,2,one_to_many,1,0,3659.19,0.015072,0.984928,1,1.0,1.0,1.0,1.0,1,1.0,1,1,1.0,0.093048,0,0,0,158,68,224,train,0
LED-000071,STL-000053-0|STL-000190-0,2,one_to_many,1,0,155.34,0.00064,0.99936,2,0.592593,0.677839,0.555556,0.631579,0,0.50128,0,0,0.230769,0.089087,0,0,0,158,68,224,train,0
LED-000071,STL-000053-0|STL-000192-0,2,one_to_many,1,0,1618.09,0.006665,0.993335,1,0.592593,0.677839,0.555556,0.631579,0,0.50128,0,0,0.230769,0.089087,0,0,0,158,68,224,train,0
LED-000071,STL-000068-0|STL-000168-0,2,one_to_many,1,0,799.26,0.003292,1.003292,4,0.857143,0.77381,0.857143,1.0,0,0.876501,0,0,0.0,0.186097,0,1,0,158,179,335,train,0
LED-000071,STL-000068-0|STL-000229-0,2,one_to_many,1,0,4084.71,0.016825,1.016825,4,0.857143,0.77381,0.857143,1.0,0,0.876501,0,0,0.230769,0.142857,0,0,0,158,179,335,train,0
LED-000071,STL-000068-0|STL-000342-0,2,one_to_many,1,0,2160.93,0.008901,1.008901,4,0.857143,0.77381,0.857143,1.0,0,0.876501,0,0,0.230769,0.720082,0,0,0,158,179,335,train,0
LED-000071,STL-000071-0|STL-000071-1,2,one_to_many,1,0,3153.24,0.012988,0.987012,0,1.0,1.0,1.0,1.0,1,1.0,1,1,1.0,0.178174,0,0,0,158,48,204,train,1
LED-000071,STL-000071-0|STL-000190-0,2,one_to_many,1,0,350.61,0.001444,1.001444,2,1.0,1.0,1.0,1.0,1,1.0,1,1,1.0,0.178174,0,0,0,158,48,204,train,0
LED-000071,STL-000071-0|STL-000192-0,2,one_to_many,1,0,1112.14,0.004581,0.995419,1,1.0,1.0,1.0,1.0,1,1.0,1,1,1.0,0.178174,0,0,0,158,48,204,train,0
LED-000071,STL-000103-0|STL-000300-0,2,one_to_many,1,0,1539.36,0.006341,1.006341,3,0.355556,0.528457,0.355556,0.355556,0,0.060858,0,0,0.0,0.133631,0,1,0,158,105,261,train,0
LED-000071,STL-000127-0|STL-000168-0,2,one_to_many,1,0,5275.29,0.021729,1.021729,4,0.539683,0.612143,0.539683,0.6,0,0.440741,0,0,0.230769,0.186097,0,0,0,158,90,246,train,0
LED-000071,STL-000168-0|STL-000214-0,2,one_to_many,1,0,4842.11,0.019945,1.019945,4,0.355556,0.612143,0.377358,0.377358,0,0.039841,0,0,0.230769,0.186097,0,0,0,158,90,246,train,0
LED-000071,STL-000214-0|STL-000342-0,2,one_to_many,1,0,6203.78,0.025553,1.025553,4,0.355556,0.523097,0.355556,0.341463,0,0.060858,0,0,0.230769,0.720082,0,0,0,158,87,243,train,0
LED-000071,STL-000053-0|STL-000068-0|STL-000103-0,3,one_to_many,1,0,109.47,0.000451,0.999549,4,0.857143,0.77381,0.857143,1.0,0,0.876501,0,0,0.230769,0.142857,0,0,0,158,179,335,train,0
LED-000071,STL-000053-0|STL-000071-0|STL-000206-0,3,one_to_many,1,0,1541.1,0.006348,0.993652,3,1.0,1.0,1.0,1.0,1,1.0,1,1,1.0,0.178174,0,0,0,158,137,293,train,0
LED-000071,STL-000053-0|STL-000071-1|STL-000200-0,3,one_to_many,1,0,1588.75,0.006544,0.993456,4,1.0,1.0,1.0,1.0,1,1.0,1,1,1.0,0.093048,0,0,0,158,175,331,train,0
LED-000071,STL-000053-0|STL-000071-1|STL-000200-2,3,one_to_many,1,0,1653.06,0.006809,0.993191,4,1.0,1.0,1.0,1.0,1,1.0,1,1,1.0,0.093048,0,0,0,158,178,334,train,0
LED-000071,STL-000053-0|STL-000071-1|STL-000206-0,3,one_to_many,1,0,5921.84,0.024392,1.024392,3,1.0,1.0,1.0,1.0,1,1.0,1,1,1.0,0.093048,0,0,0,158,137,293,train,0
LED-000071,STL-000053-0|STL-000103-0|STL-000127-0,3,one_to_many,1,0,4366.56,0.017986,1.017986,1,0.592593,0.677839,0.555556,0.631579,0,0.50128,0,0,0.230769,0.089087,0,0,0,158,105,261,train,0
LED-000071,STL-000053-0|STL-000103-0|STL-000214-0,3,one_to_many,1,0,3933.38,0.016202,1.016202,1,0.592593,0.677839,0.555556,0.631579,0,0.50128,0,0,0.230769,0.089087,0,0,0,158,105,261,train,0
LED-000071,STL-000053-0|STL-000103-0|STL-000521-0,3,one_to_many,1,0,5333.59,0.021969,1.021969,1,0.592593,0.677839,0.555556,0.631579,0,0.50128,0,0,0.230769,0.089087,0,0,0,158,105,261,train,0
LED-000071,STL-000053-0|STL-000190-0|STL-000200-0,3,one_to_many,1,0,1915.1,0.007888,1.007888,4,0.592593,0.677839,0.555556,0.631579,0,0.50128,0,0,0.230769,0.089087,0,0,0,158,175,331,train,0
LED-000071,STL-000053-0|STL-000190-0|STL-000200-2,3,one_to_many,1,0,1850.79,0.007623,1.007623,4,0.592593,0.677839,0.555556,0.631579,0,0.50128,0,0,0.230769,0.089087,0,0,0,158,178,334,train,0
LED-000071,STL-000053-0|STL-000192-0|STL-000200-0,3,one_to_many,1,0,452.35,0.001863,1.001863,4,0.592593,0.677839,0.555556,0.631579,0,0.50128,0,0,0.230769,0.089087,0,0,0,158,175,331,train,0
LED-000071,STL-000053-0|STL-000192-0|STL-000200-2,3,one_to_many,1,0,388.04,0.001598,1.001598,4,0.592593,0.677839,0.555556,0.631579,0,0.50128,0,0,0.230769,0.089087,0,0,0,158,178,334,train,0
LED-000071,STL-000068-0|STL-000071-0|STL-000103-0,3,one_to_many,1,0,396.48,0.001633,1.001633,4,1.0,1.0,1.0,1.0,1,1.0,1,1,1.0,0.178174,0,0,0,158,179,335,train,0
LED-000071,STL-000068-0|STL-000071-1|STL-000127-0,3,one_to_many,1,0,3840.77,0.01582,0.98418,4,1.0,1.0,1.0,1.0,1,1.0,1,1,1.0,0.142857,0,0,0,158,179,335,train,0
LED-000071,STL-000068-0|STL-000071-1|STL-000214-0,3,one_to_many,1,0,4273.95,0.017604,0.982396,4,1.0,1.0,1.0,1.0,1,1.0,1,1,1.0,0.142857,0,0,0,158,179,335,train,0
LED-000071,STL-000068-0|STL-000071-1|STL-000521-0,3,one_to_many,1,0,2873.74,0.011837,0.988163,4,1.0,1.0,1.0,1.0,1,1.0,1,1,1.0,0.142857,0,0,0,158,179,335,train,0
LED-000071,STL-000068-0|STL-000127-0|STL-000190-0,3,one_to_many,1,0,336.92,0.001388,0.998612,4,0.857143,0.77381,0.857143,1.0,0,0.876501,0,0,0.230769,0.142857,0,0,0,158,179,335,train,0
LED-000071,STL-000068-0|STL-000127-0|STL-000192-0,3,one_to_many,1,0,1799.67,0.007413,0.992587,4,0.857143,0.77381,0.857143,1.0,0,0.876501,0,0,0.230769,0.142857,0,0,0,158,179,335,train,0
LED-000071,STL-000068-0|STL-000168-0|STL-000200-0,3,one_to_many,1,0,2869.7,0.01182,1.01182,4,0.857143,0.77381,0.857143,1.0,0,0.876501,0,0,0.230769,0.186097,0,0,0,158,179,335,train,0
LED-000071,STL-000068-0|STL-000168-0|STL-000200-2,3,one_to_many,1,0,2805.39,0.011555,1.011555,4,0.857143,0.77381,0.857143,1.0,0,0.876501,0,0,0.230769,0.186097,0,0,0,158,179,335,train,0
LED-000071,STL-000068-0|STL-000190-0|STL-000214-0,3,one_to_many,1,0,770.1,0.003172,0.996828,4,0.857143,0.77381,0.857143,1.0,0,0.876501,0,0,0.230769,0.142857,0,0,0,158,179,335,train,0
LED-000071,STL-000068-0|STL-000190-0|STL-000521-0,3,one_to_many,1,0,630.11,0.002595,1.002595,4,0.857143,0.77381,0.857143,1.0,0,0.876501,0,0,0.230769,0.142857,0,0,0,158,179,335,train,0
LED-000071,STL-000068-0|STL-000192-0|STL-000214-0,3,one_to_many,1,0,2232.85,0.009197,0.990803,4,0.857143,0.77381,0.857143,1.0,0,0.876501,0,0,0.230769,0.142857,0,0,0,158,179,335,train,0
LED-000071,STL-000068-0|STL-000192-0|STL-000521-0,3,one_to_many,1,0,832.64,0.00343,0.99657,4,0.857143,0.77381,0.857143,1.0,0,0.876501,0,0,0.230769,0.142857,0,0,0,158,179,335,train,0
LED-000071,STL-000068-0|STL-000200-0|STL-000229-0,3,one_to_many,1,0,6155.15,0.025353,1.025353,4,0.857143,0.77381,0.857143,1.0,0,0.876501,0,0,0.230769,0.142857,0,0,0,158,179,335,train,0
LED-000071,STL-000068-0|STL-000200-0|STL-000342-0,3,one_to_many,1,0,4231.37,0.017429,1.017429,4,0.857143,0.77381,0.857143,1.0,0,0.876501,0,0,0.230769,0.720082,0,0,0,158,179,335,train,0
LED-000071,STL-000068-0|STL-000200-2|STL-000229-0,3,one_to_many,1,0,6090.84,0.025088,1.025088,4,0.857143,0.77381,0.857143,1.0,0,0.876501,0,0,0.230769,0.142857,0,0,0,158,179,335,train,0
LED-000071,STL-000068-0|STL-000200-2|STL-000342-0,3,one_to_many,1,0,4167.06,0.017164,1.017164,4,0.857143,0.77381,0.857143,1.0,0,0.876501,0,0,0.230769,0.720082,0,0,0,158,179,335,train,0
LED-000071,STL-000068-0|STL-000206-0|STL-000300-0,3,one_to_many,1,0,5055.83,0.020825,0.979175,4,0.857143,0.77381,0.857143,1.0,0,0.876501,0,0,0.0,0.142857,0,1,0,158,179,335,train,0
LED-000071,STL-000071-0|STL-000071-1|STL-000200-0,3,one_to_many,1,0,1082.8,0.00446,0.99554,4,1.0,1.0,1.0,1.0,1,1.0,1,1,1.0,0.178174,0,0,0,158,175,331,train,0
LED-000071,STL-000071-0|STL-000071-1|STL-000200-2,3,one_to_many,1,0,1147.11,0.004725,0.995275,4,1.0,1.0,1.0,1.0,1,1.0,1,1,1.0,0.178174,0,0,0,158,178,334,train,0
LED-000071,STL-000071-0|STL-000103-0|STL-000127-0,3,one_to_many,1,0,4872.51,0.02007,1.02007,1,1.0,1.0,1.0,1.0,1,1.0,1,1,1.0,0.178174,0,0,0,158,105,261,train,0
LED-000071,STL-000071-0|STL-000103-0|STL-000214-0,3,one_to_many,1,0,4439.33,0.018286,1.018286,1,1.0,1.0,1.0,1.0,1,1.0,1,1,1.0,0.178174,0,0,0,158,105,261,train,0
LED-000071,STL-000071-0|STL-000103-0|STL-000521-0,3,one_to_many,1,0,5839.54,0.024053,1.024053,1,1.0,1.0,1.0,1.0,1,1.0,1,1,1.0,0.178174,0,0,0,158,105,261,train,0
LED-000071,STL-000071-0|STL-000127-0|STL-000521-0,3,one_to_many,1,0,5860.65,0.02414,0.97586,1,1.0,1.0,1.0,1.0,1,1.0,1,1,1.0,0.178174,0,0,0,158,93,249,train,0
LED-000071,STL-000071-0|STL-000190-0|STL-000200-0,3,one_to_many,1,0,2421.05,0.009972,1.009972,4,1.0,1.0,1.0,1.0,1,1.0,1,1,1.0,0.178174,0,0,0,158,175,331,train,0
LED-000071,STL-000071-0|STL-000190-0|STL-000200-2,3,one_to_many,1,0,2356.74,0.009707,1.009707,4,1.0,1.0,1.0,1.0,1,1.0,1,1,1.0,0.178174,0,0,0,158,178,334,train,0
LED-000071,STL-000071-0|STL-000192-0|STL-000200-0,3,one_to_many,1,0,958.3,0.003947,1.003947,4,1.0,1.0,1.0,1.0,1,1.0,1,1,1.0,0.178174,0,0,0,158,175,331,train,0
LED-000071,STL-000071-0|STL-000192-0|STL-000200-2,3,one_to_many,1,0,893.99,0.003682,1.003682,4,1.0,1.0,1.0,1.0,1,1.0,1,1,1.0,0.178174,0,0,0,158,178,334,train,0
LED-000071,STL-000071-1|STL-000127-0|STL-000214-0,3,one_to_many,1,0,202.08,0.000832,1.000832,1,1.0,1.0,1.0,1.0,1,1.0,1,1,1.0,0.093048,0,0,0,158,87,243,train,0
LED-000071,STL-000071-1|STL-000127-0|STL-000521-0,3,one_to_many,1,0,1602.29,0.0066,1.0066,1,1.0,1.0,1.0,1.0,1,1.0,1,1,1.0,0.093048,0,0,0,158,93,249,train,0
LED-000071,STL-000071-1|STL-000214-0|STL-000521-0,3,one_to_many,1,0,1169.11,0.004816,1.004816,1,1.0,1.0,1.0,1.0,1,1.0,1,1,1.0,0.093048,0,0,0,158,93,249,train,0
LED-000071,STL-000102-0|STL-000200-0|STL-000469-0,3,one_to_many,1,0,5343.87,0.022011,0.977989,4,0.618182,0.671285,0.581818,0.615385,0,0.494902,0,0,0.307692,0.142857,0,0,0,158,175,331,train,0
LED-000071,STL-000102-0|STL-000200-2|STL-000469-0,3,one_to_many,1,0,5408.18,0.022276,0.977724,4,0.618182,0.671285,0.581818,0.615385,0,0.494902,0,0,0.307692,0.142857,0,0,0,158,178,334,train,0
LED-000071,STL-000102-0|STL-000206-0|STL-000469-0,3,one_to_many,1,0,2166.72,0.008925,1.008925,4,0.618182,0.671285,0.581818,0.615385,0,0.494902,0,0,0.307692,0.142857,0,0,0,158,137,293,train,0
LED-000071,STL-000103-0|STL-000122-0|STL-000469-0,3,one_to_many,1,0,5790.11,0.023849,1.023849,1,0.618182,0.671285,0.581818,0.615385,0,0.494902,0,0,0.230769,0.720082,0,0,0,158,125,281,train,0
LED-000071,STL-000103-0|STL-000200-0|STL-000300-0,3,one_to_many,1,0,3609.8,0.014869,1.014869,4,0.355556,0.528457,0.355556,0.355556,0,0.060858,0,0,0.230769,0.133631,0,0,0,158,175,331,train,0
LED-000071,STL-000103-0|STL-000200-2|STL-000300-0,3,one_to_many,1,0,3545.49,0.014604,1.014604,4,0.355556,0.528457,0.355556,0.355556,0,0.060858,0,0,0.230769,0.133631,0,0,0,158,178,334,train,0
LED-000071,STL-000122-0|STL-000127-0|STL-000469-0,3,one_to_many,1,0,5910.08,0.024344,0.975656,1,0.618182,0.671285,0.581818,0.615385,0,0.494902,0,0,0.230769,0.720082,0,0,0,158,125,281,train,0
LED-000071,STL-000122-0|STL-000469-0|STL-000521-0,3,one_to_many,1,0,4943.05,0.02036,0.97964,1,0.618182,0.671285,0.581818,0.615385,0,0.494902,0,0,0.230769,0.720082,0,0,0,158,125,281,train,0
LED-000071,STL-000127-0|STL-000190-0|STL-000214-0,3,one_to_many,1,0,3705.93,0.015265,1.015265,2,0.539683,0.611905,0.539683,0.6,0,0.440741,0,0,0.230769,0.085592,0,0,0,158,87,243,train,0
LED-000071,STL-000127-0|STL-000190-0|STL-000521-0,3,one_to_many,1,0,5106.14,0.021032,1.021032,2,0.539683,0.611905,0.539683,0.6,0,0.440741,0,0,0.230769,0.085592,0,0,0,158,93,249,train,0
LED-000071,STL-000127-0|STL-000192-0|STL-000214-0,3,one_to_many,1,0,2243.18,0.00924,1.00924,1,0.539683,0.611905,0.539683,0.6,0,0.440741,0,0,0.230769,0.042796,0,0,0,158,87,243,train,0
LED-000071,STL-000127-0|STL-000192-0|STL-000521-0,3,one_to_many,1,0,3643.39,0.015007,1.015007,1,0.539683,0.611905,0.539683,0.6,0,0.440741,0,0,0.230769,0.042796,0,0,0,158,93,249,train,0
LED-000071,STL-000127-0|STL-000206-0|STL-000300-0,3,one_to_many,1,0,579.8,0.002388,0.997612,3,0.539683,0.611905,0.539683,0.6,0,0.440741,0,0,0.230769,0.133631,0,0,0,158,137,293,train,0
LED-000071,STL-000190-0|STL-000214-0|STL-000521-0,3,one_to_many,1,0,4672.96,0.019248,1.019248,2,0.355556,0.515126,0.355556,0.355556,0,-0.044281,0,0,0.230769,0.085592,0,0,0,158,93,249,train,0
LED-000071,STL-000192-0|STL-000214-0|STL-000521-0,3,one_to_many,1,0,3210.21,0.013223,1.013223,1,0.355556,0.515126,0.355556,0.292683,0,0.0,0,0,0.230769,0.0,0,0,0,158,93,249,train,0
LED-000071,STL-000206-0|STL-000214-0|STL-000300-0,3,one_to_many,1,0,1012.98,0.004172,0.995828,3,0.355556,0.528457,0.355556,0.355556,0,0.0,0,0,0.230769,0.133631,0,0,0,158,137,293,train,0
LED-000071,STL-000206-0|STL-000300-0|STL-000521-0,3,one_to_many,1,0,387.23,0.001595,1.001595,3,0.355556,0.528457,0.355556,0.355556,0,0.0,0,0,0.230769,0.133631,0,0,0,158,137,293,train,0
LED-000073,STL-000068-0|STL-000151-0,2,one_to_many,1,0,2761.32,0.020984,0.979016,4,0.333333,0.587302,0.333333,0.333333,0,0.09759,0,0,0.0,0.182006,0,1,0,88,179,265,train,0
LED-000073,STL-000068-0|STL-000423-1,2,one_to_many,1,0,1453.97,0.011049,1.011049,1,0.333333,0.587302,0.333333,0.333333,0,0.09759,0,0,0.0,0.182006,0,1,0,88,179,265,train,0
LED-000073,STL-000073-0|STL-000200-0,2,one_to_many,1,0,2070.38,0.015733,1.015733,2,1.0,1.0,1.0,1.0,1,1.0,0,0,0.230769,0.170251,0,0,0,88,175,261,train,0
LED-000073,STL-000073-0|STL-000200-1,2,one_to_many,1,0,1519.94,0.01155,1.01155,2,1.0,1.0,1.0,1.0,1,1.0,0,0,0.230769,0.182006,0,0,0,88,173,259,train,0
LED-000073,STL-000073-0|STL-000200-2,2,one_to_many,1,0,2006.07,0.015245,1.015245,2,1.0,1.0,1.0,1.0,1,1.0,0,0,0.230769,0.13901,0,0,0,88,178,264,train,0
LED-000073,STL-000081-0|STL-000540-0,2,one_to_many,1,0,631.33,0.004798,1.004798,4,1.0,1.0,1.0,1.0,1,1.0,0,0,0.230769,0.127688,0,0,0,88,109,195,train,0
LED-000073,STL-000068-0|STL-000151-0|STL-000200-0,3,one_to_many,1,0,690.88,0.00525,0.99475,4,0.333333,0.587302,0.333333,0.333333,0,0.09759,0,0,0.230769,0.182006,0,0,0,88,179,265,train,0
LED-000073,STL-000068-0|STL-000151-0|STL-000200-1,3,one_to_many,1,0,1241.32,0.009433,0.990567,4,0.333333,0.587302,0.333333,0.333333,0,0.09759,0,0,0.230769,0.182006,0,0,0,88,179,265,train,0
LED-000073,STL-000068-0|STL-000151-0|STL-000200-2,3,one_to_many,1,0,755.19,0.005739,0.994261,4,0.333333,0.587302,0.333333,0.333333,0,0.09759,0,0,0.230769,0.182006,0,0,0,88,179,265,train,0
LED-000073,STL-000068-0|STL-000200-1|STL-000423-1,3,one_to_many,1,0,2973.97,0.0226,1.0226,1,0.333333,0.587302,0.333333,0.333333,0,0.09759,0,0,0.230769,0.182006,0,0,0,88,179,265,train,0
LED-000073,STL-000081-0|STL-000151-0|STL-000423-0,3,one_to_many,1,0,113.93,0.000866,1.000866,4,0.333333,0.561905,0.333333,0.333333,0,0.08165,0,0,0.230769,0.098295,0,0,0,88,109,195,train,0
LED-000073,STL-000081-0|STL-000200-0|STL-000540-0,3,one_to_many,1,0,2701.77,0.020531,1.020531,4,1.0,1.0,1.0,1.0,1,1.0,0,0,0.230769,0.170251,0,0,0,88,175,261,train,0
LED-000073,STL-000081-0|STL-000200-1|STL-000540-0,3,one_to_many,1,0,2151.33,0.016348,1.016348,4,1.0,1.0,1.0,1.0,1,1.0,0,0,0.230769,0.182006,0,0,0,88,173,259,train,0
LED-000073,STL-000081-0|STL-000200-2|STL-000540-0,3,one_to_many,1,0,2637.46,0.020043,1.020043,4,1.0,1.0,1.0,1.0,1,1.0,0,0,0.230769,0.127688,0,0,0,88,178,264,train,0
LED-000073,STL-000081-0|STL-000386-0|STL-000423-1,3,one_to_many,1,0,1081.55,0.008219,0.991781,4,0.333333,0.518908,0.333333,0.333333,0,0.08165,0,0,0.230769,0.085126,0,0,0,88,122,208,train,0
LED-000076,STL-000041-0|STL-000179-0,2,one_to_many,1,0,1275.97,0.015041,1.015041,2,0.333333,0.535014,0.333333,0.333333,0,0.0,0,0,0.230769,0.465891,0,0,0,17,63,78,train,0
LED-000076,STL-000363-0|STL-000447-0,2,one_to_many,1,0,1901.19,0.022411,0.977589,4,0.26087,0.470238,0.26087,0.26087,0,0.0,0,0,0.0,0.836905,0,1,0,17,14,29,train,0
LED-000077,STL-000330-0|STL-000421-0,2,one_to_many,1,0,1267.03,0.006242,0.993758,4,0.4,0.650016,0.44,0.6,0,0.412514,0,0,0.230769,0.680414,0,0,0,36,31,65,train,0
LED-000077,STL-000121-0|STL-000161-0|STL-000161-2,3,one_to_many,1,0,5130.72,0.025278,1.025278,2,0.294118,0.604762,0.294118,0.294118,0,0.0,0,0,0.230769,0.235702,0,0,0,36,65,99,train,0
LED-000077,STL-000121-0|STL-000161-0|STL-000219-0,3,one_to_many,1,0,3472.29,0.017107,0.982893,2,0.294118,0.604762,0.294118,0.294118,0,0.0,0,0,0.230769,0.235702,0,0,0,36,65,99,train,0
LED-000077,STL-000121-0|STL-000161-2|STL-000459-0,3,one_to_many,1,0,3336.63,0.016439,1.016439,4,1.0,1.0,1.0,1.0,1,1.0,0,0,0.230769,0.725775,0,0,0,36,56,90,train,0
LED-000077,STL-000121-0|STL-000219-0|STL-000513-0,3,one_to_many,1,0,477.07,0.00235,0.99765,2,0.294118,0.604762,0.294118,0.294118,0,0.0,0,0,0.230769,0.725775,0,0,0,36,52,86,train,0
LED-000077,STL-000161-0|STL-000161-1|STL-000322-0,3,one_to_many,1,0,2584.61,0.012734,0.987266,2,0.4,0.505476,0.4,0.4,0,0.0,0,0,0.230769,0.235702,0,0,0,36,74,108,train,0
LED-000077,STL-000161-0|STL-000219-0|STL-000322-0,3,one_to_many,1,0,3045.05,0.015002,1.015002,2,0.4,0.505476,0.4,0.4,0,0.0,0,0,0.230769,0.235702,0,0,0,36,65,99,train,0
LED-000077,STL-000161-0|STL-000459-0|STL-000493-0,3,one_to_many,1,0,3599.16,0.017732,0.982268,4,1.0,1.0,1.0,1.0,1,1.0,0,0,0.230769,0.725775,0,0,0,36,65,99,train,0
LED-000077,STL-000161-0|STL-000493-0|STL-000513-0,3,one_to_many,1,0,1190.15,0.005864,1.005864,4,0.25641,0.584749,0.25641,0.25641,0,0.0,0,0,0.230769,0.725775,0,0,0,36,65,99,train,0
LED-000077,STL-000161-1|STL-000322-0|STL-000459-0,3,one_to_many,1,0,4378.7,0.021573,0.978427,4,1.0,1.0,1.0,1.0,1,1.0,0,0,0.230769,0.725775,0,0,0,36,74,108,train,0
LED-000077,STL-000161-1|STL-000322-0|STL-000513-0,3,one_to_many,1,0,410.61,0.002023,1.002023,2,0.4,0.584749,0.4,0.4,0,0.0,0,0,0.230769,0.725775,0,0,0,36,74,108,train,0
LED-000077,STL-000219-0|STL-000322-0|STL-000459-0,3,one_to_many,1,0,1250.96,0.006163,1.006163,4,1.0,1.0,1.0,1.0,1,1.0,0,0,0.230769,0.725775,0,0,0,36,56,90,train,0
LED-000077,STL-000459-0|STL-000493-0|STL-000513-0,3,one_to_many,1,0,603.94,0.002976,0.997024,4,1.0,1.0,1.0,1.0,1,1.0,0,0,0.230769,0.725775,0,0,0,36,56,90,train,0
LED-000078,STL-000078-0|STL-000078-1|STL-000078-2,3,one_to_many,1,0,169.95,0.006528,0.993472,1,1.0,1.0,1.0,1.0,1,1.0,1,1,1.0,0.270031,0,0,0,24,37,59,test,1
LED-000083,STL-000037-0|STL-000461-0,2,one_to_many,1,0,950.67,0.007597,0.992403,4,0.555556,0.876923,0.555556,1.0,0,0.522233,0,0,0.230769,0.123092,0,0,0,25,57,80,train,0
LED-000089,STL-000036-0|STL-000195-0,2,one_to_many,1,0,4462.63,0.01817,0.98183,2,0.153846,0.436508,0.153846,0.153846,0,0.0,0,0,0.230769,0.521032,0,0,0,22,28,48,train,0
LED-000089,STL-000104-0|STL-000195-0,2,one_to_many,1,0,852.5,0.003471,0.996529,2,0.230769,0.538889,0.307692,0.307692,0,0.0,0,0,0.230769,0.830291,0,0,0,22,20,40,train,0
LED-000089,STL-000104-0|STL-000562-0,2,one_to_many,1,0,4879.17,0.019866,0.980134,1,0.230769,0.538889,0.307692,0.307692,0,0.0,0,0,0.384615,0.830291,0,0,0,22,43,63,train,0
LED-000089,STL-000195-0|STL-000411-0,2,one_to_many,1,0,4556.84,0.018554,1.018554,2,0.210526,0.495726,0.210526,0.210526,0,0.150756,0,0,0.230769,0.521032,0,0,0,22,29,49,train,0
LED-000089,STL-000195-0|STL-000531-0,2,one_to_many,1,0,3898.19,0.015872,0.984128,3,0.181818,0.455556,0.181818,0.181818,0,0.0,0,0,0.230769,0.521032,0,0,0,22,33,53,train,0
LED-000089,STL-000346-0|STL-000583-0,2,one_to_many,1,0,2182.39,0.008886,1.008886,2,0.315789,0.576923,0.315789,0.315789,0,0.0,0,0,0.0,0.127515,0,1,0,22,37,57,train,0
LED-000089,STL-000411-0|STL-000562-0,2,one_to_many,1,0,530.17,0.002159,1.002159,0,0.210526,0.495726,0.210526,0.210526,0,0.150756,0,0,0.384615,0.521032,0,0,0,22,43,63,train,0
LED-000089,STL-000036-0|STL-000060-0|STL-000411-0,3,one_to_many,1,0,1657.24,0.006748,0.993252,4,0.210526,0.495726,0.210526,0.210526,0,0.150756,0,0,0.230769,0.521032,0,0,0,22,53,73,train,0
LED-000089,STL-000060-0|STL-000104-0|STL-000411-0,3,one_to_many,1,0,1952.89,0.007952,1.007952,4,0.230769,0.538889,0.307692,0.307692,0,0.150756,0,0,0.230769,0.830291,0,0,0,22,53,73,train,0
LED-000089,STL-000060-0|STL-000116-0|STL-000411-0,3,one_to_many,1,0,3260.93,0.013277,0.986723,4,0.210526,0.495726,0.210526,0.210526,0,0.150756,0,0,0.230769,0.521032,0,0,0,22,53,73,train,0
LED-000089,STL-000060-0|STL-000411-0|STL-000531-0,3,one_to_many,1,0,1092.8,0.00445,0.99555,4,0.210526,0.495726,0.210526,0.210526,0,0.150756,0,0,0.230769,0.521032,0,0,0,22,53,73,train,0
LED-000093,STL-000093-0|STL-000235-0,2,one_to_many,1,0,1631.73,0.007815,0.992185,2,1.0,1.0,1.0,1.0,1,1.0,1,1,1.0,0.277219,0,0,0,19,30,47,train,0
LED-000093,STL-000093-0|STL-000492-0,2,one_to_many,1,0,4170.31,0.019972,1.019972,4,1.0,1.0,1.0,1.0,1,1.0,1,1,1.0,0.277219,0,0,0,19,29,46,train,0
LED-000093,STL-000235-0|STL-000328-0|STL-000431-0,3,one_to_many,1,0,4290.3,0.020547,0.979453,2,0.641509,0.703324,0.603774,0.648649,0,0.509902,0,0,0.307692,0.274352,0,0,0,19,30,47,train,0
LED-000093,STL-000328-0|STL-000431-0|STL-000492-0,3,one_to_many,1,0,1511.74,0.00724,1.00724,4,0.641509,0.703324,0.603774,0.648649,0,0.509902,0,0,0.307692,0.274352,0,0,0,19,20,37,train,0
LED-000095,STL-000377-1|STL-000542-0,2,one_to_many,1,0,871.57,0.007546,1.007546,4,1.0,1.0,1.0,1.0,1,1.0,0,0,0.230769,0.806559,0,0,0,23,74,95,train,0
LED-000096,STL-000109-0|STL-000508-0,2,one_to_many,1,0,719.11,0.003379,1.003379,4,0.380952,0.604701,0.380952,0.380952,0,0.0,0,0,0.307692,0.083406,0,0,0,56,45,99,train,0
LED-000096,STL-000126-0|STL-000508-0,2,one_to_many,1,0,741.69,0.003485,1.003485,4,0.294118,0.604701,0.352941,0.352941,0,0.0,0,0,0.307692,0.244949,0,0,0,56,37,91,train,0
LED-000096,STL-000095-0|STL-000109-0|STL-000377-1,3,one_to_many,1,0,4962.79,0.02332,1.02332,4,0.380952,0.536538,0.380952,0.380952,0,0.0,0,0,0.230769,0.754247,0,0,0,56,74,128,train,0
LED-000096,STL-000095-0|STL-000126-0|STL-000377-1,3,one_to_many,1,0,4985.37,0.023426,1.023426,3,0.285714,0.527778,0.285714,0.285714,0,0.0,0,0,0.230769,0.754247,0,0,0,56,74,128,train,0
LED-000096,STL-000095-0|STL-000377-1|STL-000449-0,3,one_to_many,1,0,3023.71,0.014208,0.985792,3,0.285714,0.527778,0.285714,0.285714,0,0.0,0,0,0.230769,0.754247,0,0,0,56,74,128,train,0
LED-000096,STL-000095-0|STL-000377-2|STL-000449-0,3,one_to_many,1,0,4859.89,0.022836,1.022836,3,0.272727,0.517157,0.272727,0.272727,0,0.0,0,0,0.230769,0.754247,0,0,0,56,74,128,train,0
LED-000096,STL-000109-0|STL-000126-0|STL-000449-0,3,one_to_many,1,0,2686.7,0.012625,0.987375,4,0.380952,0.536538,0.380952,0.380952,0,0.0,0,0,0.230769,0.707107,0,0,0,56,45,99,train,0
LED-000096,STL-000377-0|STL-000377-1|STL-000508-0,3,one_to_many,1,0,4335.96,0.020374,0.979626,4,0.294118,0.604701,0.352941,0.352941,0,0.0,0,0,0.307692,0.707107,0,0,0,56,74,128,train,0
LED-000096,STL-000377-0|STL-000377-2|STL-000508-0,3,one_to_many,1,0,3547.64,0.01667,1.01667,4,0.294118,0.604701,0.352941,0.352941,0,0.0,0,0,0.307692,0.707107,0,0,0,56,74,128,train,0
LED-000096,STL-000377-1|STL-000377-2|STL-000508-0,3,one_to_many,1,0,4936.57,0.023197,0.976803,4,0.294118,0.604701,0.352941,0.352941,0,0.0,0,0,0.307692,0.707107,0,0,0,56,74,128,train,0
LED-000097,STL-000097-0|STL-000097-1|STL-000097-2,3,one_to_many,1,0,170.3,0.00182,0.99818,1,0.285714,0.572222,0.357143,0.545455,0,0.096225,1,1,1.0,0.369274,0,0,0,19,20,37,test,1
LED-000099,STL-000118-0|STL-000248-0,2,one_to_many,1,0,1607.76,0.014059,0.985941,2,0.592593,0.677839,0.555556,0.631579,0,0.521749,0,0,0.230769,0.081786,0,0,0,38,68,104,train,0
LED-000099,STL-000354-0|STL-000354-1|STL-000354-2,3,one_to_many,1,0,1368.8,0.011969,1.011969,3,0.382979,0.58796,0.382979,0.382979,0,0.044281,0,0,0.230769,0.182006,0,0,0,38,54,90,train,0
LED-000099,STL-000354-1|STL-000354-2|STL-000358-0,3,one_to_many,1,0,2688.38,0.023508,1.023508,3,0.603774,0.612143,0.603774,0.648649,0,0.511208,0,0,0.307692,0.212814,0,0,0,38,71,107,train,0
LED-000102,STL-000029-0|STL-000423-0,2,one_to_many,1,0,4275.22,0.02107,0.97893,2,0.367347,0.629462,0.4,0.4,0,0.0,0,0,0.230769,0.688063,0,0,0,122,105,225,train,0
LED-000102,STL-000073-0|STL-000151-0,2,one_to_many,1,0,2062.27,0.010164,1.010164,4,0.222222,0.479853,0.222222,0.222222,0,0.0,0,0,0.0,0.03576,0,1,0,122,79,199,train,0
LED-000102,STL-000081-0|STL-000168-0,2,one_to_many,1,0,2201.21,0.010849,0.989151,4,0.368421,0.640839,0.368421,0.368421,0,0.065795,0,0,0.230769,0.222277,0,0,0,122,109,229,train,0
LED-000102,STL-000081-0|STL-000342-0,2,one_to_many,1,0,839.54,0.004138,0.995862,4,0.341463,0.523077,0.461538,0.461538,0,-0.055048,0,0,0.230769,0.098295,0,0,0,122,109,229,train,0
LED-000102,STL-000265-0|STL-000386-0,2,one_to_many,1,0,3903.07,0.019236,0.980764,2,0.333333,0.629462,0.4,0.4,0,0.0,0,0,0.307692,0.212814,0,0,0,122,122,242,train,0
LED-000102,STL-000265-0|STL-000423-0,2,one_to_many,1,0,1507.7,0.007431,1.007431,2,0.333333,0.629462,0.4,0.4,0,0.0,0,0,0.307692,0.688063,0,0,0,122,105,225,train,0
LED-000102,STL-000386-0|STL-000595-0,2,one_to_many,1,0,3838.82,0.01892,0.98108,3,0.333333,0.629462,0.4,0.4,0,0.13484,0,0,0.384615,0.212814,0,0,0,122,122,242,train,0
LED-000102,STL-000423-0|STL-000595-0,2,one_to_many,1,0,1571.95,0.007747,1.007747,3,0.333333,0.629462,0.4,0.4,0,0.13484,0,0,0.384615,0.688063,0,0,0,122,105,225,train,0
LED-000102,STL-000029-0|STL-000081-0|STL-000386-0,3,one_to_many,1,0,2897.17,0.014279,1.014279,4,0.367347,0.629462,0.4,0.4,0,0.0,0,0,0.230769,0.212814,0,0,0,122,122,242,train,0
LED-000102,STL-000029-0|STL-000200-0|STL-000423-0,3,one_to_many,1,0,2204.78,0.010866,0.989134,2,0.367347,0.629462,0.4,0.4,0,0.13484,0,0,0.230769,0.688063,0,0,0,122,175,295,train,0
LED-000102,STL-000029-0|STL-000200-1|STL-000423-0,3,one_to_many,1,0,2755.22,0.013579,0.986421,2,0.367347,0.629462,0.4,0.4,0,0.13484,0,0,0.230769,0.688063,0,0,0,122,173,293,train,0
LED-000102,STL-000029-0|STL-000200-2|STL-000423-0,3,one_to_many,1,0,2269.09,0.011183,0.988817,2,0.367347,0.629462,0.4,0.4,0,0.0,0,0,0.230769,0.688063,0,0,0,122,178,298,train,0
LED-000102,STL-000068-0|STL-000073-0|STL-000081-0,3,one_to_many,1,0,3268.54,0.016109,0.983891,4,0.411765,0.540446,0.352941,0.352941,0,0.0,0,0,0.230769,0.091003,0,0,0,122,179,299,train,0
LED-000102,STL-000068-0|STL-000151-0|STL-000423-1,3,one_to_many,1,0,3516.3,0.01733,1.01733,4,0.411765,0.629462,0.4,0.4,0,0.0,0,0,0.0,0.091003,0,1,0,122,179,299,train,0
LED-000102,STL-000068-0|STL-000386-0|STL-000427-0,3,one_to_many,1,0,2680.24,0.013209,0.986791,4,0.411765,0.629462,0.4,0.4,0,0.123091,0,0,0.230769,0.255377,0,0,0,122,179,299,train,0
LED-000102,STL-000068-0|STL-000423-0|STL-000427-0,3,one_to_many,1,0,2730.53,0.013457,1.013457,4,0.411765,0.629462,0.4,0.4,0,0.123091,0,0,0.230769,0.688063,0,0,0,122,179,299,train,0
LED-000102,STL-000073-0|STL-000151-0|STL-000200-0,3,one_to_many,1,0,4132.71,0.020368,1.020368,4,0.222222,0.479853,0.222222,0.222222,0,0.13484,0,0,0.230769,0.212814,0,0,0,122,175,295,train,0
LED-000102,STL-000073-0|STL-000151-0|STL-000200-1,3,one_to_many,1,0,3582.27,0.017655,1.017655,4,0.222222,0.479853,0.222222,0.222222,0,0.13484,0,0,0.230769,0.045502,0,0,0,122,173,293,train,0
LED-000102,STL-000073-0|STL-000151-0|STL-000200-2,3,one_to_many,1,0,4068.4,0.020051,1.020051,4,0.222222,0.479853,0.222222,0.222222,0,0.0,0,0,0.230769,0.085126,0,0,0,122,178,298,train,0
LED-000102,STL-000081-0|STL-000151-0|STL-000540-0,3,one_to_many,1,0,2693.66,0.013276,1.013276,4,0.341463,0.5087,0.292683,0.292683,0,0.0,0,0,0.230769,0.212814,0,0,0,122,109,229,train,0
LED-000102,STL-000081-0|STL-000168-0|STL-000200-0,3,one_to_many,1,0,130.77,0.000644,0.999356,4,0.368421,0.640839,0.368421,0.368421,0,0.13484,0,0,0.230769,0.222277,0,0,0,122,175,295,train,0
LED-000102,STL-000081-0|STL-000168-0|STL-000200-1,3,one_to_many,1,0,681.21,0.003357,0.996643,4,0.368421,0.640839,0.368421,0.368421,0,0.13484,0,0,0.230769,0.222277,0,0,0,122,173,293,train,0
LED-000102,STL-000081-0|STL-000168-0|STL-000200-2,3,one_to_many,1,0,195.08,0.000961,0.999039,4,0.368421,0.640839,0.368421,0.368421,0,0.065795,0,0,0.230769,0.222277,0,0,0,122,178,298,train,0
LED-000102,STL-000081-0|STL-000200-0|STL-000342-0,3,one_to_many,1,0,1230.9,0.006066,1.006066,4,0.341463,0.523077,0.461538,0.461538,0,0.13484,0,0,0.230769,0.212814,0,0,0,122,175,295,train,0
LED-000102,STL-000081-0|STL-000200-1|STL-000342-0,3,one_to_many,1,0,680.46,0.003354,1.003354,4,0.341463,0.523077,0.461538,0.461538,0,0.13484,0,0,0.230769,0.098295,0,0,0,122,173,293,train,0
LED-000102,STL-000081-0|STL-000200-2|STL-000342-0,3,one_to_many,1,0,1166.59,0.00575,1.00575,4,0.341463,0.523077,0.461538,0.461538,0,0.0,0,0,0.230769,0.098295,0,0,0,122,178,298,train,0
LED-000102,STL-000200-0|STL-000265-0|STL-000386-0,3,one_to_many,1,0,1832.63,0.009032,0.990968,2,0.333333,0.629462,0.4,0.4,0,0.13484,0,0,0.307692,0.212814,0,0,0,122,175,295,train,0
LED-000102,STL-000200-0|STL-000265-0|STL-000423-0,3,one_to_many,1,0,3578.14,0.017635,1.017635,2,0.333333,0.629462,0.4,0.4,0,0.13484,0,0,0.307692,0.688063,0,0,0,122,175,295,train,0
LED-000102,STL-000200-0|STL-000386-0|STL-000595-0,3,one_to_many,1,0,1768.38,0.008715,0.991285,3,0.333333,0.629462,0.4,0.4,0,0.13484,0,0,0.384615,0.212814,0,0,0,122,175,295,train,0
LED-000102,STL-000200-0|STL-000423-0|STL-000595-0,3,one_to_many,1,0,3642.39,0.017951,1.017951,3,0.333333,0.629462,0.4,0.4,0,0.13484,0,0,0.384615,0.688063,0,0,0,122,175,295,train,0
LED-000102,STL-000200-0|STL-000423-1|STL-000540-0,3,one_to_many,1,0,3603.77,0.017761,0.982239,1,0.333333,0.629462,0.4,0.4,0,0.13484,0,0,0.230769,0.212814,0,0,0,122,175,295,train,0
LED-000102,STL-000200-1|STL-000265-0|STL-000386-0,3,one_to_many,1,0,2383.07,0.011745,0.988255,2,0.333333,0.629462,0.4,0.4,0,0.13484,0,0,0.307692,0.212814,0,0,0,122,173,293,train,0
LED-000102,STL-000200-1|STL-000265-0|STL-000423-0,3,one_to_many,1,0,3027.7,0.014922,1.014922,2,0.333333,0.629462,0.4,0.4,0,0.13484,0,0,0.307692,0.688063,0,0,0,122,173,293,train,0
LED-000102,STL-000200-1|STL-000386-0|STL-000595-0,3,one_to_many,1,0,2318.82,0.011428,0.988572,3,0.333333,0.629462,0.4,0.4,0,0.13484,0,0,0.384615,0.212814,0,0,0,122,173,293,train,0
LED-000102,STL-000200-1|STL-000423-0|STL-000595-0,3,one_to_many,1,0,3091.95,0.015239,1.015239,3,0.333333,0.629462,0.4,0.4,0,0.13484,0,0,0.384615,0.688063,0,0,0,122,173,293,train,0
LED-000102,STL-000200-1|STL-000423-1|STL-000540-0,3,one_to_many,1,0,4154.21,0.020474,0.979526,1,0.333333,0.629462,0.4,0.4,0,0.13484,0,0,0.230769,0.212814,0,0,0,122,173,293,train,0
LED-000102,STL-000200-2|STL-000265-0|STL-000386-0,3,one_to_many,1,0,1896.94,0.009349,0.990651,2,0.333333,0.629462,0.4,0.4,0,0.0,0,0,0.307692,0.212814,0,0,0,122,178,298,train,0
LED-000102,STL-000200-2|STL-000265-0|STL-000423-0,3,one_to_many,1,0,3513.83,0.017318,1.017318,2,0.333333,0.629462,0.4,0.4,0,0.0,0,0,0.307692,0.688063,0,0,0,122,178,298,train,0
LED-000102,STL-000200-2|STL-000386-0|STL-000595-0,3,one_to_many,1,0,1832.69,0.009032,0.990968,3,0.333333,0.629462,0.4,0.4,0,0.13484,0,0,0.384615,0.212814,0,0,0,122,178,298,train,0
LED-000102,STL-000200-2|STL-000423-0|STL-000595-0,3,one_to_many,1,0,3578.08,0.017634,1.017634,3,0.333333,0.629462,0.4,0.4,0,0.13484,0,0,0.384615,0.688063,0,0,0,122,178,298,train,0
LED-000102,STL-000200-2|STL-000423-1|STL-000540-0,3,one_to_many,1,0,3668.08,0.018078,0.981922,1,0.333333,0.629462,0.4,0.4,0,0.0,0,0,0.230769,0.212814,0,0,0,122,178,298,train,0
LED-000102,STL-000386-0|STL-000423-0|STL-000540-0,3,one_to_many,1,0,2828.53,0.01394,1.01394,2,0.333333,0.629462,0.4,0.4,0,0.0,0,0,0.230769,0.688063,0,0,0,122,122,242,train,0
LED-000103,STL-000206-0|STL-000521-0,2,one_to_many,1,0,1152.13,0.016083,0.983917,3,0.363636,0.584046,0.461538,0.461538,0,0.0,0,0,0.230769,0.707107,0,0,0,79,137,214,train,0
LED-000103,STL-000127-0|STL-000200-0|STL-000206-0,3,one_to_many,1,0,48.72,0.00068,0.99932,4,0.363636,0.584046,0.363636,0.363636,0,0.123797,0,0,0.230769,0.244949,0,0,0,79,175,252,train,0
LED-000103,STL-000127-0|STL-000200-2|STL-000206-0,3,one_to_many,1,0,113.03,0.001578,0.998422,4,0.363636,0.584046,0.363636,0.363636,0,0.235702,0,0,0.230769,0.163299,0,0,0,79,178,255,train,0
LED-000103,STL-000200-0|STL-000206-0|STL-000214-0,3,one_to_many,1,0,481.9,0.006727,0.993273,4,0.363636,0.584046,0.363636,0.363636,0,0.1283,0,0,0.230769,0.707107,0,0,0,79,175,252,train,0
LED-000103,STL-000200-0|STL-000206-0|STL-000521-0,3,one_to_many,1,0,918.31,0.012819,1.012819,4,0.363636,0.584046,0.461538,0.461538,0,0.0,0,0,0.230769,0.707107,0,0,0,79,175,252,train,0
LED-000103,STL-000200-2|STL-000206-0|STL-000214-0,3,one_to_many,1,0,546.21,0.007625,0.992375,4,0.363636,0.584046,0.363636,0.363636,0,0.235702,0,0,0.230769,0.707107,0,0,0,79,178,255,train,0
LED-000103,STL-000200-2|STL-000206-0|STL-000521-0,3,one_to_many,1,0,854.0,0.011922,1.011922,4,0.363636,0.584046,0.461538,0.461538,0,0.235702,0,0,0.230769,0.707107,0,0,0,79,178,255,train,0
LED-000110,STL-000161-0|STL-000513-0,2,one_to_many,1,0,428.65,0.004643,0.995357,3,0.641509,0.703324,0.615385,0.648649,0,0.500435,0,0,0.0,0.170251,0,1,0,31,65,94,train,0
LED-000110,STL-000161-0|STL-000161-1|STL-000161-2,3,one_to_many,1,0,1112.19,0.012047,0.987953,3,0.615385,0.684444,0.615385,0.648649,0,0.500435,0,0,0.307692,0.170251,0,0,0,31,74,103,train,0
LED-000110,STL-000161-1|STL-000161-2|STL-000513-0,3,one_to_many,1,0,1883.03,0.020396,1.020396,3,0.641509,0.703324,0.615385,0.648649,0,0.500435,0,0,0.307692,0.170251,0,0,0,31,74,103,train,0
LED-000112,STL-000216-0|STL-000216-2,2,one_to_many,1,0,106.02,0.001313,0.998687,1,0.466667,0.629462,0.4,0.4,0,0.123091,0,0,0.230769,0.159394,0,0,0,21,39,58,train,0
LED-000112,STL-000216-0|STL-000294-1,2,one_to_many,1,0,1310.88,0.01623,1.01623,0,0.466667,0.629462,0.4,0.4,0,0.07785,0,0,0.230769,0.159394,0,0,0,21,39,58,train,0
LED-000112,STL-000216-1|STL-000216-2,2,one_to_many,1,0,301.74,0.003736,0.996264,1,0.380952,0.435897,0.380952,0.380952,0,0.123091,0,0,0.230769,0.830291,0,0,0,21,40,59,train,0
LED-000112,STL-000216-1|STL-000294-1,2,one_to_many,1,0,1115.16,0.013807,1.013807,0,0.380952,0.626327,0.380952,0.380952,0,0.123091,0,0,0.230769,0.830291,0,0,0,21,40,59,train,0
LED-000112,STL-000011-0|STL-000216-0|STL-000462-0,3,one_to_many,1,0,1427.11,0.01767,0.98233,4,0.466667,0.629462,0.4,0.4,0,0.123091,0,0,0.230769,0.832927,0,0,0,21,39,58,train,0
LED-000112,STL-000011-0|STL-000216-1|STL-000462-0,3,one_to_many,1,0,1622.83,0.020093,0.979907,4,0.380952,0.520128,0.380952,0.380952,0,0.123091,0,0,0.230769,0.832927,0,0,0,21,40,59,train,0
LED-000113,STL-000314-0|STL-000347-0,2,one_to_many,1,0,1994.31,0.008472,0.991528,3,0.235294,0.402116,0.285714,0.285714,0,0.0,0,0,0.230769,0.387298,0,0,0,13,25,36,train,0
LED-000113,STL-000314-0|STL-000414-0,2,one_to_many,1,0,533.94,0.002268,1.002268,3,0.242424,0.539506,0.242424,0.242424,0,-0.09325,0,0,0.230769,0.07785,0,0,0,13,25,36,train,0
LED-000113,STL-000347-0|STL-000416-0,2,one_to_many,1,0,674.45,0.002865,1.002865,1,0.272727,0.519535,0.285714,0.285714,0,0.0,0,0,0.230769,0.387298,0,0,0,13,37,48,train,0
LED-000113,STL-000414-0|STL-000416-0,2,one_to_many,1,0,3202.7,0.013605,1.013605,2,0.272727,0.539506,0.272727,0.272727,0,-0.104257,0,0,0.230769,0.186339,0,0,0,13,37,48,train,0
LED-000113,STL-000416-0|STL-000416-1,2,one_to_many,1,0,4786.42,0.020332,0.979668,0,0.272727,0.519535,0.272727,0.272727,0,-0.085126,0,0,0.230769,0.717137,0,0,0,13,37,48,train,0
LED-000113,STL-000314-0|STL-000416-0|STL-000507-0,3,one_to_many,1,0,2136.61,0.009076,1.009076,3,0.618182,0.671285,0.581818,0.615385,0,0.494902,0,0,0.230769,0.407046,0,0,0,13,37,48,train,0
LED-000113,STL-000314-0|STL-000416-0|STL-000580-0,3,one_to_many,1,0,2594.36,0.011021,1.011021,3,0.349206,0.563362,0.285714,0.285714,0,-0.03576,0,0,0.230769,0.186339,0,0,0,13,37,48,train,0
LED-000113,STL-000314-0|STL-000543-0|STL-000557-0,3,one_to_many,1,0,5508.54,0.0234,1.0234,3,0.255319,0.500954,0.297872,0.297872,0,0.0,0,0,0.230769,0.129099,0,0,0,13,29,40,train,0
LED-000113,STL-000507-0|STL-000543-0|STL-000557-0,3,one_to_many,1,0,3302.17,0.014027,0.985973,3,0.618182,0.671285,0.581818,0.615385,0,0.494902,0,0,0.230769,0.407046,0,0,0,13,29,40,train,0
LED-000113,STL-000543-0|STL-000557-0|STL-000580-0,3,one_to_many,1,0,2844.42,0.012083,0.987917,3,0.349206,0.563362,0.297872,0.297872,0,0.0,0,0,0.230769,0.129099,0,0,0,13,29,40,train,0
LED-000119,STL-000131-0|STL-000362-0,2,one_to_many,1,0,1091.36,0.015582,1.015582,4,0.418605,0.617949,0.372093,0.372093,0,0.065372,0,0,0.230769,0.116775,0,0,0,5,10,13,train,0
LED-000121,STL-000161-0|STL-000301-0|STL-000459-0,3,one_to_many,1,0,3070.84,0.023062,1.023062,3,0.277778,0.534524,0.30303,0.30303,0,0.08165,0,0,0.230769,0.707107,0,0,0,24,65,87,train,0
LED-000121,STL-000161-0|STL-000459-0|STL-000513-0,3,one_to_many,1,0,1393.89,0.010468,1.010468,2,0.294118,0.604701,0.352941,0.352941,0,0.08165,0,0,0.230769,0.707107,0,0,0,24,65,87,train,0
LED-000121,STL-000161-1|STL-000301-0|STL-000353-0,3,one_to_many,1,0,2743.44,0.020603,0.979397,3,0.285714,0.534524,0.30303,0.30303,0,0.08165,0,0,0.230769,0.068599,0,0,0,24,74,96,train,0
LED-000122,STL-000053-0|STL-000469-0,2,one_to_many,1,0,3563.49,0.024666,1.024666,0,1.0,1.0,1.0,1.0,1,1.0,0,0,0.230769,0.827329,0,0,0,89,125,212,train,0
LED-000122,STL-000068-0|STL-000206-0|STL-000423-1,3,one_to_many,1,0,1844.48,0.012767,0.987233,4,0.625,0.638999,0.625,0.727273,0,0.500517,0,0,0.0,0.796391,0,1,0,89,179,266,train,0
LED-000122,STL-000068-0|STL-000214-0|STL-000469-0,3,one_to_many,1,0,2948.73,0.02041,1.02041,3,1.0,1.0,1.0,1.0,1,1.0,0,0,0.230769,0.827329,0,0,0,89,179,266,train,0
LED-000122,STL-000103-0|STL-000206-0|STL-000521-0,3,one_to_many,1,0,2354.46,0.016297,0.983703,2,0.3,0.579867,0.3,0.3,0,0.13901,0,0,0.230769,0.823853,0,0,0,89,137,224,train,0
LED-000122,STL-000206-0|STL-000214-0|STL-000423-1,3,one_to_many,1,0,2198.37,0.015217,1.015217,4,0.363636,0.594883,0.363636,0.363636,0,0.080257,0,0,0.230769,0.796391,0,0,0,89,137,224,train,0
LED-000122,STL-000206-0|STL-000423-1|STL-000521-0,3,one_to_many,1,0,3598.58,0.024909,1.024909,4,0.363636,0.594883,0.363636,0.363636,0,0.053838,0,0,0.230769,0.796391,0,0,0,89,137,224,train,0
LED-000125,STL-000125-1|STL-000298-0,2,one_to_many,1,0,4637.26,0.024049,0.975951,1,1.0,1.0,1.0,1.0,1,1.0,1,1,1.0,0.205798,0,0,0,36,27,61,train,0
LED-000125,STL-000125-2|STL-000298-0,2,one_to_many,1,0,2241.99,0.011627,0.988373,0,1.0,1.0,1.0,1.0,1,1.0,1,1,1.0,0.849706,0,0,0,36,27,61,train,0
LED-000125,STL-000011-0|STL-000216-0|STL-000298-0,3,one_to_many,1,0,1803.32,0.009352,0.990648,4,0.352941,0.558824,0.352941,0.428571,0,0.099381,0,0,0.307692,0.163299,0,0,0,36,39,73,train,0
LED-000125,STL-000011-0|STL-000216-1|STL-000298-0,3,one_to_many,1,0,1999.04,0.010367,0.989633,4,0.26087,0.558824,0.26087,0.428571,0,0.0,0,0,0.307692,0.163299,0,0,0,36,40,74,train,0
LED-000125,STL-000011-0|STL-000294-1|STL-000365-0,3,one_to_many,1,0,1468.78,0.007617,1.007617,4,0.352941,0.480392,0.352941,0.32,0,0.099381,0,0,0.230769,0.163299,0,0,0,36,57,91,train,0
LED-000125,STL-000011-0|STL-000294-1|STL-000577-0,3,one_to_many,1,0,3401.94,0.017642,1.017642,4,0.301887,0.444989,0.264151,0.25,0,0.0,0,0,0.230769,0.163299,0,0,0,36,35,69,train,0
LED-000125,STL-000112-0|STL-000125-0|STL-000294-1,3,one_to_many,1,0,2960.41,0.015353,0.984647,4,1.0,1.0,1.0,1.0,1,1.0,1,1,1.0,0.849706,0,0,0,36,36,70,train,0
LED-000125,STL-000112-0|STL-000125-1|STL-000294-1,3,one_to_many,1,0,2434.47,0.012625,0.987375,4,1.0,1.0,1.0,1.0,1,1.0,1,1,1.0,0.205798,0,0,0,36,36,70,train,0
LED-000125,STL-000112-0|STL-000125-2|STL-000294-1,3,one_to_many,1,0,39.2,0.000203,0.999797,4,1.0,1.0,1.0,1.0,1,1.0,1,1,1.0,0.849706,0,0,0,36,36,70,train,0
LED-000125,STL-000125-0|STL-000125-1|STL-000125-2,3,one_to_many,1,0,672.64,0.003488,0.996512,1,1.0,1.0,1.0,1.0,1,1.0,1,1,1.0,0.849706,0,0,0,36,27,61,train,1
LED-000125,STL-000125-0|STL-000298-0|STL-000320-0,3,one_to_many,1,0,638.6,0.003312,0.996688,3,1.0,1.0,1.0,1.0,1,1.0,1,1,1.0,0.849706,0,0,0,36,51,85,train,0
LED-000125,STL-000125-0|STL-000298-0|STL-000320-1,3,one_to_many,1,0,2726.24,0.014138,1.014138,3,1.0,1.0,1.0,1.0,1,1.0,1,1,1.0,0.849706,0,0,0,36,43,77,train,0
LED-000125,STL-000125-0|STL-000320-1|STL-000365-0,3,one_to_many,1,0,4319.97,0.022403,0.977597,4,1.0,1.0,1.0,1.0,1,1.0,1,1,1.0,0.849706,0,0,0,36,57,91,train,0
LED-000125,STL-000125-0|STL-000320-1|STL-000577-0,3,one_to_many,1,0,2386.81,0.012378,0.987622,3,1.0,1.0,1.0,1.0,1,1.0,1,1,1.0,0.849706,0,0,0,36,43,77,train,0
LED-000125,STL-000125-1|STL-000298-0|STL-000320-0,3,one_to_many,1,0,112.66,0.000584,0.999416,3,1.0,1.0,1.0,1.0,1,1.0,1,1,1.0,0.244949,0,0,0,36,51,85,train,0
LED-000125,STL-000125-1|STL-000298-0|STL-000320-1,3,one_to_many,1,0,3252.18,0.016866,1.016866,3,1.0,1.0,1.0,1.0,1,1.0,1,1,1.0,0.205798,0,0,0,36,43,77,train,0
LED-000125,STL-000125-1|STL-000320-1|STL-000365-0,3,one_to_many,1,0,3794.03,0.019676,0.980324,4,1.0,1.0,1.0,1.0,1,1.0,1,1,1.0,0.205798,0,0,0,36,57,91,train,0
LED-000125,STL-000125-1|STL-000320-1|STL-000577-0,3,one_to_many,1,0,1860.87,0.00965,0.99035,3,1.0,1.0,1.0,1.0,1,1.0,1,1,1.0,0.205798,0,0,0,36,43,77,train,0
LED-000125,STL-000125-2|STL-000298-0|STL-000320-0,3,one_to_many,1,0,2282.61,0.011838,1.011838,3,1.0,1.0,1.0,1.0,1,1.0,1,1,1.0,0.849706,0,0,0,36,51,85,train,0
LED-000125,STL-000125-2|STL-000320-0|STL-000577-0,3,one_to_many,1,0,2830.44,0.014679,0.985321,3,1.0,1.0,1.0,1.0,1,1.0,1,1,1.0,0.849706,0,0,0,36,51,85,train,0
LED-000125,STL-000125-2|STL-000320-1|STL-000365-0,3,one_to_many,1,0,1398.76,0.007254,0.992746,4,1.0,1.0,1.0,1.0,1,1.0,1,1,1.0,0.849706,0,0,0,36,57,91,train,0
LED-000125,STL-000125-2|STL-000320-1|STL-000577-0,3,one_to_many,1,0,534.4,0.002771,1.002771,3,1.0,1.0,1.0,1.0,1,1.0,1,1,1.0,0.849706,0,0,0,36,43,77,train,0
LED-000125,STL-000216-0|STL-000216-1|STL-000298-0,3,one_to_many,1,0,3497.74,0.018139,1.018139,4,0.352941,0.558824,0.352941,0.428571,0,0.099381,0,0,0.307692,0.08165,0,0,0,36,40,74,train,0
LED-000125,STL-000216-0|STL-000216-1|STL-000365-0,3,one_to_many,1,0,3548.47,0.018402,0.981598,4,0.352941,0.480392,0.352941,0.32,0,0.099381,0,0,0.230769,0.130931,0,0,0,36,57,91,train,0
LED-000125,STL-000216-0|STL-000216-1|STL-000577-0,3,one_to_many,1,0,1615.31,0.008377,0.991623,4,0.352941,0.480392,0.352941,0.32,0,0.099381,0,0,0.230769,0.163299,0,0,0,36,40,74,train,0
LED-000125,STL-000216-0|STL-000294-0|STL-000298-0,3,one_to_many,1,0,187.36,0.000972,1.000972,4,0.352941,0.558824,0.352941,0.428571,0,0.099381,0,0,0.307692,0.163299,0,0,0,36,39,73,train,0
LED-000125,STL-000216-1|STL-000294-0|STL-000298-0,3,one_to_many,1,0,8.36,4.3e-05,0.999957,4,0.325581,0.558824,0.27907,0.428571,0,0.0,0,0,0.307692,0.163299,0,0,0,36,40,74,train,0
LED-000125,STL-000294-0|STL-000294-1|STL-000365-0,3,one_to_many,1,0,3459.46,0.017941,1.017941,4,0.352941,0.480392,0.352941,0.32,0,0.099381,0,0,0.230769,0.163299,0,0,0,36,57,91,train,0
LED-000127,STL-000068-0|STL-000200-0|STL-000200-2,3,one_to_many,1,0,399.46,0.006665,0.993335,4,0.625,0.638999,0.625,0.727273,0,0.500517,0,0,0.230769,0.769897,0,0,0,86,179,263,train,0
LED-000129,STL-000053-0|STL-000071-0,2,one_to_many,1,0,1835.03,0.007859,0.992141,4,0.358974,0.516026,0.358974,0.358974,0,-0.055048,0,0,0.230769,0.078567,0,0,0,146,68,212,train,0
LED-000129,STL-000053-0|STL-000071-1,2,one_to_many,1,0,5627.91,0.024103,1.024103,4,0.358974,0.516026,0.358974,0.358974,0,-0.055048,0,0,0.230769,0.738549,0,0,0,146,68,212,train,0
LED-000129,STL-000071-1|STL-000399-1,2,one_to_many,1,0,3424.6,0.014667,0.985333,3,1.0,1.0,1.0,1.0,1,1.0,0,0,0.230769,0.738549,0,0,0,146,38,182,train,0
LED-000129,STL-000122-0|STL-000351-0,2,one_to_many,1,0,1124.88,0.004818,1.004818,4,0.3,0.456383,0.3,0.3,0,-0.188608,0,0,0.230769,0.136083,0,0,0,146,57,201,train,0
LED-000129,STL-000127-0|STL-000597-0,2,one_to_many,1,0,2489.03,0.01066,0.98934,3,0.291667,0.535256,0.291667,0.291667,0,0.0,0,0,0.230769,0.785674,0,0,0,146,70,214,train,0
LED-000129,STL-000186-0|STL-000597-0,2,one_to_many,1,0,3233.34,0.013848,1.013848,1,0.307692,0.535256,0.384615,0.384615,0,0.0,0,0,0.230769,0.785674,0,0,0,146,38,182,train,0
LED-000129,STL-000192-0|STL-000399-1,2,one_to_many,1,0,1383.5,0.005925,0.994075,4,1.0,1.0,1.0,1.0,1,1.0,0,0,0.230769,0.226805,0,0,0,146,38,182,train,0
LED-000129,STL-000214-0|STL-000597-0,2,one_to_many,1,0,2922.21,0.012515,0.987485,4,0.4,0.570324,0.4,0.380952,0,0.0,0,0,0.230769,0.785674,0,0,0,146,87,231,train,0
LED-000129,STL-000351-0|STL-000433-0,2,one_to_many,1,0,5533.9,0.023701,0.976299,2,0.3,0.470085,0.3,0.3,0,0.0,0,0,0.230769,0.099015,0,0,0,146,28,172,train,0
LED-000129,STL-000399-0|STL-000597-0,2,one_to_many,1,0,1360.79,0.005828,0.994172,2,1.0,1.0,1.0,1.0,1,1.0,0,0,0.230769,0.785674,0,0,0,146,48,192,train,0
LED-000129,STL-000521-0|STL-000597-0,2,one_to_many,1,0,1522.0,0.006518,0.993482,4,1.0,1.0,1.0,1.0,1,1.0,0,0,0.230769,0.785674,0,0,0,146,93,237,train,0
LED-000129,STL-000053-0|STL-000127-0|STL-000214-0,3,one_to_many,1,0,1520.29,0.006511,1.006511,4,0.4,0.570324,0.4,0.380952,0,0.0,0,0,0.230769,0.754851,0,0,0,146,87,231,train,0
LED-000129,STL-000053-0|STL-000127-0|STL-000399-0,3,one_to_many,1,0,3081.71,0.013198,1.013198,4,1.0,1.0,1.0,1.0,1,1.0,0,0,0.230769,0.754851,0,0,0,146,70,214,train,0
LED-000129,STL-000053-0|STL-000127-0|STL-000521-0,3,one_to_many,1,0,2920.5,0.012508,1.012508,4,1.0,1.0,1.0,1.0,1,1.0,0,0,0.230769,0.754851,0,0,0,146,93,237,train,0
LED-000129,STL-000053-0|STL-000214-0|STL-000399-0,3,one_to_many,1,0,2648.53,0.011343,1.011343,4,1.0,1.0,1.0,1.0,1,1.0,0,0,0.230769,0.226805,0,0,0,146,87,231,train,0
LED-000129,STL-000053-0|STL-000214-0|STL-000521-0,3,one_to_many,1,0,2487.32,0.010653,1.010653,4,1.0,1.0,1.0,1.0,1,1.0,0,0,0.230769,0.226805,0,0,0,146,93,237,train,0
LED-000129,STL-000053-0|STL-000351-0|STL-000469-0,3,one_to_many,1,0,4688.01,0.020078,1.020078,4,0.358974,0.516026,0.358974,0.358974,0,-0.059131,0,0,0.230769,0.096225,0,0,0,146,125,269,train,0
LED-000129,STL-000053-0|STL-000399-0|STL-000521-0,3,one_to_many,1,0,4048.74,0.01734,1.01734,4,1.0,1.0,1.0,1.0,1,1.0,0,0,0.230769,0.226805,0,0,0,146,93,237,train,0
LED-000129,STL-000071-0|STL-000127-0|STL-000214-0,3,one_to_many,1,0,2026.24,0.008678,1.008678,4,0.4,0.570324,0.4,0.380952,0,0.0,0,0,0.230769,0.754851,0,0,0,146,87,231,train,0
LED-000129,STL-000071-0|STL-000127-0|STL-000399-0,3,one_to_many,1,0,3587.66,0.015365,1.015365,3,1.0,1.0,1.0,1.0,1,1.0,0,0,0.230769,0.754851,0,0,0,146,70,214,train,0
LED-000129,STL-000071-0|STL-000127-0|STL-000521-0,3,one_to_many,1,0,3426.45,0.014675,1.014675,4,1.0,1.0,1.0,1.0,1,1.0,0,0,0.230769,0.754851,0,0,0,146,93,237,train,0
LED-000129,STL-000071-0|STL-000214-0|STL-000399-0,3,one_to_many,1,0,3154.48,0.01351,1.01351,4,1.0,1.0,1.0,1.0,1,1.0,0,0,0.230769,0.226805,0,0,0,146,87,231,train,0
LED-000129,STL-000071-0|STL-000214-0|STL-000521-0,3,one_to_many,1,0,2993.27,0.01282,1.01282,4,1.0,1.0,1.0,1.0,1,1.0,0,0,0.230769,0.226805,0,0,0,146,93,237,train,0
LED-000129,STL-000071-0|STL-000351-0|STL-000469-0,3,one_to_many,1,0,5193.96,0.022245,1.022245,4,0.341463,0.5087,0.3,0.3,0,-0.055048,0,0,0.230769,0.096225,0,0,0,146,125,269,train,0
LED-000129,STL-000071-0|STL-000399-0|STL-000521-0,3,one_to_many,1,0,4554.69,0.019507,1.019507,4,1.0,1.0,1.0,1.0,1,1.0,0,0,0.230769,0.226805,0,0,0,146,93,237,train,0
LED-000129,STL-000103-0|STL-000127-0|STL-000399-1,3,one_to_many,1,0,4601.15,0.019706,1.019706,4,1.0,1.0,1.0,1.0,1,1.0,0,0,0.230769,0.754851,0,0,0,146,105,249,train,0
LED-000129,STL-000103-0|STL-000192-0|STL-000469-0,3,one_to_many,1,0,3810.32,0.016319,0.983681,4,0.307692,0.523077,0.461538,0.461538,0,0.113961,0,0,0.230769,0.226805,0,0,0,146,125,269,train,0
LED-000129,STL-000103-0|STL-000214-0|STL-000399-1,3,one_to_many,1,0,4167.97,0.017851,1.017851,4,1.0,1.0,1.0,1.0,1,1.0,0,0,0.230769,0.226805,0,0,0,146,105,249,train,0
LED-000129,STL-000103-0|STL-000399-0|STL-000399-1,3,one_to_many,1,0,5729.39,0.024538,1.024538,4,1.0,1.0,1.0,1.0,1,1.0,0,0,0.230769,0.125988,0,0,0,146,105,249,train,0
LED-000129,STL-000103-0|STL-000399-1|STL-000521-0,3,one_to_many,1,0,5568.18,0.023848,1.023848,4,1.0,1.0,1.0,1.0,1,1.0,0,0,0.230769,0.226805,0,0,0,146,105,249,train,0
LED-000129,STL-000122-0|STL-000127-0|STL-000469-0,3,one_to_many,1,0,3377.02,0.014463,1.014463,4,0.3,0.456383,0.3,0.3,0,-0.167968,0,0,0.230769,0.754851,0,0,0,146,125,269,train,0
LED-000129,STL-000122-0|STL-000214-0|STL-000469-0,3,one_to_many,1,0,2943.84,0.012608,1.012608,4,0.4,0.570324,0.4,0.380952,0,0.0,0,0,0.230769,0.226805,0,0,0,146,125,269,train,0
LED-000129,STL-000122-0|STL-000399-0|STL-000469-0,3,one_to_many,1,0,4505.26,0.019295,1.019295,4,1.0,1.0,1.0,1.0,1,1.0,0,0,0.230769,0.136083,0,0,0,146,125,269,train,0
LED-000129,STL-000122-0|STL-000469-0|STL-000521-0,3,one_to_many,1,0,4344.05,0.018605,1.018605,4,1.0,1.0,1.0,1.0,1,1.0,0,0,0.230769,0.226805,0,0,0,146,125,269,train,0
LED-000129,STL-000127-0|STL-000173-0|STL-000469-0,3,one_to_many,1,0,5528.58,0.023678,0.976322,4,0.444444,0.603938,0.444444,0.444444,0,0.0,0,0,0.230769,0.754851,0,0,0,146,125,269,train,0
LED-000129,STL-000127-0|STL-000186-0|STL-000399-1,3,one_to_many,1,0,1376.67,0.005896,0.994104,3,1.0,1.0,1.0,1.0,1,1.0,0,0,0.230769,0.754851,0,0,0,146,70,214,train,0
LED-000129,STL-000127-0|STL-000433-0|STL-000469-0,3,one_to_many,1,0,3281.76,0.014055,0.985945,4,0.3,0.470085,0.3,0.3,0,0.0,0,0,0.230769,0.754851,0,0,0,146,125,269,train,0
LED-000129,STL-000173-0|STL-000186-0|STL-000469-0,3,one_to_many,1,0,193.79,0.00083,1.00083,4,0.444444,0.603938,0.444444,0.444444,0,0.0,0,0,0.230769,0.181444,0,0,0,146,125,269,train,0
LED-000129,STL-000173-0|STL-000399-0|STL-000469-0,3,one_to_many,1,0,4400.34,0.018846,0.981154,4,1.0,1.0,1.0,1.0,1,1.0,0,0,0.230769,0.181444,0,0,0,146,125,269,train,0
LED-000129,STL-000173-0|STL-000469-0|STL-000521-0,3,one_to_many,1,0,4561.55,0.019536,0.980464,4,1.0,1.0,1.0,1.0,1,1.0,0,0,0.230769,0.226805,0,0,0,146,125,269,train,0
LED-000129,STL-000186-0|STL-000214-0|STL-000399-1,3,one_to_many,1,0,1809.85,0.007751,0.992249,4,1.0,1.0,1.0,1.0,1,1.0,0,0,0.230769,0.226805,0,0,0,146,87,231,train,0
LED-000129,STL-000186-0|STL-000399-0|STL-000399-1,3,one_to_many,1,0,248.43,0.001064,0.998936,2,1.0,1.0,1.0,1.0,1,1.0,0,0,0.230769,0.167984,0,0,0,146,48,192,train,0
LED-000129,STL-000186-0|STL-000399-1|STL-000521-0,3,one_to_many,1,0,409.64,0.001754,0.998246,4,1.0,1.0,1.0,1.0,1,1.0,0,0,0.230769,0.226805,0,0,0,146,93,237,train,0
LED-000129,STL-000186-0|STL-000433-0|STL-000469-0,3,one_to_many,1,0,2440.61,0.010453,1.010453,4,0.307692,0.474359,0.384615,0.384615,0,0.0,0,0,0.230769,0.167984,0,0,0,146,125,269,train,0
LED-000129,STL-000214-0|STL-000433-0|STL-000469-0,3,one_to_many,1,0,3714.94,0.01591,0.98409,4,0.4,0.570324,0.4,0.380952,0,0.0,0,0,0.230769,0.226805,0,0,0,146,125,269,train,0
LED-000129,STL-000351-0|STL-000399-1|STL-000469-0,3,one_to_many,1,0,4364.5,0.018692,0.981308,4,1.0,1.0,1.0,1.0,1,1.0,0,0,0.230769,0.125988,0,0,0,146,125,269,train,0
LED-000129,STL-000399-0|STL-000399-1|STL-000521-0,3,one_to_many,1,0,5003.77,0.02143,0.97857,4,1.0,1.0,1.0,1.0,1,1.0,0,0,0.230769,0.226805,0,0,0,146,93,237,train,0
LED-000129,STL-000399-0|STL-000433-0|STL-000469-0,3,one_to_many,1,0,2153.52,0.009223,0.990777,4,1.0,1.0,1.0,1.0,1,1.0,0,0,0.230769,0.125988,0,0,0,146,125,269,train,0
LED-000129,STL-000433-0|STL-000469-0|STL-000521-0,3,one_to_many,1,0,2314.73,0.009914,0.990086,4,1.0,1.0,1.0,1.0,1,1.0,0,0,0.230769,0.226805,0,0,0,146,125,269,train,0
LED-000130,STL-000154-0|STL-000182-0,2,one_to_many,1,0,685.26,0.005225,0.994775,1,0.325581,0.523504,0.372093,0.352941,0,0.0,0,0,0.230769,0.126773,0,0,0,63,75,136,val,0
LED-000130,STL-000182-0|STL-000450-0,2,one_to_many,1,0,2574.99,0.019634,1.019634,1,0.325581,0.525641,0.372093,0.352941,0,0.0,0,0,0.230769,0.192879,0,0,0,63,75,136,val,0
LED-000133,STL-000133-0|STL-000133-1,2,one_to_many,1,0,0.0,0.0,1.0,0,1.0,1.0,1.0,1.0,1,1.0,1,1,1.0,0.358249,0,0,0,19,54,71,test,1
LED-000133,STL-000133-0|STL-000553-0,2,one_to_many,1,0,3132.05,0.019608,0.980392,0,0.875,0.955556,0.875,0.875,0,0.676123,1,1,1.0,0.213201,0,0,0,19,54,71,test,0
LED-000134,STL-000058-0|STL-000228-0,2,one_to_many,1,0,1975.26,0.01161,1.01161,2,0.105263,0.42381,0.105263,0.105263,0,0.0,0,0,0.230769,0.099015,0,0,0,22,47,67,train,0
LED-000134,STL-000058-0|STL-000259-0,2,one_to_many,1,0,1732.72,0.010184,0.989816,2,0.222222,0.413333,0.222222,0.222222,0,0.0,0,0,0.230769,0.083992,0,0,0,22,47,67,train,0
LED-000134,STL-000106-0|STL-000259-0,2,one_to_many,1,0,2411.62,0.014175,1.014175,3,0.222222,0.335088,0.222222,0.222222,0,0.0,0,0,0.230769,0.090722,0,0,0,22,27,47,train,0
LED-000134,STL-000075-0|STL-000160-0,2,one_to_many,1,0,399.29,0.002347,1.002347,3,0.181818,0.455556,0.181818,0.181818,0,0.0,0,0,0.230769,0.157135,0,0,0,22,37,57,train,0
LED-000134,STL-000221-0|STL-000259-0,2,one_to_many,1,0,2663.63,0.015656,1.015656,4,0.222222,0.493333,0.222222,0.222222,0,0.0,0,0,0.230769,0.188713,0,0,0,22,25,45,train,0
LED-000134,STL-000075-0|STL-000575-0,2,one_to_many,1,0,2988.64,0.017566,1.017566,0,0.181818,0.455556,0.222222,0.222222,0,0.0,0,0,0.230769,0.68853,0,0,0,22,38,58,train,0
LED-000134,STL-000075-0|STL-000106-0|STL-000221-0,3,one_to_many,1,0,2915.56,0.017137,0.982863,4,0.2,0.493333,0.2,0.2,0,0.0,0,0,0.230769,0.188713,0,0,0,22,37,57,train,0
LED-000135,STL-000389-1|STL-000461-0,2,one_to_many,1,0,541.63,0.0049,1.0049,2,0.296296,0.562719,0.296296,0.296296,0,0.099015,0,0,0.230769,0.73721,0,0,0,43,54,95,train,0
LED-000135,STL-000255-1|STL-000325-0|STL-000389-1,3,one_to_many,1,0,2010.23,0.018185,0.981815,3,0.296296,0.562719,0.296296,0.296296,0,0.099015,0,0,0.230769,0.73721,0,0,0,43,57,98,train,0
LED-000135,STL-000381-0|STL-000389-0|STL-000389-1,3,one_to_many,1,0,1199.19,0.010848,1.010848,2,0.296296,0.604701,0.352941,0.352941,0,0.099015,0,0,0.230769,0.73721,0,0,0,43,54,95,train,0
LED-000137,STL-000289-0|STL-000465-0,2,one_to_many,1,0,2691.48,0.014055,0.985945,4,1.0,1.0,1.0,1.0,1,1.0,0,0,0.307692,0.227508,0,0,0,29,85,112,train,0
LED-000137,STL-000369-0|STL-000412-0,2,one_to_many,1,0,434.03,0.002267,1.002267,0,0.228571,0.52,0.342857,0.342857,0,0.0,0,0,0.230769,0.652753,0,0,0,29,29,56,train,0
LED-000137,STL-000147-0|STL-000149-0|STL-000289-0,3,one_to_many,1,0,1612.64,0.008421,0.991579,3,0.275862,0.527485,0.333333,0.333333,0,0.0,0,0,0.384615,0.255377,0,0,0,29,85,112,train,0
LED-000137,STL-000147-0|STL-000196-0|STL-000289-0,3,one_to_many,1,0,1324.31,0.006916,0.993084,4,0.275862,0.527485,0.275862,0.275862,0,0.065938,0,0,0.384615,0.255377,0,0,0,29,89,116,train,0
LED-000137,STL-000149-0|STL-000196-0|STL-000376-0,3,one_to_many,1,0,3140.87,0.016402,0.983598,4,0.421053,0.614815,0.333333,0.333333,0,0.065938,0,0,0.307692,0.127688,0,0,0,29,89,116,train,0
LED-000137,STL-000149-0|STL-000246-0|STL-000472-0,3,one_to_many,1,0,2360.14,0.012325,1.012325,4,0.228571,0.502222,0.333333,0.333333,0,0.069007,0,0,0.0,0.652753,0,1,0,29,83,110,train,0
LED-000137,STL-000149-0|STL-000289-0|STL-000564-0,3,one_to_many,1,0,3950.24,0.020629,1.020629,3,0.275862,0.527485,0.333333,0.333333,0,0.0,0,0,0.307692,0.227508,0,0,0,29,85,112,train,0
LED-000137,STL-000196-0|STL-000246-0|STL-000472-0,3,one_to_many,1,0,2648.47,0.013831,1.013831,4,0.228571,0.516049,0.263158,0.263158,0,0.069007,0,0,0.307692,0.652753,0,0,0,29,89,116,train,0
LED-000137,STL-000196-0|STL-000289-0|STL-000564-0,3,one_to_many,1,0,4238.57,0.022134,1.022134,4,0.275862,0.527485,0.275862,0.275862,0,0.065938,0,0,0.307692,0.227508,0,0,0,29,89,116,train,0
LED-000137,STL-000246-0|STL-000289-0|STL-000564-0,3,one_to_many,1,0,1697.85,0.008866,0.991134,4,0.275862,0.527485,0.275862,0.275862,0,0.0,0,0,0.307692,0.652753,0,0,0,29,85,112,train,0
LED-000137,STL-000246-0|STL-000289-0|STL-000585-0,3,one_to_many,1,0,445.17,0.002325,0.997675,4,0.275862,0.527485,0.275862,0.275862,0,0.065938,0,0,0.307692,0.652753,0,0,0,29,85,112,train,0
LED-000138,STL-000284-0|STL-000584-0,2,one_to_many,1,0,828.22,0.008421,0.991579,2,0.242424,0.491758,0.242424,0.242424,0,0.087706,0,0,0.230769,0.638915,0,0,0,54,65,117,train,0
LED-000138,STL-000545-0|STL-000584-0,2,one_to_many,1,0,587.17,0.00597,0.99403,2,0.4,0.558817,0.4,0.4,0,0.087706,0,0,0.230769,0.688062,0,0,0,54,67,119,train,0
LED-000139,STL-000118-0|STL-000188-0,2,one_to_many,1,0,1007.65,0.0043,0.9957,2,0.137931,0.581197,0.137931,0.137931,0,0.0,0,0,0.230769,0.742308,0,0,0,42,68,108,train,0
LED-000139,STL-000138-0|STL-000152-0,2,one_to_many,1,0,3989.51,0.017023,1.017023,4,0.16,0.60101,0.24,0.24,0,0.0,0,0,0.230769,0.192879,0,0,0,42,59,99,train,0
LED-000139,STL-000152-0|STL-000263-0,2,one_to_many,1,0,2603.25,0.011108,1.011108,1,0.16,0.60101,0.24,0.24,0,0.0,0,0,0.230769,0.388922,0,0,0,42,59,99,train,0
LED-000139,STL-000152-0|STL-000598-0,2,one_to_many,1,0,582.37,0.002485,1.002485,0,0.25,0.60101,0.375,0.375,0,0.0,0,0,0.230769,0.192879,0,0,0,42,67,107,train,0
LED-000139,STL-000220-0|STL-000354-0,2,one_to_many,1,0,915.65,0.003907,1.003907,2,0.272727,0.590643,0.2,0.2,0,0.208514,0,0,0.230769,0.742308,0,0,0,42,51,91,train,0
LED-000139,STL-000220-0|STL-000358-0,2,one_to_many,1,0,2235.23,0.009538,1.009538,2,0.214286,0.595556,0.214286,0.214286,0,0.208514,0,0,0.230769,0.192879,0,0,0,42,71,111,train,0
LED-000139,STL-000099-0|STL-000354-1|STL-000598-0,3,one_to_many,1,0,5203.71,0.022204,1.022204,2,0.25,0.470085,0.375,0.375,0,0.0,0,0,0.230769,0.421332,0,0,0,42,67,107,train,0
LED-000139,STL-000118-0|STL-000152-0|STL-000263-0,3,one_to_many,1,0,4796.37,0.020466,1.020466,1,0.16,0.60101,0.24,0.24,0,0.0,0,0,0.230769,0.388922,0,0,0,42,68,108,train,0
LED-000139,STL-000118-0|STL-000152-0|STL-000598-0,3,one_to_many,1,0,2775.49,0.011843,1.011843,0,0.25,0.60101,0.375,0.375,0,0.0,0,0,0.230769,0.192879,0,0,0,42,68,108,train,0
LED-000139,STL-000118-0|STL-000220-0|STL-000354-0,3,one_to_many,1,0,3108.77,0.013265,1.013265,2,0.272727,0.590643,0.2,0.2,0,0.208514,0,0,0.230769,0.742308,0,0,0,42,68,108,train,0
LED-000139,STL-000118-0|STL-000220-0|STL-000354-2,3,one_to_many,1,0,4247.45,0.018123,0.981877,3,0.428571,0.616162,0.2,0.2,0,0.208514,0,0,0.230769,0.421332,0,0,0,42,68,108,train,0
LED-000139,STL-000118-0|STL-000220-0|STL-000358-0,3,one_to_many,1,0,4428.35,0.018895,1.018895,2,0.214286,0.595556,0.214286,0.214286,0,0.208514,0,0,0.230769,0.192879,0,0,0,42,71,111,train,0
LED-000139,STL-000138-0|STL-000248-0|STL-000354-1,3,one_to_many,1,0,4809.97,0.020524,1.020524,4,0.25,0.470085,0.125,0.125,0,0.0,0,0,0.230769,0.421332,0,0,0,42,54,94,train,0
LED-000139,STL-000138-0|STL-000263-0|STL-000354-0,3,one_to_many,1,0,3543.22,0.015119,1.015119,4,0.272727,0.60101,0.24,0.24,0,0.0,0,0,0.230769,0.742308,0,0,0,42,59,99,train,0
LED-000139,STL-000138-0|STL-000263-0|STL-000354-2,3,one_to_many,1,0,3813.0,0.01627,0.98373,4,0.428571,0.616162,0.24,0.24,0,0.0,0,0,0.230769,0.421332,0,0,0,42,59,99,train,0
LED-000139,STL-000138-0|STL-000263-0|STL-000358-0,3,one_to_many,1,0,4862.8,0.020749,1.020749,4,0.214286,0.60101,0.24,0.24,0,0.2,0,0,0.230769,0.388922,0,0,0,42,71,111,train,0
LED-000139,STL-000138-0|STL-000354-0|STL-000598-0,3,one_to_many,1,0,1522.34,0.006496,1.006496,4,0.272727,0.590643,0.375,0.375,0,0.0,0,0,0.230769,0.742308,0,0,0,42,67,107,train,0
LED-000139,STL-000138-0|STL-000358-0|STL-000598-0,3,one_to_many,1,0,2841.92,0.012126,1.012126,4,0.25,0.595556,0.375,0.375,0,0.2,0,0,0.230769,0.192879,0,0,0,42,71,111,train,0
LED-000139,STL-000152-0|STL-000354-0|STL-000358-0,3,one_to_many,1,0,219.04,0.000935,0.999065,2,0.272727,0.60101,0.24,0.24,0,0.2,0,0,0.230769,0.742308,0,0,0,42,71,111,train,0
LED-000139,STL-000248-0|STL-000263-0|STL-000354-1,3,one_to_many,1,0,3423.71,0.014609,1.014609,2,0.25,0.60101,0.24,0.24,0,0.0,0,0,0.230769,0.421332,0,0,0,42,59,99,train,0
LED-000139,STL-000248-0|STL-000354-1|STL-000598-0,3,one_to_many,1,0,1402.83,0.005986,1.005986,2,0.25,0.470085,0.375,0.375,0,0.0,0,0,0.230769,0.421332,0,0,0,42,67,107,train,0
LED-000139,STL-000263-0|STL-000354-0|STL-000598-0,3,one_to_many,1,0,136.08,0.000581,1.000581,2,0.272727,0.60101,0.375,0.375,0,0.0,0,0,0.230769,0.742308,0,0,0,42,67,107,train,0
LED-000139,STL-000263-0|STL-000358-0|STL-000598-0,3,one_to_many,1,0,1455.66,0.006211,1.006211,1,0.25,0.60101,0.375,0.375,0,0.2,0,0,0.230769,0.388922,0,0,0,42,71,111,train,0
LED-000140,STL-000367-0|STL-000462-0|STL-000517-0,3,one_to_many,1,0,741.18,0.007363,0.992637,3,1.0,1.0,1.0,1.0,1,1.0,0,0,0.307692,0.244949,0,0,0,16,21,35,train,0
LED-000146,STL-000027-0|STL-000156-0,2,one_to_many,1,0,4789.95,0.020954,1.020954,4,0.275862,0.521645,0.275862,0.275862,0,0.0,0,0,0.230769,0.116052,0,0,0,22,26,46,train,0
LED-000146,STL-000027-0|STL-000180-0,2,one_to_many,1,0,396.51,0.001735,1.001735,4,0.275862,0.521645,0.275862,0.275862,0,0.0,0,0,0.230769,0.07785,0,0,0,22,33,53,train,0
LED-000146,STL-000180-0|STL-000494-0,2,one_to_many,1,0,2271.48,0.009937,1.009937,2,0.244898,0.551627,0.326531,0.326531,0,0.0,0,0,0.230769,0.781736,0,0,0,22,35,55,train,0
LED-000146,STL-000004-0|STL-000027-0|STL-000538-0,3,one_to_many,1,0,5293.44,0.023156,0.976844,4,0.285714,0.549224,0.380952,0.380952,0,0.034922,0,0,0.230769,0.082061,0,0,0,22,29,49,train,0
LED-000146,STL-000004-0|STL-000027-0|STL-000539-0,3,one_to_many,1,0,3849.01,0.016838,0.983162,4,0.285714,0.589355,0.4,0.4,0,0.0,0,0,0.230769,0.14927,0,0,0,22,29,49,train,0
LED-000146,STL-000004-0|STL-000494-0|STL-000538-0,3,one_to_many,1,0,3418.47,0.014954,0.985046,4,0.285714,0.551627,0.380952,0.380952,0,0.034922,0,0,0.230769,0.781736,0,0,0,22,35,55,train,0
LED-000146,STL-000004-0|STL-000494-0|STL-000539-0,3,one_to_many,1,0,1974.04,0.008636,0.991364,4,0.285714,0.589355,0.4,0.4,0,0.0,0,0,0.230769,0.781736,0,0,0,22,35,55,train,0
LED-000147,STL-000239-0|STL-000289-0,2,one_to_many,1,0,298.71,0.002392,1.002392,4,0.166667,0.335088,0.166667,0.166667,0,0.0,0,0,0.307692,0.199205,0,0,0,41,85,124,train,0
LED-000147,STL-000037-0|STL-000196-0|STL-000239-0,3,one_to_many,1,0,2371.44,0.018987,0.981013,4,1.0,1.0,1.0,1.0,1,1.0,0,0,0.307692,0.199205,0,0,0,41,89,128,train,0
LED-000147,STL-000246-0|STL-000361-0|STL-000436-0,3,one_to_many,1,0,346.55,0.002775,0.997225,3,0.363636,0.577778,0.363636,0.363636,0,0.0,0,0,0.230769,0.075593,0,0,0,41,83,122,train,0
LED-000148,STL-000068-0|STL-000168-0,2,one_to_many,1,0,4005.42,0.016178,0.983822,1,0.680851,0.703476,0.638298,0.727273,0,0.556349,0,0,0.0,0.19146,0,1,0,112,179,289,train,0
LED-000148,STL-000068-0|STL-000342-0,2,one_to_many,1,0,2643.75,0.010678,0.989322,1,0.680851,0.703476,0.638298,0.727273,0,0.556349,0,0,0.230769,0.127,0,0,0,112,179,289,train,0
LED-000148,STL-000073-0|STL-000540-0,2,one_to_many,1,0,3650.71,0.014745,1.014745,3,0.242424,0.491758,0.242424,0.242424,0,0.087706,0,0,0.0,0.146647,0,1,0,112,79,189,train,0
LED-000148,STL-000102-0|STL-000386-0,2,one_to_many,1,0,4339.73,0.017528,0.982472,3,0.418605,0.611362,0.372093,0.372093,0,0.0,0,0,0.230769,0.183309,0,0,0,112,122,232,train,0
LED-000148,STL-000102-0|STL-000423-0,2,one_to_many,1,0,1071.04,0.004326,1.004326,3,0.418605,0.611362,0.372093,0.372093,0,0.050637,0,0,0.307692,0.254,0,0,0,112,105,215,train,0
LED-000148,STL-000300-0|STL-000423-1,2,one_to_many,1,0,2687.72,0.010856,1.010856,2,0.418605,0.611362,0.372093,0.372093,0,0.050637,0,0,0.0,0.806559,0,1,0,112,120,230,train,0
LED-000148,STL-000029-0|STL-000068-0|STL-000386-0,3,one_to_many,1,0,1092.96,0.004415,1.004415,3,0.680851,0.703476,0.638298,0.727273,0,0.556349,0,0,0.230769,0.769897,0,0,0,112,179,289,train,0
LED-000148,STL-000068-0|STL-000168-0|STL-000200-0,3,one_to_many,1,0,1934.98,0.007816,0.992184,1,0.680851,0.703476,0.638298,0.727273,0,0.556349,0,0,0.230769,0.19146,0,0,0,112,179,289,train,0
LED-000148,STL-000068-0|STL-000168-0|STL-000200-1,3,one_to_many,1,0,2485.42,0.010039,0.989961,2,0.680851,0.703476,0.638298,0.727273,0,0.556349,0,0,0.230769,0.19146,0,0,0,112,179,289,train,0
LED-000148,STL-000068-0|STL-000168-0|STL-000200-2,3,one_to_many,1,0,1999.29,0.008075,0.991925,1,0.680851,0.703476,0.638298,0.727273,0,0.556349,0,0,0.230769,0.769897,0,0,0,112,179,289,train,0
LED-000148,STL-000068-0|STL-000168-0|STL-000206-0,3,one_to_many,1,0,5575.61,0.02252,1.02252,1,0.680851,0.703476,0.638298,0.727273,0,0.556349,0,0,0.0,0.19146,0,1,0,112,179,289,train,0
LED-000148,STL-000068-0|STL-000200-0|STL-000342-0,3,one_to_many,1,0,573.31,0.002316,0.997684,1,0.680851,0.703476,0.638298,0.727273,0,0.556349,0,0,0.230769,0.146647,0,0,0,112,179,289,train,0
LED-000148,STL-000068-0|STL-000200-1|STL-000342-0,3,one_to_many,1,0,1123.75,0.004539,0.995461,2,0.680851,0.703476,0.638298,0.727273,0,0.556349,0,0,0.230769,0.127,0,0,0,112,179,289,train,0
LED-000148,STL-000068-0|STL-000200-2|STL-000342-0,3,one_to_many,1,0,637.62,0.002575,0.997425,1,0.680851,0.703476,0.638298,0.727273,0,0.556349,0,0,0.230769,0.769897,0,0,0,112,179,289,train,0
LED-000148,STL-000068-0|STL-000423-1|STL-000540-0,3,one_to_many,1,0,5104.74,0.020618,1.020618,2,0.680851,0.703476,0.638298,0.727273,0,0.556349,0,0,0.0,0.806559,0,1,0,112,179,289,train,0
LED-000148,STL-000073-0|STL-000200-0|STL-000540-0,3,one_to_many,1,0,5721.15,0.023108,1.023108,3,0.242424,0.514652,0.242424,0.242424,0,0.087706,0,0,0.230769,0.146647,0,0,0,112,175,285,train,0
LED-000148,STL-000073-0|STL-000200-1|STL-000540-0,3,one_to_many,1,0,5170.71,0.020885,1.020885,3,0.242424,0.514652,0.242424,0.242424,0,0.087706,0,0,0.230769,0.146647,0,0,0,112,173,283,train,0
LED-000148,STL-000073-0|STL-000200-2|STL-000540-0,3,one_to_many,1,0,5656.84,0.022848,1.022848,3,0.242424,0.525641,0.242424,0.242424,0,0.087706,0,0,0.230769,0.769897,0,0,0,112,178,288,train,0
LED-000148,STL-000073-0|STL-000386-0|STL-000423-1,3,one_to_many,1,0,1937.83,0.007827,1.007827,3,0.418605,0.611362,0.372093,0.372093,0,0.087706,0,0,0.230769,0.806559,0,0,0,112,122,232,train,0
LED-000148,STL-000102-0|STL-000200-0|STL-000386-0,3,one_to_many,1,0,2269.29,0.009166,0.990834,3,0.418605,0.611362,0.372093,0.372093,0,0.0,0,0,0.230769,0.183309,0,0,0,112,175,285,train,0
LED-000148,STL-000102-0|STL-000200-0|STL-000423-0,3,one_to_many,1,0,3141.48,0.012689,1.012689,3,0.418605,0.611362,0.372093,0.372093,0,0.050637,0,0,0.307692,0.254,0,0,0,112,175,285,train,0
LED-000148,STL-000102-0|STL-000200-1|STL-000386-0,3,one_to_many,1,0,2819.73,0.011389,0.988611,3,0.418605,0.611362,0.372093,0.372093,0,0.0,0,0,0.230769,0.183309,0,0,0,112,173,283,train,0
LED-000148,STL-000102-0|STL-000200-1|STL-000423-0,3,one_to_many,1,0,2591.04,0.010465,1.010465,3,0.418605,0.611362,0.372093,0.372093,0,0.050637,0,0,0.307692,0.254,0,0,0,112,173,283,train,0
LED-000148,STL-000102-0|STL-000200-2|STL-000386-0,3,one_to_many,1,0,2333.6,0.009426,0.990574,3,0.418605,0.611362,0.372093,0.372093,0,0.0,0,0,0.230769,0.769897,0,0,0,112,178,288,train,0
LED-000148,STL-000102-0|STL-000200-2|STL-000423-0,3,one_to_many,1,0,3077.17,0.012429,1.012429,3,0.418605,0.611362,0.372093,0.372093,0,0.050637,0,0,0.307692,0.769897,0,0,0,112,178,288,train,0
LED-000148,STL-000102-0|STL-000206-0|STL-000386-0,3,one_to_many,1,0,5241.3,0.02117,1.02117,3,0.418605,0.611362,0.372093,0.372093,0,0.0,0,0,0.230769,0.183309,0,0,0,112,137,247,train,0
LED-000148,STL-000168-0|STL-000206-0|STL-000423-0,3,one_to_many,1,0,4132.3,0.016691,0.983309,3,0.418605,0.611362,0.372093,0.372093,0,0.085592,0,0,0.307692,0.254,0,0,0,112,137,247,train,0
LED-000148,STL-000200-0|STL-000300-0|STL-000423-1,3,one_to_many,1,0,4758.16,0.019218,1.019218,2,0.418605,0.611362,0.372093,0.372093,0,0.050637,0,0,0.230769,0.806559,0,0,0,112,175,285,train,0
LED-000148,STL-000200-1|STL-000300-0|STL-000423-1,3,one_to_many,1,0,4207.72,0.016995,1.016995,2,0.418605,0.611362,0.372093,0.372093,0,0.050637,0,0,0.230769,0.806559,0,0,0,112,173,283,train,0
LED-000148,STL-000200-2|STL-000300-0|STL-000423-1,3,one_to_many,1,0,4693.85,0.018959,1.018959,2,0.418605,0.611362,0.372093,0.372093,0,0.050637,0,0,0.230769,0.806559,0,0,0,112,178,288,train,0
LED-000148,STL-000206-0|STL-000265-0|STL-000423-1,3,one_to_many,1,0,1753.74,0.007083,0.992917,3,0.418605,0.611362,0.372093,0.372093,0,0.087706,0,0,0.230769,0.806559,0,0,0,112,137,247,train,0
LED-000148,STL-000206-0|STL-000342-0|STL-000423-0,3,one_to_many,1,0,2770.63,0.011191,0.988809,3,0.418605,0.617949,0.372093,0.372093,0,0.065372,0,0,0.307692,0.254,0,0,0,112,137,247,train,0
LED-000148,STL-000206-0|STL-000423-1|STL-000595-0,3,one_to_many,1,0,1689.49,0.006824,0.993176,4,0.418605,0.611362,0.372093,0.372093,0,0.050637,0,0,0.230769,0.806559,0,0,0,112,137,247,train,0
LED-000148,STL-000265-0|STL-000386-0|STL-000423-0,3,one_to_many,1,0,2832.03,0.011439,0.988561,3,0.418605,0.611362,0.372093,0.372093,0,0.087706,0,0,0.307692,0.254,0,0,0,112,122,232,train,0
LED-000148,STL-000386-0|STL-000423-0|STL-000595-0,3,one_to_many,1,0,2767.78,0.011179,0.988821,4,0.418605,0.611362,0.372093,0.372093,0,0.050637,0,0,0.307692,0.254,0,0,0,112,122,232,train,0
LED-000148,STL-000423-0|STL-000423-1|STL-000540-0,3,one_to_many,1,0,4603.17,0.018592,0.981408,3,0.418605,0.611362,0.372093,0.372093,0,0.087706,0,0,0.307692,0.806559,0,0,0,112,120,230,train,0
LED-000151,STL-000036-0|STL-000081-0,2,one_to_many,1,0,664.54,0.008849,1.008849,2,0.333333,0.561905,0.333333,0.333333,0,0.0,0,0,0.230769,0.769897,0,0,0,47,109,154,train,0
LED-000151,STL-000081-0|STL-000116-0,2,one_to_many,1,0,939.15,0.012506,0.987494,4,0.272727,0.592157,0.272727,0.272727,0,0.0,0,0,0.230769,0.769897,0,0,0,47,109,154,train,0
LED-000151,STL-000081-0|STL-000531-0,2,one_to_many,1,0,1228.98,0.016365,1.016365,4,0.121212,0.32381,0.121212,0.121212,0,0.0,0,0,0.230769,0.769897,0,0,0,47,109,154,train,0
LED-000156,STL-000004-0|STL-000082-0|STL-000538-0,3,one_to_many,1,0,1414.14,0.021074,1.021074,4,0.333333,0.561905,0.333333,0.333333,0,0.0,0,0,0.230769,0.742308,0,0,0,30,30,58,train,0
LED-000161,STL-000161-0|STL-000301-0,2,one_to_many,1,0,2221.62,0.02432,1.02432,3,1.0,1.0,1.0,1.0,1,1.0,0,0,0.0,0.219971,0,1,0,30,65,93,train,0
LED-000161,STL-000161-0|STL-000513-0,2,one_to_many,1,0,544.67,0.005963,1.005963,0,1.0,1.0,1.0,1.0,1,1.0,0,0,0.0,0.254,0,1,0,30,65,93,train,0
LED-000161,STL-000301-0|STL-000459-0,2,one_to_many,1,0,427.53,0.00468,1.00468,3,0.603774,0.612143,0.603774,0.648649,0,0.511208,0,0,0.307692,0.296334,0,0,0,30,60,88,train,0
LED-000161,STL-000459-0|STL-000513-0,2,one_to_many,1,0,1249.42,0.013677,0.986323,2,0.588235,0.692991,0.588235,0.648649,0,0.509902,0,0,0.307692,0.296334,0,0,0,30,56,84,train,0
LED-000161,STL-000161-0|STL-000161-1|STL-000161-2,3,one_to_many,1,0,138.87,0.00152,0.99848,0,1.0,1.0,1.0,1.0,1,1.0,1,1,1.0,0.277219,0,0,0,30,74,102,train,1
LED-000161,STL-000161-1|STL-000161-2|STL-000459-0,3,one_to_many,1,0,1932.96,0.02116,0.97884,2,1.0,1.0,1.0,1.0,1,1.0,1,1,1.0,0.296334,0,0,0,30,74,102,train,0
LED-000163,STL-000276-0|STL-000288-0,2,one_to_many,1,0,3623.29,0.018326,0.981674,2,0.307692,0.571429,0.358974,0.358974,0,0.09759,0,0,0.230769,0.707107,0,0,0,25,39,62,val,0
LED-000166,STL-000041-0|STL-000495-0,2,one_to_many,1,0,319.08,0.001767,0.998233,3,1.0,1.0,1.0,1.0,1,1.0,0,0,0.230769,0.0,0,0,0,9,50,57,train,0
LED-000166,STL-000524-0|STL-000532-0,2,one_to_many,1,0,863.19,0.004781,0.995219,4,0.457143,0.602397,0.285714,0.285714,0,0.0,0,0,0.230769,0.443039,0,0,0,9,72,79,train,0
LED-000168,STL-000068-0|STL-000073-0,2,one_to_many,1,0,1067.53,0.005675,0.994325,2,0.421053,0.647993,0.421053,0.421053,0,0.0,0,0,0.0,0.136505,0,1,0,87,179,264,train,0
LED-000168,STL-000168-0|STL-000200-0,2,one_to_many,1,0,2070.24,0.011005,1.011005,0,0.809524,0.936,0.809524,1.0,0,0.788811,0,0,0.230769,0.311188,0,0,0,87,175,260,train,0
LED-000168,STL-000168-0|STL-000200-1,2,one_to_many,1,0,1519.8,0.008079,1.008079,1,0.809524,0.936,0.809524,1.0,0,0.788811,0,0,0.230769,0.311188,0,0,0,87,173,258,train,0
LED-000168,STL-000168-0|STL-000200-2,2,one_to_many,1,0,2005.93,0.010663,1.010663,0,0.809524,0.936,0.809524,1.0,0,0.788811,0,0,0.230769,0.311188,0,0,0,87,178,263,train,0
LED-000168,STL-000068-0|STL-000073-0|STL-000200-0,3,one_to_many,1,0,1002.91,0.005331,1.005331,2,0.421053,0.647993,0.421053,0.421053,0,0.0,0,0,0.230769,0.136505,0,0,0,87,179,264,train,0
LED-000168,STL-000068-0|STL-000073-0|STL-000200-1,3,one_to_many,1,0,452.47,0.002405,1.002405,2,0.421053,0.647993,0.421053,0.421053,0,0.0,0,0,0.230769,0.136505,0,0,0,87,179,264,train,0
LED-000168,STL-000068-0|STL-000073-0|STL-000200-2,3,one_to_many,1,0,938.6,0.004989,1.004989,2,0.421053,0.647993,0.421053,0.421053,0,0.0,0,0,0.230769,0.136505,0,0,0,87,179,264,train,0
LED-000168,STL-000068-0|STL-000081-0|STL-000540-0,3,one_to_many,1,0,436.14,0.002318,0.997682,4,0.421053,0.647993,0.421053,0.421053,0,0.04714,0,0,0.230769,0.136505,0,0,0,87,179,264,train,0
LED-000168,STL-000073-0|STL-000081-0|STL-000386-0,3,one_to_many,1,0,3603.05,0.019153,0.980847,4,0.941176,0.988235,0.941176,0.941176,0,0.733333,0,0,0.230769,0.127688,0,0,0,87,122,207,train,0
LED-000168,STL-000073-0|STL-000081-0|STL-000423-0,3,one_to_many,1,0,1807.72,0.009609,1.009609,4,1.0,1.0,1.0,1.0,1,1.0,0,0,0.307692,0.147442,0,0,0,87,109,194,train,0
LED-000168,STL-000081-0|STL-000151-0|STL-000427-0,3,one_to_many,1,0,2261.15,0.01202,1.01202,4,0.355556,0.614792,0.4,0.4,0,0.04714,0,0,0.230769,0.170251,0,0,0,87,109,194,train,0
LED-000168,STL-000151-0|STL-000386-0|STL-000423-1,3,one_to_many,1,0,3181.79,0.016914,1.016914,4,1.0,1.0,1.0,1.0,1,1.0,0,0,0.230769,0.127688,0,0,0,87,122,207,train,0
LED-000168,STL-000168-0|STL-000200-0|STL-000200-1,3,one_to_many,1,0,3590.24,0.019085,1.019085,1,0.809524,0.936,0.809524,1.0,0,0.788811,0,0,0.230769,0.311188,0,0,0,87,175,260,train,0
LED-000168,STL-000168-0|STL-000200-0|STL-000200-2,3,one_to_many,1,0,4076.37,0.021669,1.021669,0,0.809524,0.936,0.809524,1.0,0,0.788811,0,0,0.230769,0.311188,0,0,0,87,178,263,train,0
LED-000168,STL-000168-0|STL-000200-1|STL-000200-2,3,one_to_many,1,0,3525.93,0.018743,1.018743,1,0.809524,0.936,0.809524,1.0,0,0.788811,0,0,0.230769,0.311188,0,0,0,87,178,263,train,0
LED-000168,STL-000200-0|STL-000423-1|STL-000427-0,3,one_to_many,1,0,4036.28,0.021456,0.978544,4,1.0,1.0,1.0,1.0,1,1.0,0,0,0.230769,0.170251,0,0,0,87,175,260,train,0
LED-000168,STL-000200-1|STL-000423-1|STL-000427-0,3,one_to_many,1,0,4586.72,0.024382,0.975618,4,1.0,1.0,1.0,1.0,1,1.0,0,0,0.230769,0.170251,0,0,0,87,173,258,train,0
LED-000168,STL-000200-2|STL-000423-1|STL-000427-0,3,one_to_many,1,0,4100.59,0.021798,0.978202,4,1.0,1.0,1.0,1.0,1,1.0,0,0,0.230769,0.170251,0,0,0,87,178,263,train,0
LED-000168,STL-000386-0|STL-000423-0|STL-000427-0,3,one_to_many,1,0,2396.02,0.012737,1.012737,4,1.0,1.0,1.0,1.0,1,1.0,0,0,0.307692,0.170251,0,0,0,87,122,207,train,0
LED-000170,STL-000419-0|STL-000487-0,2,one_to_many,1,0,3051.57,0.023882,1.023882,2,0.235294,0.433333,0.25,0.25,0,0.0,0,0,0.230769,0.742308,0,0,0,11,34,43,train,0
LED-000170,STL-000487-0|STL-000516-2,2,one_to_many,1,0,2734.68,0.021402,0.978598,1,0.235294,0.433333,0.133333,0.133333,0,0.0,0,0,0.230769,0.486153,0,0,0,11,34,43,train,0
LED-000170,STL-000487-0|STL-000516-0|STL-000548-0,3,one_to_many,1,0,3211.25,0.025131,1.025131,1,0.235294,0.433333,0.193548,0.193548,0,0.0,0,0,0.230769,0.742308,0,0,0,11,34,43,train,0
LED-000173,STL-000103-0|STL-000186-0,2,one_to_many,1,0,1712.26,0.012629,1.012629,3,0.296296,0.574481,0.37037,0.37037,0,0.0,0,0,0.0,0.130931,0,1,0,28,105,131,train,0
LED-000173,STL-000103-0|STL-000399-0,2,one_to_many,1,0,2881.87,0.021256,0.978744,3,0.444444,0.603938,0.444444,0.444444,0,0.0,0,0,0.230769,0.130931,0,0,0,28,105,131,train,0
LED-000173,STL-000103-0|STL-000521-0,2,one_to_many,1,0,3043.08,0.022445,0.977555,3,0.444444,0.603938,0.444444,0.444444,0,0.0,0,0,0.230769,0.04714,0,0,0,28,105,131,train,0
LED-000173,STL-000399-1|STL-000469-0,2,one_to_many,1,0,3403.39,0.025103,1.025103,3,0.444444,0.603938,0.444444,0.444444,0,0.0,0,0,0.230769,0.130931,0,0,0,28,125,151,train,0
LED-000176,STL-000176-0|STL-000176-1|STL-000176-2,3,one_to_many,1,0,741.3,0.004226,0.995774,1,1.0,1.0,1.0,1.0,1,1.0,1,1,1.0,0.326599,0,0,0,84,67,149,val,1
LED-000181,STL-000001-0|STL-000179-0,2,one_to_many,1,0,62.63,0.000482,1.000482,4,0.129032,0.460684,0.129032,0.129032,0,0.0,0,0,0.307692,0.68853,0,0,0,47,63,108,train,0
LED-000181,STL-000001-0|STL-000390-0|STL-000532-0,3,one_to_many,1,0,1611.85,0.012405,1.012405,4,0.363636,0.577778,0.363636,0.363636,0,0.0,0,0,0.230769,0.68853,0,0,0,47,72,117,train,0
LED-000181,STL-000076-0|STL-000179-0|STL-000390-0,3,one_to_many,1,0,169.82,0.001307,1.001307,4,0.333333,0.561905,0.333333,0.333333,0,0.0,0,0,0.307692,0.176604,0,0,0,47,64,109,train,0
LED-000184,STL-000083-0|STL-000436-0,2,one_to_many,1,0,2265.62,0.010687,1.010687,3,0.166667,0.406433,0.166667,0.166667,0,0.0,0,0,0.307692,0.73721,0,0,0,59,52,109,train,0
LED-000184,STL-000239-0|STL-000465-0,2,one_to_many,1,0,2373.44,0.011196,1.011196,3,1.0,1.0,1.0,1.0,1,1.0,0,0,0.0,0.688062,0,1,0,59,44,101,train,0
LED-000184,STL-000239-0|STL-000585-0,2,one_to_many,1,0,4903.03,0.023128,0.976872,3,1.0,1.0,1.0,1.0,1,1.0,0,0,0.230769,0.688062,0,0,0,59,44,101,train,0
LED-000184,STL-000289-0|STL-000376-0,2,one_to_many,1,0,4459.49,0.021036,0.978964,1,1.0,1.0,1.0,1.0,1,1.0,0,0,0.230769,0.255377,0,0,0,59,85,142,train,0
LED-000184,STL-000037-0|STL-000092-0|STL-000376-0,3,one_to_many,1,0,786.13,0.003708,1.003708,4,0.307692,0.593985,0.230769,0.230769,0,0.108465,0,0,0.230769,0.255377,0,0,0,59,57,114,train,0
LED-000184,STL-000037-0|STL-000289-0|STL-000522-0,3,one_to_many,1,0,1002.21,0.004727,0.995273,3,1.0,1.0,1.0,1.0,1,1.0,0,0,0.230769,0.045502,0,0,0,59,85,142,train,0
LED-000184,STL-000037-0|STL-000289-0|STL-000585-0,3,one_to_many,1,0,1214.15,0.005727,1.005727,3,1.0,1.0,1.0,1.0,1,1.0,0,0,0.230769,0.045502,0,0,0,59,85,142,train,0
LED-000184,STL-000037-0|STL-000361-0|STL-000376-0,3,one_to_many,1,0,3321.4,0.015667,1.015667,3,0.45,0.639548,0.45,0.45,0,0.0,0,0,0.230769,0.255377,0,0,0,59,57,114,train,0
LED-000184,STL-000083-0|STL-000196-0|STL-000239-0,3,one_to_many,1,0,3987.86,0.018811,1.018811,3,1.0,1.0,1.0,1.0,1,1.0,0,0,0.307692,0.73721,0,0,0,59,89,146,train,0
LED-000184,STL-000083-0|STL-000239-0|STL-000246-0,3,one_to_many,1,0,1948.56,0.009192,0.990808,3,1.0,1.0,1.0,1.0,1,1.0,0,0,0.307692,0.73721,0,0,0,59,83,140,train,0
LED-000184,STL-000083-0|STL-000239-0|STL-000246-1,3,one_to_many,1,0,2952.13,0.013925,1.013925,3,1.0,1.0,1.0,1.0,1,1.0,0,0,0.307692,0.73721,0,0,0,59,55,112,train,0
LED-000184,STL-000092-0|STL-000289-0|STL-000465-0,3,one_to_many,1,0,179.7,0.000848,1.000848,4,1.0,1.0,1.0,1.0,1,1.0,0,0,0.230769,0.255377,0,0,0,59,85,142,train,0
LED-000184,STL-000092-0|STL-000361-0|STL-000376-0,3,one_to_many,1,0,4989.52,0.023536,0.976464,4,0.45,0.639548,0.45,0.45,0,0.108465,0,0,0.230769,0.255377,0,0,0,59,55,112,train,0
LED-000184,STL-000239-0|STL-000246-0|STL-000522-0,3,one_to_many,1,0,2403.39,0.011337,1.011337,3,1.0,1.0,1.0,1.0,1,1.0,0,0,0.230769,0.688062,0,0,0,59,83,140,train,0
LED-000184,STL-000239-0|STL-000246-0|STL-000585-0,3,one_to_many,1,0,4619.75,0.021792,1.021792,3,1.0,1.0,1.0,1.0,1,1.0,0,0,0.230769,0.688062,0,0,0,59,83,140,train,0
LED-000184,STL-000239-0|STL-000289-0|STL-000436-0,3,one_to_many,1,0,2324.26,0.010964,1.010964,3,1.0,1.0,1.0,1.0,1,1.0,0,0,0.230769,0.688062,0,0,0,59,85,142,train,0
LED-000184,STL-000246-0|STL-000289-0|STL-000376-0,3,one_to_many,1,0,5063.29,0.023884,1.023884,1,1.0,1.0,1.0,1.0,1,1.0,0,0,0.230769,0.255377,0,0,0,59,85,142,train,0
LED-000184,STL-000289-0|STL-000361-0|STL-000465-0,3,one_to_many,1,0,2714.97,0.012807,1.012807,2,1.0,1.0,1.0,1.0,1,1.0,0,0,0.230769,0.045502,0,0,0,59,85,142,train,0
LED-000184,STL-000289-0|STL-000361-0|STL-000585-0,3,one_to_many,1,0,4561.5,0.021517,0.978483,2,1.0,1.0,1.0,1.0,1,1.0,0,0,0.230769,0.045502,0,0,0,59,85,142,train,0
LED-000188,STL-000220-0|STL-000354-0,2,one_to_many,1,0,4109.39,0.017777,1.017777,1,0.307692,0.528822,0.307692,0.307692,0,0.0,0,0,0.230769,0.45542,0,0,0,33,51,82,train,0
LED-000188,STL-000220-0|STL-000354-2,2,one_to_many,1,0,3246.83,0.014045,0.985955,2,0.222222,0.489177,0.176471,0.176471,0,0.0,0,0,0.230769,0.818096,0,0,0,33,52,83,train,0
LED-000188,STL-000220-0|STL-000358-0,2,one_to_many,1,0,5428.97,0.023485,1.023485,1,0.25,0.410476,0.25,0.25,0,0.0,0,0,0.230769,0.273861,0,0,0,33,71,102,train,0
LED-000188,STL-000099-0|STL-000354-0|STL-000584-0,3,one_to_many,1,0,1801.55,0.007793,1.007793,4,0.307692,0.528822,0.307692,0.307692,0,0.0,0,0,0.230769,0.45542,0,0,0,33,51,82,train,0
LED-000188,STL-000099-0|STL-000354-2|STL-000584-0,3,one_to_many,1,0,5554.67,0.024029,0.975971,4,0.222222,0.497619,0.171429,0.171429,0,0.0,0,0,0.230769,0.818096,0,0,0,33,52,83,train,0
LED-000188,STL-000099-0|STL-000358-0|STL-000584-0,3,one_to_many,1,0,3121.13,0.013502,1.013502,4,0.25,0.497619,0.25,0.25,0,0.0,0,0,0.230769,0.243432,0,0,0,33,71,102,train,0
LED-000188,STL-000138-0|STL-000263-0|STL-000354-2,3,one_to_many,1,0,619.26,0.002679,0.997321,3,0.3,0.489177,0.206897,0.206897,0,0.0,0,0,0.230769,0.818096,0,0,0,33,59,90,train,0
LED-000188,STL-000248-0|STL-000354-0|STL-000584-0,3,one_to_many,1,0,1999.33,0.008649,0.991351,4,0.307692,0.528822,0.307692,0.307692,0,0.0,0,0,0.230769,0.45542,0,0,0,33,51,82,train,0
LED-000188,STL-000248-0|STL-000358-0|STL-000584-0,3,one_to_many,1,0,679.75,0.00294,0.99706,4,0.25,0.477513,0.25,0.25,0,0.0,0,0,0.230769,0.243432,0,0,0,33,71,102,train,0
LED-000190,STL-000190-0|STL-000200-0,2,one_to_many,1,0,1349.12,0.010559,1.010559,2,0.941176,0.988235,0.941176,0.941176,0,0.751469,1,1,1.0,0.292353,0,0,0,86,175,259,train,0
LED-000190,STL-000190-0|STL-000200-1,2,one_to_many,1,0,798.68,0.006251,1.006251,3,0.941176,0.988235,0.941176,0.941176,0,0.751469,1,1,1.0,0.45542,0,0,0,86,173,257,train,0
LED-000190,STL-000190-0|STL-000200-2,2,one_to_many,1,0,1284.81,0.010056,1.010056,2,0.941176,0.988235,0.941176,0.941176,0,0.751469,1,1,1.0,0.292353,0,0,0,86,178,262,train,0
LED-000190,STL-000206-0|STL-000540-0,2,one_to_many,1,0,1452.82,0.011371,1.011371,3,0.333333,0.535014,0.333333,0.333333,0,0.0,0,0,0.0,0.843662,0,1,0,86,137,221,train,0
LED-000190,STL-000190-0|STL-000200-0|STL-000200-1,3,one_to_many,1,0,2869.12,0.022456,1.022456,3,0.941176,0.988235,0.941176,0.941176,0,0.751469,1,1,1.0,0.45542,0,0,0,86,175,259,train,0
LED-000190,STL-000190-0|STL-000200-1|STL-000200-2,3,one_to_many,1,0,2804.81,0.021952,1.021952,3,0.941176,0.988235,0.941176,0.941176,0,0.751469,1,1,1.0,0.45542,0,0,0,86,178,262,train,0
LED-000190,STL-000200-0|STL-000423-0|STL-000423-1,3,one_to_many,1,0,2359.88,0.01847,0.98153,4,0.411765,0.643494,0.411765,0.411765,0,0.133333,0,0,0.230769,0.121716,0,0,0,86,175,259,train,0
LED-000190,STL-000200-1|STL-000206-0|STL-000540-0,3,one_to_many,1,0,2972.82,0.023267,1.023267,3,0.333333,0.535014,0.333333,0.333333,0,0.0,0,0,0.230769,0.843662,0,0,0,86,173,257,train,0
LED-000190,STL-000200-1|STL-000423-0|STL-000423-1,3,one_to_many,1,0,2910.32,0.022778,0.977222,4,0.411765,0.643494,0.411765,0.411765,0,0.133333,0,0,0.230769,0.45542,0,0,0,86,173,257,train,0
LED-000190,STL-000200-2|STL-000423-0|STL-000423-1,3,one_to_many,1,0,2424.19,0.018973,0.981027,4,0.411765,0.643494,0.411765,0.411765,0,0.133333,0,0,0.230769,0.091287,0,0,0,86,178,262,train,0
LED-000190,STL-000206-0|STL-000386-0|STL-000423-1,3,one_to_many,1,0,260.06,0.002035,0.997965,4,0.411765,0.643494,0.411765,0.411765,0,0.133333,0,0,0.230769,0.843662,0,0,0,86,137,221,train,0
LED-000192,STL-000053-0|STL-000206-0,2,one_to_many,1,0,429.11,0.003417,0.996583,2,0.333333,0.555556,0.333333,0.333333,0,0.074125,0,0,0.307692,0.255377,0,0,0,114,137,249,train,0
LED-000192,STL-000068-0|STL-000103-0,2,one_to_many,1,0,1508.47,0.012012,1.012012,3,0.2,0.484127,0.272727,0.272727,0,0.0,0,0,0.0,0.03576,0,1,0,114,179,291,train,0
LED-000192,STL-000192-0|STL-000200-0,2,one_to_many,1,0,2070.29,0.016485,1.016485,3,1.0,1.0,1.0,1.0,1,1.0,1,1,1.0,0.835504,0,0,0,114,175,287,train,0
LED-000192,STL-000192-0|STL-000200-1,2,one_to_many,1,0,1519.85,0.012102,1.012102,4,1.0,1.0,1.0,1.0,1,1.0,1,1,1.0,0.835504,0,0,0,114,173,285,train,0
LED-000192,STL-000192-0|STL-000200-2,2,one_to_many,1,0,2005.98,0.015973,1.015973,3,1.0,1.0,1.0,1.0,1,1.0,1,1,1.0,0.835504,0,0,0,114,178,290,train,0
LED-000192,STL-000053-0|STL-000200-0|STL-000206-0,3,one_to_many,1,0,1641.33,0.013069,1.013069,3,0.333333,0.555556,0.333333,0.333333,0,0.074125,0,0,0.307692,0.255377,0,0,0,114,175,287,train,0
LED-000192,STL-000053-0|STL-000200-1|STL-000206-0,3,one_to_many,1,0,1090.89,0.008686,1.008686,4,0.333333,0.555556,0.333333,0.333333,0,0.074125,0,0,0.307692,0.255377,0,0,0,114,173,285,train,0
LED-000192,STL-000053-0|STL-000200-2|STL-000206-0,3,one_to_many,1,0,1577.02,0.012557,1.012557,3,0.333333,0.555556,0.333333,0.333333,0,0.074125,0,0,0.307692,0.255377,0,0,0,114,178,290,train,0
LED-000192,STL-000068-0|STL-000103-0|STL-000200-1,3,one_to_many,1,0,3028.47,0.024115,1.024115,4,0.2,0.484127,0.272727,0.272727,0,0.0,0,0,0.307692,0.091003,0,0,0,114,179,291,train,0
LED-000192,STL-000068-0|STL-000206-0|STL-000214-0,3,one_to_many,1,0,1043.87,0.008312,0.991688,3,0.384615,0.555556,0.384615,0.352941,0,0.0,0,0,0.230769,0.688062,0,0,0,114,179,291,train,0
LED-000192,STL-000068-0|STL-000206-0|STL-000521-0,3,one_to_many,1,0,356.34,0.002837,1.002837,3,0.333333,0.555556,0.333333,0.333333,0,0.113961,0,0,0.230769,0.688062,0,0,0,114,179,291,train,0
LED-000192,STL-000200-0|STL-000200-1|STL-000540-0,3,one_to_many,1,0,2353.85,0.018743,0.981257,4,0.25,0.417989,0.25,0.25,0,0.169031,0,0,0.307692,0.255377,0,0,0,114,175,287,train,0
LED-000192,STL-000200-0|STL-000200-2|STL-000540-0,3,one_to_many,1,0,1867.72,0.014872,0.985128,4,0.25,0.453704,0.307692,0.307692,0,0.169031,0,0,0.307692,0.255377,0,0,0,114,178,290,train,0
LED-000192,STL-000200-1|STL-000200-2|STL-000540-0,3,one_to_many,1,0,2418.16,0.019255,0.980745,4,0.25,0.453704,0.307692,0.307692,0,0.169031,0,0,0.307692,0.255377,0,0,0,114,178,290,train,0
LED-000195,STL-000060-0|STL-000591-0,2,one_to_many,1,0,873.47,0.004908,0.995092,4,0.235294,0.433333,0.133333,0.133333,0,0.0,0,0,0.230769,0.204124,0,0,0,28,55,81,train,0
LED-000200,STL-000200-0|STL-000200-1|STL-000200-2,3,one_to_many,1,0,0.21,3.8e-05,0.999962,1,1.0,1.0,1.0,1.0,1,1.0,1,1,1.0,0.897085,0,0,0,113,178,289,train,1
LED-000204,STL-000099-0|STL-000486-0,2,one_to_many,1,0,4466.04,0.018341,0.981659,4,0.153846,0.32381,0.153846,0.153846,0,0.0,0,0,0.230769,0.274986,0,0,0,50,53,101,train,0
LED-000204,STL-000118-0|STL-000204-0,2,one_to_many,1,0,2191.61,0.009,1.009,3,1.0,1.0,1.0,1.0,1,1.0,1,1,1.0,0.15097,0,0,0,50,68,116,train,0
LED-000204,STL-000257-0|STL-000358-0,2,one_to_many,1,0,3783.23,0.015537,1.015537,4,0.2,0.493333,0.2,0.2,0,0.0,0,0,0.230769,0.235702,0,0,0,50,71,119,train,0
LED-000204,STL-000060-0|STL-000358-0|STL-000598-0,3,one_to_many,1,0,5445.07,0.022362,1.022362,4,0.333333,0.561905,0.333333,0.333333,0,0.0,0,0,0.230769,0.235702,0,0,0,50,71,119,train,0
LED-000204,STL-000099-0|STL-000118-0|STL-000486-0,3,one_to_many,1,0,2272.92,0.009334,0.990666,4,0.153846,0.460684,0.153846,0.153846,0,0.0,0,0,0.230769,0.274986,0,0,0,50,68,116,train,0
LED-000204,STL-000118-0|STL-000152-0|STL-000263-0,3,one_to_many,1,0,4340.52,0.017826,0.982174,4,0.148148,0.460684,0.222222,0.222222,0,0.0,0,0,0.230769,0.235702,0,0,0,50,68,116,train,0
LED-000204,STL-000118-0|STL-000257-0|STL-000358-0,3,one_to_many,1,0,5976.35,0.024544,1.024544,4,0.2,0.493333,0.2,0.2,0,0.0,0,0,0.230769,0.235702,0,0,0,50,71,119,train,0
LED-000204,STL-000358-0|STL-000486-0|STL-000591-0,3,one_to_many,1,0,3338.61,0.013711,0.986289,4,1.0,1.0,1.0,1.0,1,1.0,0,0,0.230769,0.235702,0,0,0,50,71,119,train,0
LED-000205,STL-000255-0|STL-000306-0,2,one_to_many,1,0,1836.98,0.023077,1.023077,1,0.641509,0.703324,0.603774,0.641509,0,0.368037,0,0,0.230769,0.306382,0,0,0,35,66,99,train,0
LED-000207,STL-000072-0|STL-000207-0,2,one_to_many,1,0,833.13,0.005679,1.005679,1,1.0,1.0,1.0,1.0,1,1.0,0,1,0.461538,0.870988,0,0,0,22,70,90,train,0
LED-000207,STL-000072-0|STL-000424-0,2,one_to_many,1,0,384.34,0.00262,0.99738,1,0.26087,0.485897,0.26087,0.26087,0,0.095346,0,0,0.230769,0.040522,0,0,0,22,70,90,train,0
LED-000207,STL-000416-0|STL-000543-0,2,one_to_many,1,0,2777.99,0.018935,0.981065,4,0.222222,0.539869,0.222222,0.222222,0,0.08165,0,0,0.230769,0.218844,0,0,0,22,37,57,train,0
LED-000207,STL-000072-0|STL-000416-0|STL-000543-0,3,one_to_many,1,0,1924.41,0.013117,0.986883,4,0.222222,0.539869,0.222222,0.222222,0,0.08165,0,0,0.230769,0.218844,0,0,0,22,70,90,train,0
LED-000209,STL-000023-0|STL-000030-0|STL-000306-1,3,one_to_many,1,0,1826.26,0.010021,0.989979,1,0.384615,0.529915,0.384615,0.384615,0,0.090909,0,0,0.230769,0.226805,0,0,0,11,46,55,train,0
LED-000209,STL-000023-0|STL-000030-0|STL-000409-0,3,one_to_many,1,0,876.79,0.004811,0.995189,1,0.384615,0.529915,0.384615,0.384615,0,0.090909,0,0,0.230769,0.226805,0,0,0,11,46,55,train,0
LED-000209,STL-000023-0|STL-000255-0|STL-000306-1,3,one_to_many,1,0,4288.74,0.023532,0.976468,1,1.0,1.0,1.0,1.0,1,1.0,0,0,0.230769,0.240563,0,0,0,11,56,65,train,0
LED-000209,STL-000023-0|STL-000255-0|STL-000409-0,3,one_to_many,1,0,3339.27,0.018323,0.981677,1,1.0,1.0,1.0,1.0,1,1.0,0,0,0.230769,0.240563,0,0,0,11,56,65,train,0
LED-000209,STL-000030-0|STL-000306-1|STL-000409-0,3,one_to_many,1,0,2813.2,0.015436,1.015436,1,0.384615,0.529915,0.384615,0.384615,0,0.090909,0,0,0.230769,0.226805,0,0,0,11,46,55,train,0
LED-000209,STL-000255-0|STL-000306-1|STL-000409-0,3,one_to_many,1,0,350.72,0.001924,1.001924,1,1.0,1.0,1.0,1.0,1,1.0,0,0,0.230769,0.240563,0,0,0,11,56,65,train,0
LED-000210,STL-000032-0|STL-000032-1|STL-000032-2,3,one_to_many,1,0,880.73,0.014774,0.985226,4,0.166667,0.467787,0.166667,0.266667,0,-0.172133,0,0,0.230769,0.130931,0,0,0,23,32,53,train,0
LED-000210,STL-000032-0|STL-000032-2|STL-000210-1,3,one_to_many,1,0,759.47,0.01274,0.98726,4,1.0,1.0,1.0,1.0,1,1.0,1,1,1.0,0.235339,0,0,0,23,37,58,train,0
LED-000210,STL-000032-0|STL-000032-2|STL-000210-2,3,one_to_many,1,0,230.28,0.003863,1.003863,4,1.0,1.0,1.0,1.0,1,1.0,1,1,1.0,0.235339,0,0,0,23,32,53,train,0
LED-000210,STL-000032-1|STL-000210-0|STL-000210-1,3,one_to_many,1,0,1113.95,0.018686,0.981314,4,1.0,1.0,1.0,1.0,1,1.0,1,1,1.0,0.235339,0,0,0,23,37,58,train,0
LED-000210,STL-000032-1|STL-000210-0|STL-000210-2,3,one_to_many,1,0,124.2,0.002083,0.997917,4,1.0,1.0,1.0,1.0,1,1.0,1,1,1.0,0.235339,0,0,0,23,37,58,train,0
LED-000210,STL-000210-0|STL-000210-1|STL-000210-2,3,one_to_many,1,0,2.94,4.9e-05,0.999951,0,1.0,1.0,1.0,1.0,1,1.0,1,1,1.0,0.235339,0,0,0,23,37,58,train,1
LED-000213,STL-000292-0|STL-000349-0,2,one_to_many,1,0,13.24,7.5e-05,0.999925,3,0.4,0.85,0.4,1.0,0,0.453743,0,0,0.307692,0.142134,0,0,0,34,63,95,train,0
LED-000214,STL-000068-0|STL-000200-0|STL-000200-2,3,one_to_many,1,0,33.72,0.000567,1.000567,4,0.368421,0.578587,0.368421,0.333333,0,0.0,0,0,0.230769,0.769897,0,0,0,83,179,260,train,0
LED-000215,STL-000225-0|STL-000225-1,2,one_to_many,1,0,4138.53,0.016943,0.983057,0,0.4,0.570324,0.4,0.380952,0,0.0,0,0,0.230769,0.070273,0,0,0,42,33,73,train,0
LED-000215,STL-000225-0|STL-000510-1,2,one_to_many,1,0,5080.23,0.020798,0.979202,4,0.4,0.570324,0.4,0.380952,0,0.0,0,0,0.0,0.243432,0,1,0,42,50,90,train,0
LED-000215,STL-000279-0|STL-000426-0,2,one_to_many,1,0,4968.38,0.02034,0.97966,4,0.24,0.406046,0.24,0.25,0,0.0,0,0,0.230769,0.843662,0,0,0,42,47,87,train,0
LED-000215,STL-000279-0|STL-000510-0,2,one_to_many,1,0,3845.51,0.015743,0.984257,4,0.325581,0.514077,0.372093,0.352941,0,0.0,0,0,0.230769,0.843662,0,0,0,42,44,84,train,0
LED-000215,STL-000015-0|STL-000396-0|STL-000426-0,3,one_to_many,1,0,4271.69,0.017488,0.982512,4,0.315789,0.528075,0.368421,0.275862,0,0.0,0,0,0.230769,0.273861,0,0,0,42,55,95,train,0
LED-000215,STL-000015-0|STL-000396-0|STL-000510-0,3,one_to_many,1,0,3148.82,0.012891,0.987109,4,0.325581,0.528075,0.372093,0.352941,0,0.0,0,0,0.230769,0.48795,0,0,0,42,55,95,train,0
LED-000215,STL-000044-0|STL-000055-0|STL-000225-0,3,one_to_many,1,0,4480.56,0.018343,0.981657,3,0.4,0.592157,0.4,0.428571,0,0.0,0,0,0.230769,0.105409,0,0,0,42,29,69,train,0
LED-000215,STL-000044-0|STL-000426-0|STL-000471-0,3,one_to_many,1,0,2418.95,0.009903,1.009903,4,0.272727,0.558824,0.272727,0.428571,0,0.0,0,0,0.230769,0.273861,0,0,0,42,47,87,train,0
LED-000215,STL-000044-0|STL-000471-0|STL-000510-0,3,one_to_many,1,0,3541.82,0.0145,1.0145,4,0.325581,0.558824,0.372093,0.428571,0,0.0,0,0,0.230769,0.48795,0,0,0,42,44,84,train,0
LED-000215,STL-000055-0|STL-000426-0|STL-000510-0,3,one_to_many,1,0,1702.1,0.006968,1.006968,4,0.352941,0.592157,0.372093,0.352941,0,0.0,0,0,0.230769,0.48795,0,0,0,42,47,87,train,0
LED-000215,STL-000225-0|STL-000225-1|STL-000396-0,3,one_to_many,1,0,104.32,0.000427,0.999573,3,0.4,0.570324,0.4,0.380952,0,0.0,0,0,0.230769,0.070273,0,0,0,42,55,95,train,0
LED-000215,STL-000225-0|STL-000396-0|STL-000510-1,3,one_to_many,1,0,1046.02,0.004282,0.995718,4,0.4,0.570324,0.4,0.380952,0,0.0,0,0,0.230769,0.243432,0,0,0,42,55,95,train,0
LED-000215,STL-000279-0|STL-000396-0|STL-000426-0,3,one_to_many,1,0,934.17,0.003824,0.996176,4,0.315789,0.521475,0.368421,0.275862,0,0.0,0,0,0.230769,0.843662,0,0,0,42,55,95,train,0
LED-000215,STL-000279-0|STL-000396-0|STL-000510-0,3,one_to_many,1,0,188.7,0.000773,1.000773,4,0.325581,0.521475,0.372093,0.352941,0,0.0,0,0,0.230769,0.843662,0,0,0,42,55,95,train,0
LED-000216,STL-000112-0|STL-000216-0,2,one_to_many,1,0,301.74,0.002593,1.002593,0,1.0,1.0,1.0,1.0,1,1.0,1,1,1.0,0.836905,0,0,0,21,39,58,train,0
LED-000216,STL-000112-0|STL-000216-1,2,one_to_many,1,0,106.02,0.000911,1.000911,0,0.64,0.894118,0.64,1.0,0,0.632456,1,1,1.0,0.915365,0,0,0,21,40,59,train,0
LED-000216,STL-000140-0|STL-000462-0,2,one_to_many,1,0,2611.63,0.022447,0.977553,4,0.380952,0.604777,0.333333,0.333333,0,0.056344,0,0,0.230769,0.838742,0,0,0,21,21,40,train,0
LED-000216,STL-000216-0|STL-000216-1|STL-000216-2,3,one_to_many,1,0,0.0,0.0,1.0,1,1.0,1.0,1.0,1.0,1,1.0,1,1,1.0,0.915365,0,0,0,21,40,59,train,1
LED-000216,STL-000216-0|STL-000216-1|STL-000294-1,3,one_to_many,1,0,1416.9,0.012178,1.012178,0,1.0,1.0,1.0,1.0,1,1.0,1,1,1.0,0.915365,0,0,0,21,40,59,train,0
LED-000216,STL-000216-2|STL-000294-1|STL-000517-0,3,one_to_many,1,0,1714.03,0.014732,1.014732,4,0.64,0.894118,0.64,1.0,0,0.632456,1,1,1.0,0.186772,0,0,0,21,35,54,train,0
LED-000220,STL-000152-0|STL-000358-0,2,one_to_many,1,0,1134.69,0.005984,0.994016,4,0.615385,0.684444,0.615385,0.648649,0,0.500435,0,0,0.230769,0.2179,0,0,0,32,71,101,train,0
LED-000220,STL-000263-0|STL-000598-0,2,one_to_many,1,0,779.57,0.004111,0.995889,4,0.3,0.551627,0.326531,0.326531,0,-0.09325,0,0,0.230769,0.836905,0,0,0,32,67,97,train,0
LED-000220,STL-000486-0|STL-000591-0,2,one_to_many,1,0,3563.05,0.018789,1.018789,2,0.228571,0.382716,0.285714,0.285714,0,0.0,0,0,0.230769,0.093386,0,0,0,32,55,85,train,0
LED-000220,STL-000099-0|STL-000118-0|STL-000591-0,3,one_to_many,1,0,4556.98,0.024031,0.975969,4,0.641509,0.703324,0.581818,0.631579,0,0.494902,0,0,0.230769,0.2179,0,0,0,32,68,98,train,0
LED-000220,STL-000118-0|STL-000152-0|STL-000358-0,3,one_to_many,1,0,1058.43,0.005582,1.005582,4,0.641509,0.703324,0.615385,0.648649,0,0.500435,0,0,0.230769,0.2179,0,0,0,32,71,101,train,0
LED-000220,STL-000118-0|STL-000263-0|STL-000598-0,3,one_to_many,1,0,1413.55,0.007454,1.007454,4,0.641509,0.703324,0.566038,0.631579,0,0.425628,0,0,0.230769,0.836905,0,0,0,32,68,98,train,0
LED-000224,STL-000333-1|STL-000438-0,2,one_to_many,1,0,294.22,0.001406,1.001406,4,0.5,0.632967,0.4,0.4,0,0.149071,0,0,0.230769,0.443039,0,0,0,6,13,17,train,0
LED-000225,STL-000015-0|STL-000426-0,2,one_to_many,1,0,4174.05,0.017382,0.982618,4,0.342857,0.535256,0.342857,0.342857,0,0.0,0,0,0.230769,0.073324,0,0,0,42,47,87,train,0
LED-000225,STL-000015-0|STL-000510-0,2,one_to_many,1,0,3051.18,0.012706,0.987294,4,0.358974,0.516026,0.358974,0.358974,0,-0.059131,0,0,0.230769,0.070447,0,0,0,42,44,84,train,0
LED-000225,STL-000225-0|STL-000225-1,2,one_to_many,1,0,6.68,2.8e-05,0.999972,0,1.0,1.0,1.0,1.0,1,1.0,1,1,1.0,0.879883,0,0,0,42,33,73,train,1
LED-000225,STL-000225-0|STL-000510-1,2,one_to_many,1,0,948.38,0.003949,0.996051,4,1.0,1.0,1.0,1.0,1,1.0,0,0,0.0,0.338667,0,1,0,42,50,90,train,0
LED-000225,STL-000279-0|STL-000426-0,2,one_to_many,1,0,836.53,0.003484,0.996516,4,0.363636,0.535256,0.363636,0.363636,0,0.113961,0,0,0.230769,0.123208,0,0,0,42,47,87,train,0
LED-000225,STL-000279-0|STL-000510-0,2,one_to_many,1,0,286.34,0.001192,1.001192,4,0.363636,0.516026,0.363636,0.363636,0,0.113961,0,0,0.230769,0.123208,0,0,0,42,44,84,train,0
LED-000225,STL-000396-0|STL-000567-0,2,one_to_many,1,0,3059.53,0.012741,0.987259,3,0.764706,0.92381,0.764706,1.0,0,0.760886,0,0,0.230769,0.211667,0,0,0,42,55,95,train,0
LED-000225,STL-000015-0|STL-000396-0|STL-000426-0,3,one_to_many,1,0,139.84,0.000582,0.999418,4,0.764706,0.92381,0.764706,1.0,0,0.760886,0,0,0.230769,0.211667,0,0,0,42,55,95,train,0
LED-000225,STL-000015-0|STL-000396-0|STL-000510-0,3,one_to_many,1,0,983.03,0.004094,1.004094,4,0.764706,0.92381,0.764706,1.0,0,0.760886,0,0,0.230769,0.211667,0,0,0,42,55,95,train,0
LED-000225,STL-000044-0|STL-000055-0|STL-000225-0,3,one_to_many,1,0,348.71,0.001452,0.998548,3,1.0,1.0,1.0,1.0,1,1.0,0,0,0.230769,0.338667,0,0,0,42,29,69,train,0
LED-000225,STL-000055-0|STL-000396-0|STL-000471-0,3,one_to_many,1,0,3905.14,0.016262,0.983738,4,0.764706,0.92381,0.764706,1.0,0,0.760886,0,0,0.230769,0.211667,0,0,0,42,55,95,train,0
LED-000225,STL-000055-0|STL-000426-0|STL-000510-0,3,one_to_many,1,0,5833.95,0.024294,1.024294,4,0.358974,0.629462,0.4,0.4,0,0.0,0,0,0.230769,0.211667,0,0,0,42,47,87,train,0
LED-000225,STL-000225-0|STL-000225-1|STL-000396-0,3,one_to_many,1,0,4027.53,0.016772,1.016772,3,1.0,1.0,1.0,1.0,1,1.0,1,1,1.0,0.879883,0,0,0,42,55,95,train,0
LED-000225,STL-000225-0|STL-000396-0|STL-000510-1,3,one_to_many,1,0,3085.83,0.01285,1.01285,4,1.0,1.0,1.0,1.0,1,1.0,0,0,0.230769,0.338667,0,0,0,42,55,95,train,0
LED-000225,STL-000279-0|STL-000396-0|STL-000426-0,3,one_to_many,1,0,3197.68,0.013316,1.013316,4,0.764706,0.92381,0.764706,1.0,0,0.760886,0,0,0.230769,0.211667,0,0,0,42,55,95,train,0
LED-000225,STL-000279-0|STL-000396-0|STL-000510-0,3,one_to_many,1,0,4320.55,0.017992,1.017992,4,0.764706,0.92381,0.764706,1.0,0,0.760886,0,0,0.230769,0.211667,0,0,0,42,55,95,train,0
LED-000226,STL-000226-0|STL-000226-1,2,one_to_many,1,0,1769.86,0.010443,0.989557,1,1.0,1.0,1.0,1.0,1,1.0,1,1,1.0,0.28691,0,0,0,3,11,12,val,1
LED-000226,STL-000226-0|STL-000226-1|STL-000526-0,3,one_to_many,1,0,3749.92,0.022127,1.022127,1,1.0,1.0,1.0,1.0,1,1.0,1,1,1.0,0.28691,0,0,0,3,11,12,val,0
LED-000228,STL-000058-0|STL-000106-0|STL-000160-0,3,one_to_many,1,0,2286.26,0.01628,1.01628,3,0.307692,0.620693,0.358974,0.358974,0,0.06482,0,0,0.307692,0.771517,0,0,0,13,47,58,train,0
LED-000228,STL-000058-0|STL-000160-0|STL-000221-0,3,one_to_many,1,0,2538.27,0.018075,1.018075,4,0.307692,0.620693,0.358974,0.358974,0,0.0,0,0,0.307692,0.771517,0,0,0,13,47,58,train,0
LED-000228,STL-000106-0|STL-000221-0|STL-000317-0,3,one_to_many,1,0,408.47,0.002909,1.002909,4,0.451613,0.555672,0.387097,0.387097,0,0.06482,0,0,0.307692,0.771517,0,0,0,13,36,47,train,0
LED-000229,STL-000029-0|STL-000386-0,2,one_to_many,1,0,1812.93,0.009472,1.009472,4,0.24,0.527778,0.227273,0.227273,0,0.0,0,0,0.230769,0.163299,0,0,0,86,122,206,train,0
LED-000229,STL-000068-0|STL-000073-0,2,one_to_many,1,0,4352.78,0.022741,0.977259,4,0.275862,0.487698,0.344828,0.344828,0,0.0,0,0,0.0,0.174574,0,1,0,86,179,263,train,0
LED-000229,STL-000168-0|STL-000200-0,2,one_to_many,1,0,1215.01,0.006348,0.993652,2,0.266667,0.511905,0.242424,0.242424,0,0.182574,0,0,0.230769,0.213201,0,0,0,86,175,259,train,0
LED-000229,STL-000168-0|STL-000200-1,2,one_to_many,1,0,1765.45,0.009224,0.990776,3,0.266667,0.511905,0.242424,0.242424,0,0.182574,0,0,0.230769,0.213201,0,0,0,86,173,257,train,0
LED-000229,STL-000168-0|STL-000200-2,2,one_to_many,1,0,1279.32,0.006684,0.993316,2,0.181818,0.47,0.242424,0.242424,0,0.0,0,0,0.230769,0.213201,0,0,0,86,178,262,train,0
LED-000229,STL-000200-0|STL-000342-0,2,one_to_many,1,0,146.66,0.000766,1.000766,2,0.380952,0.603205,0.380952,0.380952,0,0.182574,0,0,0.230769,0.707107,0,0,0,86,175,259,train,0
LED-000229,STL-000200-1|STL-000342-0,2,one_to_many,1,0,403.78,0.00211,0.99789,3,0.380952,0.603205,0.380952,0.380952,0,0.182574,0,0,0.230769,0.707107,0,0,0,86,173,257,train,0
LED-000229,STL-000200-2|STL-000342-0,2,one_to_many,1,0,82.35,0.00043,1.00043,2,0.380952,0.603205,0.380952,0.380952,0,0.0,0,0,0.230769,0.707107,0,0,0,86,178,262,train,0
LED-000229,STL-000029-0|STL-000200-0|STL-000386-0,3,one_to_many,1,0,3883.37,0.020289,1.020289,4,0.266667,0.527778,0.227273,0.227273,0,0.182574,0,0,0.230769,0.163299,0,0,0,86,175,259,train,0
LED-000229,STL-000029-0|STL-000200-1|STL-000386-0,3,one_to_many,1,0,3332.93,0.017413,1.017413,4,0.266667,0.527778,0.227273,0.227273,0,0.182574,0,0,0.230769,0.163299,0,0,0,86,173,257,train,0
LED-000229,STL-000029-0|STL-000200-2|STL-000386-0,3,one_to_many,1,0,3819.06,0.019953,1.019953,4,0.24,0.527778,0.227273,0.227273,0,0.0,0,0,0.230769,0.163299,0,0,0,86,178,262,train,0
LED-000229,STL-000068-0|STL-000073-0|STL-000200-0,3,one_to_many,1,0,2282.34,0.011924,0.988076,4,0.275862,0.511905,0.344828,0.344828,0,0.182574,0,0,0.230769,0.174574,0,0,0,86,179,263,train,0
LED-000229,STL-000068-0|STL-000073-0|STL-000200-1,3,one_to_many,1,0,2832.78,0.0148,0.9852,4,0.275862,0.511905,0.344828,0.344828,0,0.182574,0,0,0.230769,0.174574,0,0,0,86,179,263,train,0
LED-000229,STL-000068-0|STL-000073-0|STL-000200-2,3,one_to_many,1,0,2346.65,0.01226,0.98774,4,0.275862,0.487698,0.344828,0.344828,0,0.0,0,0,0.230769,0.174574,0,0,0,86,179,263,train,0
LED-000229,STL-000068-0|STL-000190-0|STL-000206-0,3,one_to_many,1,0,683.37,0.00357,1.00357,2,0.275862,0.517157,0.344828,0.344828,0,0.0,0,0,0.230769,0.196116,0,0,0,86,179,263,train,0
LED-000229,STL-000073-0|STL-000206-0|STL-000423-0,3,one_to_many,1,0,4479.66,0.023404,0.976596,4,0.24,0.495098,0.235294,0.235294,0,0.0,0,0,0.230769,0.066667,0,0,0,86,137,221,train,0
LED-000229,STL-000168-0|STL-000200-0|STL-000200-1,3,one_to_many,1,0,304.99,0.001593,1.001593,3,0.266667,0.511905,0.242424,0.242424,0,0.182574,0,0,0.230769,0.213201,0,0,0,86,175,259,train,0
LED-000229,STL-000168-0|STL-000200-0|STL-000200-2,3,one_to_many,1,0,791.12,0.004133,1.004133,2,0.266667,0.511905,0.242424,0.242424,0,0.182574,0,0,0.230769,0.213201,0,0,0,86,178,262,train,0
LED-000229,STL-000168-0|STL-000200-1|STL-000200-2,3,one_to_many,1,0,240.68,0.001257,1.001257,3,0.266667,0.511905,0.242424,0.242424,0,0.182574,0,0,0.230769,0.213201,0,0,0,86,178,262,train,0
LED-000229,STL-000200-0|STL-000200-1|STL-000342-0,3,one_to_many,1,0,1666.66,0.008708,1.008708,3,0.380952,0.603205,0.380952,0.380952,0,0.182574,0,0,0.230769,0.707107,0,0,0,86,175,259,train,0
LED-000229,STL-000200-0|STL-000200-2|STL-000342-0,3,one_to_many,1,0,2152.79,0.011247,1.011247,2,0.380952,0.603205,0.380952,0.380952,0,0.182574,0,0,0.230769,0.707107,0,0,0,86,178,262,train,0
LED-000229,STL-000200-1|STL-000200-2|STL-000342-0,3,one_to_many,1,0,1602.35,0.008372,1.008372,3,0.380952,0.603205,0.380952,0.380952,0,0.182574,0,0,0.230769,0.707107,0,0,0,86,178,262,train,0
LED-000234,STL-000185-0|STL-000357-0,2,one_to_many,1,0,1926.35,0.01214,0.98786,4,0.6,0.885714,0.6,1.0,0,0.57735,0,0,0.230769,0.043769,0,0,0,12,35,45,train,0
LED-000234,STL-000357-0|STL-000373-0,2,one_to_many,1,0,1742.72,0.010983,0.989017,4,0.6,0.885714,0.6,1.0,0,0.57735,0,0,0.230769,0.037905,0,0,0,12,35,45,train,0
LED-000234,STL-000185-0|STL-000373-0|STL-BATCH-000056-000418,3,one_to_many,1,0,155.65,0.000981,0.999019,4,0.30303,0.511905,0.30303,0.30303,0,0.0,0,0,0.230769,0.043769,0,0,0,12,30,40,train,0
LED-000245,STL-000001-0|STL-000349-0,2,one_to_many,1,0,3438.91,0.015496,0.984504,2,0.333333,0.555556,0.333333,0.333333,0,0.074125,0,0,0.230769,0.04714,0,0,0,30,55,83,train,0
LED-000245,STL-000047-0|STL-000181-0,2,one_to_many,1,0,3205.14,0.014443,1.014443,1,0.25,0.47619,0.25,0.25,0,0.0,0,0,0.307692,0.754247,0,0,0,30,55,83,train,0
LED-000245,STL-000292-0|STL-000587-0,2,one_to_many,1,0,2067.46,0.009316,1.009316,1,0.384615,0.51358,0.384615,0.352941,0,0.0,0,0,0.230769,0.244949,0,0,0,30,63,91,train,0
LED-000245,STL-000001-0|STL-000349-0|STL-000532-0,3,one_to_many,1,0,2886.93,0.013009,1.013009,3,0.333333,0.555556,0.333333,0.333333,0,0.074125,0,0,0.230769,0.163299,0,0,0,30,72,100,train,0
LED-000245,STL-000076-0|STL-000181-0|STL-000532-0,3,one_to_many,1,0,834.26,0.003759,0.996241,4,0.25,0.417989,0.125,0.125,0,0.169031,0,0,0.307692,0.754247,0,0,0,30,72,100,train,0
LED-000246,STL-000246-0|STL-000246-1,2,one_to_many,1,0,0.0,0.0,1.0,1,1.0,1.0,1.0,1.0,1,1.0,1,1,1.0,0.308607,0,0,0,83,83,164,train,1
LED-000248,STL-000138-0|STL-000545-1,2,one_to_many,1,0,2155.43,0.019271,1.019271,4,0.285714,0.472904,0.214286,0.214286,0,0.0,0,0,0.230769,0.680414,0,0,0,52,79,129,train,0
LED-000248,STL-000354-2|STL-000584-0,2,one_to_many,1,0,596.24,0.005331,0.994669,3,0.4,0.602694,0.3,0.3,0,0.0,0,0,0.230769,0.045361,0,0,0,52,52,102,train,0
LED-000248,STL-000284-0|STL-000545-1|STL-000584-0,3,one_to_many,1,0,2860.7,0.025576,1.025576,4,0.285714,0.472904,0.214286,0.214286,0,0.0,0,0,0.230769,0.188713,0,0,0,52,79,129,train,0
LED-000248,STL-000545-1|STL-000545-2|STL-000584-0,3,one_to_many,1,0,962.26,0.008603,0.991397,4,0.285714,0.472904,0.214286,0.214286,0,0.0,0,0,0.230769,0.188713,0,0,0,52,79,129,train,0
LED-000249,STL-000288-0|STL-000375-0|STL-000408-0,3,one_to_many,1,0,3074.36,0.012939,0.987061,1,0.421053,0.572108,0.368421,0.368421,0,0.062622,0,0,0.230769,0.196419,0,0,0,30,39,67,val,0
LED-000251,STL-000022-0|STL-000280-0,2,one_to_many,1,0,1137.54,0.004891,1.004891,4,0.272727,0.449288,0.272727,0.272727,0,0.113961,0,0,0.230769,0.29794,0,0,0,22,27,47,train,0
LED-000251,STL-000022-0|STL-000022-1|STL-000329-0,3,one_to_many,1,0,3433.53,0.014764,0.985236,4,0.25,0.449288,0.228571,0.228571,0,0.169031,0,0,0.230769,0.29794,0,0,0,22,38,58,train,0
LED-000253,STL-000032-2|STL-000544-0,2,one_to_many,1,0,3276.09,0.02161,0.97839,3,0.355556,0.515126,0.355556,0.27027,0,0.0,0,0,0.230769,0.195965,0,0,0,17,31,46,train,0
LED-000253,STL-000032-0|STL-000084-0|STL-000310-0,3,one_to_many,1,0,2403.58,0.015855,0.984145,3,1.0,1.0,1.0,1.0,1,1.0,0,0,0.230769,0.338667,0,0,0,17,33,48,train,0
LED-000253,STL-000032-0|STL-000084-0|STL-000544-0,3,one_to_many,1,0,713.67,0.004708,1.004708,3,0.603774,0.612143,0.603774,0.648649,0,0.511208,0,0,0.230769,0.338667,0,0,0,17,33,48,train,0
LED-000253,STL-000032-2|STL-000084-0|STL-000310-0,3,one_to_many,1,0,1032.27,0.006809,0.993191,3,1.0,1.0,1.0,1.0,1,1.0,0,0,0.230769,0.338667,0,0,0,17,33,48,train,0
LED-000253,STL-000032-2|STL-000084-0|STL-000544-0,3,one_to_many,1,0,2084.98,0.013753,1.013753,3,0.603774,0.612143,0.603774,0.648649,0,0.511208,0,0,0.230769,0.338667,0,0,0,17,33,48,train,0
LED-000255,STL-000030-0|STL-000052-0,2,one_to_many,1,0,386.99,0.00307,0.99693,3,1.0,1.0,1.0,1.0,1,1.0,0,0,0.230769,0.806559,0,0,0,43,54,95,train,0
LED-000255,STL-000030-0|STL-000255-1,2,one_to_many,1,0,1441.6,0.011437,1.011437,3,1.0,1.0,1.0,1.0,1,1.0,1,1,1.0,0.296334,0,0,0,43,57,98,train,0
LED-000255,STL-000052-0|STL-000255-0,2,one_to_many,1,0,2849.47,0.022606,0.977394,2,1.0,1.0,1.0,1.0,1,1.0,1,1,1.0,0.806559,0,0,0,43,56,97,train,0
LED-000255,STL-000052-0|STL-000306-0,2,one_to_many,1,0,2702.82,0.021443,0.978557,1,1.0,1.0,1.0,1.0,1,1.0,0,0,0.230769,0.806559,0,0,0,43,66,107,train,0
LED-000255,STL-000052-0|STL-000389-2,2,one_to_many,1,0,517.21,0.004103,0.995897,1,1.0,1.0,1.0,1.0,1,1.0,0,0,0.230769,0.806559,0,0,0,43,65,106,train,0
LED-000255,STL-000255-0|STL-000255-1,2,one_to_many,1,0,1020.88,0.008099,0.991901,2,1.0,1.0,1.0,1.0,1,1.0,1,1,1.0,0.359211,0,0,0,43,57,98,train,1
LED-000255,STL-000255-1|STL-000306-0,2,one_to_many,1,0,874.23,0.006936,0.993064,1,1.0,1.0,1.0,1.0,1,1.0,1,1,1.0,0.296334,0,0,0,43,66,107,train,0
LED-000255,STL-000255-1|STL-000389-2,2,one_to_many,1,0,1311.38,0.010404,1.010404,1,1.0,1.0,1.0,1.0,1,1.0,1,1,1.0,0.269408,0,0,0,43,65,106,train,0
LED-000255,STL-000030-0|STL-000255-0|STL-000306-0,3,one_to_many,1,0,1498.07,0.011885,0.988115,3,1.0,1.0,1.0,1.0,1,1.0,1,1,1.0,0.359211,0,0,0,43,66,107,train,0
LED-000255,STL-000030-0|STL-000255-0|STL-000389-2,3,one_to_many,1,0,687.54,0.005455,1.005455,3,1.0,1.0,1.0,1.0,1,1.0,1,1,1.0,0.359211,0,0,0,43,65,106,train,0
LED-000255,STL-000030-0|STL-000306-0|STL-000389-2,3,one_to_many,1,0,834.19,0.006618,1.006618,3,0.384615,0.553812,0.384615,0.384615,0,0.090909,0,0,0.230769,0.296334,0,0,0,43,66,107,train,0
LED-000255,STL-000255-0|STL-000306-0|STL-000389-2,3,one_to_many,1,0,1628.29,0.012918,0.987082,2,1.0,1.0,1.0,1.0,1,1.0,1,1,1.0,0.359211,0,0,0,43,66,107,train,0
LED-000261,STL-000032-1|STL-000455-0,2,one_to_many,1,0,4038.29,0.020599,1.020599,4,0.186047,0.477513,0.166667,0.266667,0,0.0,0,0,0.0,0.274352,0,1,0,23,33,54,train,0
LED-000261,STL-000210-1|STL-000455-0,2,one_to_many,1,0,4159.55,0.021218,1.021218,4,1.0,1.0,1.0,1.0,1,1.0,0,0,0.230769,0.254,0,0,0,23,37,58,train,0
LED-000261,STL-000017-0|STL-000032-0|STL-000310-0,3,one_to_many,1,0,1021.48,0.005211,0.994789,4,0.25,0.497619,0.25,0.266667,0,0.0,0,0,0.230769,0.196748,0,0,0,23,32,53,train,0
LED-000261,STL-000017-0|STL-000032-0|STL-000544-0,3,one_to_many,1,0,2095.77,0.010691,1.010691,4,0.25,0.467787,0.25,0.266667,0,0.0,0,0,0.230769,0.254,0,0,0,23,32,53,train,0
LED-000261,STL-000017-0|STL-000032-1|STL-000544-0,3,one_to_many,1,0,2879.45,0.014688,0.985312,4,0.25,0.467787,0.25,0.266667,0,0.0,0,0,0.230769,0.274352,0,0,0,23,30,51,train,0
LED-000261,STL-000017-0|STL-000032-2|STL-000310-0,3,one_to_many,1,0,349.83,0.001784,1.001784,4,0.25,0.497619,0.25,0.266667,0,0.0,0,0,0.230769,0.274352,0,0,0,23,31,52,train,0
LED-000261,STL-000017-0|STL-000032-2|STL-000544-0,3,one_to_many,1,0,3467.08,0.017686,1.017686,4,0.25,0.467787,0.25,0.266667,0,0.0,0,0,0.230769,0.274352,0,0,0,23,31,52,train,0
LED-000261,STL-000017-0|STL-000210-0|STL-000310-0,3,one_to_many,1,0,4970.57,0.025355,1.025355,2,1.0,1.0,1.0,1.0,1,1.0,0,0,0.230769,0.196748,0,0,0,23,37,58,train,0
LED-000261,STL-000017-0|STL-000210-1|STL-000544-0,3,one_to_many,1,0,2758.19,0.01407,0.98593,2,1.0,1.0,1.0,1.0,1,1.0,0,0,0.230769,0.254,0,0,0,23,37,58,train,0
LED-000261,STL-000017-0|STL-000210-2|STL-000544-0,3,one_to_many,1,0,1768.44,0.009021,0.990979,2,1.0,1.0,1.0,1.0,1,1.0,0,0,0.230769,0.254,0,0,0,23,30,51,train,0
LED-000261,STL-000032-0|STL-000032-2|STL-000253-0,3,one_to_many,1,0,2981.69,0.01521,0.98479,4,0.214286,0.467787,0.214286,0.266667,0,0.0,0,0,0.307692,0.274352,0,0,0,23,32,53,train,0
LED-000261,STL-000032-0|STL-000210-0|STL-000253-0,3,one_to_many,1,0,1639.05,0.008361,1.008361,4,1.0,1.0,1.0,1.0,1,1.0,0,0,0.307692,0.274352,0,0,0,23,37,58,train,0
LED-000261,STL-000032-1|STL-000210-0|STL-000253-0,3,one_to_many,1,0,3336.17,0.017018,0.982982,4,1.0,1.0,1.0,1.0,1,1.0,0,0,0.307692,0.274352,0,0,0,23,37,58,train,0
LED-000261,STL-000032-2|STL-000210-0|STL-000253-0,3,one_to_many,1,0,3010.36,0.015356,1.015356,4,1.0,1.0,1.0,1.0,1,1.0,0,0,0.307692,0.274352,0,0,0,23,37,58,train,0
LED-000261,STL-000210-0|STL-000210-1|STL-000253-0,3,one_to_many,1,0,3214.91,0.016399,0.983601,1,1.0,1.0,1.0,1.0,1,1.0,0,0,0.307692,0.274352,0,0,0,23,37,58,train,0
LED-000261,STL-000210-0|STL-000210-2|STL-000253-0,3,one_to_many,1,0,2225.16,0.011351,0.988649,1,1.0,1.0,1.0,1.0,1,1.0,0,0,0.307692,0.274352,0,0,0,23,37,58,train,0
LED-000265,STL-000029-0|STL-000081-0,2,one_to_many,1,0,3766.65,0.023295,1.023295,2,0.285714,0.497619,0.232558,0.232558,0,0.08165,0,0,0.230769,0.183309,0,0,0,25,109,132,train,0
LED-000265,STL-000073-0|STL-000583-0,2,one_to_many,1,0,31.56,0.000195,1.000195,3,1.0,1.0,1.0,1.0,1,1.0,0,0,0.0,0.769897,0,1,0,25,79,102,train,0
LED-000265,STL-000036-0|STL-000104-0|STL-000583-0,3,one_to_many,1,0,1590.64,0.009837,0.990163,4,1.0,1.0,1.0,1.0,1,1.0,0,0,0.307692,0.769897,0,0,0,25,37,60,train,0
LED-000265,STL-000036-0|STL-000411-0|STL-000583-0,3,one_to_many,1,0,3818.7,0.023617,1.023617,4,1.0,1.0,1.0,1.0,1,1.0,0,0,0.230769,0.769897,0,0,0,25,37,60,train,0
LED-000265,STL-000081-0|STL-000151-0|STL-000411-0,3,one_to_many,1,0,3538.08,0.021881,0.978119,3,0.333333,0.561905,0.333333,0.333333,0,0.08165,0,0,0.230769,0.224702,0,0,0,25,109,132,train,0
LED-000265,STL-000081-0|STL-000423-0|STL-000427-0,3,one_to_many,1,0,1064.49,0.006583,1.006583,2,0.333333,0.518908,0.333333,0.333333,0,0.182574,0,0,0.230769,0.769897,0,0,0,25,109,132,train,0
LED-000265,STL-000151-0|STL-000386-0|STL-000423-0,3,one_to_many,1,0,2230.16,0.013793,0.986207,2,0.333333,0.561905,0.333333,0.333333,0,0.0,0,0,0.230769,0.769897,0,0,0,25,122,145,train,0
LED-000265,STL-000386-0|STL-000411-0|STL-000423-0,3,one_to_many,1,0,3403.21,0.021047,0.978953,3,0.333333,0.518908,0.333333,0.333333,0,0.0,0,0,0.230769,0.769897,0,0,0,25,122,145,train,0
LED-000266,STL-000047-0|STL-000292-0,2,one_to_many,1,0,225.4,0.00143,1.00143,3,0.272727,0.519535,0.272727,0.272727,0,0.0,0,0,0.230769,0.426006,0,0,0,28,63,89,train,0
LED-000268,STL-000316-0|STL-000458-0,2,one_to_many,1,0,209.89,0.000877,1.000877,3,0.451613,0.555672,0.387097,0.387097,0,0.0,0,0,0.230769,0.09245,0,0,0,6,21,25,train,0
LED-000268,STL-000185-0|STL-000312-0|STL-000373-0,3,one_to_many,1,0,953.8,0.003985,1.003985,3,0.387097,0.650016,0.387097,0.387097,0,0.06482,0,0,0.230769,0.727533,0,0,0,6,30,34,train,0
LED-000274,STL-000058-0|STL-000425-0,2,one_to_many,1,0,11.24,5e-05,1.00005,4,0.222222,0.413333,0.222222,0.222222,0,0.0,0,0,0.307692,0.511199,0,0,0,36,47,81,train,0
LED-000274,STL-000058-0|STL-000528-0,2,one_to_many,1,0,390.43,0.001752,0.998248,4,0.066667,0.413333,0.066667,0.066667,0,0.0,0,0,0.230769,0.465773,0,0,0,36,47,81,train,0
LED-000274,STL-000228-0|STL-000575-0,2,one_to_many,1,0,4642.98,0.020832,0.979168,2,0.111111,0.42381,0.222222,0.222222,0,0.0,0,0,0.230769,0.830291,0,0,0,36,38,72,train,0
LED-000274,STL-000236-0|STL-000341-0,2,one_to_many,1,0,1242.79,0.005576,0.994424,4,0.153846,0.441667,0.153846,0.153846,0,0.0,0,0,0.230769,0.191273,0,0,0,36,45,79,train,0
LED-000274,STL-000075-0|STL-000341-0,2,one_to_many,1,0,1900.91,0.008529,0.991471,4,0.181818,0.455556,0.181818,0.181818,0,0.0,0,0,0.230769,0.830291,0,0,0,36,37,71,train,0
LED-000274,STL-000058-0|STL-000075-0|STL-000236-0,3,one_to_many,1,0,99.48,0.000446,1.000446,4,0.181818,0.455556,0.181818,0.181818,0,0.0,0,0,0.230769,0.830291,0,0,0,36,47,81,train,0
LED-000274,STL-000058-0|STL-000317-0|STL-000341-0,3,one_to_many,1,0,3398.86,0.01525,1.01525,4,0.272727,0.592157,0.272727,0.272727,0,0.0,0,0,0.230769,0.477119,0,0,0,36,47,81,train,0
LED-000274,STL-000058-0|STL-000317-0|STL-BATCH-000244-000277,3,one_to_many,1,0,1936.13,0.008687,0.991313,4,0.272727,0.592157,0.272727,0.272727,0,0.0,0,0,0.230769,0.500142,0,0,0,36,47,81,train,0
LED-000278,STL-000191-0|STL-000499-0,2,one_to_many,1,0,1114.46,0.008878,0.991122,3,0.4,0.613339,0.382979,0.382979,0,0.166378,0,0,0.230769,0.215614,0,0,0,32,70,100,train,0
LED-000278,STL-000416-0|STL-000503-0,2,one_to_many,1,0,122.48,0.000976,0.999024,4,0.5,0.640265,0.4,0.4,0,0.047565,0,0,0.230769,0.769897,0,0,0,32,63,93,train,0
LED-000278,STL-000072-0|STL-000191-0|STL-000499-0,3,one_to_many,1,0,260.88,0.002078,0.997922,3,0.4,0.613339,0.382979,0.382979,0,0.166378,0,0,0.230769,0.696574,0,0,0,32,70,100,train,0
LED-000278,STL-000072-0|STL-000416-0|STL-000503-0,3,one_to_many,1,0,731.1,0.005824,1.005824,4,0.5,0.640265,0.4,0.4,0,0.047565,0,0,0.230769,0.769897,0,0,0,32,70,100,train,0
LED-000279,STL-000015-0|STL-000396-0,2,one_to_many,1,0,696.69,0.004126,1.004126,2,0.385965,0.61045,0.344828,0.344828,0,0.0,0,0,0.230769,0.707107,0,0,0,18,55,71,train,0
LED-000279,STL-000443-1|STL-000510-1,2,one_to_many,1,0,2245.1,0.013296,0.986704,4,0.354839,0.591042,0.354839,0.354839,0,-0.033634,0,0,0.230769,0.244949,0,0,0,18,50,66,train,0
LED-000279,STL-000044-0|STL-000055-0|STL-000443-1,3,one_to_many,1,0,1645.43,0.009745,0.990255,4,0.349206,0.580401,0.301887,0.301887,0,0.0,0,0,0.307692,0.707107,0,0,0,18,27,43,train,0
LED-000279,STL-000055-0|STL-000396-0|STL-000512-0,3,one_to_many,1,0,2182.25,0.012924,0.987076,4,0.385965,0.61045,0.315789,0.315789,0,0.099015,0,0,0.230769,0.707107,0,0,0,18,55,71,train,0
LED-000279,STL-000055-0|STL-000443-0|STL-000512-0,3,one_to_many,1,0,3101.23,0.018366,1.018366,4,0.349206,0.580401,0.301887,0.301887,0,0.099015,0,0,0.230769,0.707107,0,0,0,18,39,55,train,0
LED-000279,STL-000396-0|STL-000443-1|STL-000510-1,3,one_to_many,1,0,1789.11,0.010595,1.010595,4,0.385965,0.61045,0.354839,0.354839,0,0.0,0,0,0.230769,0.707107,0,0,0,18,55,71,train,0
LED-000280,STL-000022-1|STL-000307-0,2,one_to_many,1,0,52.72,0.000408,0.999592,2,0.466667,0.629462,0.4,0.4,0,0.07785,0,0,0.230769,0.204124,0,0,0,14,38,50,train,0
LED-000280,STL-000022-1|STL-000022-2|STL-000487-1,3,one_to_many,1,0,1070.27,0.008282,1.008282,3,0.358974,0.516026,0.358974,0.358974,0,0.13484,0,0,0.230769,0.244949,0,0,0,14,38,50,train,0
LED-000280,STL-000307-0|STL-000487-0|STL-000487-2,3,one_to_many,1,0,700.34,0.005419,0.994581,4,0.466667,0.629462,0.4,0.4,0,0.13484,0,0,0.230769,0.244949,0,0,0,14,34,46,train,0
LED-000281,STL-000317-0|STL-000451-0,2,one_to_many,1,0,876.65,0.005834,0.994166,4,0.333333,0.535014,0.333333,0.333333,0,0.0,0,0,0.230769,0.725775,0,0,0,17,39,54,train,0
LED-000281,STL-000563-0|STL-BATCH-000244-000277,2,one_to_many,1,0,2496.61,0.016614,0.983386,2,0.2,0.479853,0.142857,0.142857,0,0.0,0,0,0.230769,0.06601,0,0,0,17,51,66,train,0
LED-000281,STL-000317-0|STL-000575-0,2,one_to_many,1,0,3526.82,0.02347,0.97653,4,0.333333,0.535014,0.333333,0.333333,0,0.13484,0,0,0.0,0.043033,0,1,0,17,38,53,train,0
LED-000283,STL-000136-0|STL-000185-0|STL-000422-0,3,one_to_many,1,0,2974.11,0.022048,1.022048,3,0.360656,0.842857,0.393443,1.0,0,0.456435,0,0,0.230769,0.725775,0,0,0,13,16,27,train,0
LED-000283,STL-000136-0|STL-000185-0|STL-000467-0,3,one_to_many,1,0,55.09,0.000408,0.999592,3,0.618182,0.842857,0.581818,1.0,0,0.494902,0,0,0.230769,0.725775,0,0,0,13,16,27,train,0
LED-000289,STL-000196-0|STL-000246-0|STL-000361-0,3,one_to_many,1,0,345.67,0.006839,1.006839,2,0.45,0.648343,0.45,0.45,0,0.050572,0,0,0.307692,0.754247,0,0,0,41,89,128,train,0
LED-000289,STL-000246-0|STL-000246-1|STL-000361-0,3,one_to_many,1,0,690.06,0.013652,0.986348,2,0.45,0.639548,0.45,0.45,0,0.044281,0,0,0.230769,0.163299,0,0,0,41,83,122,train,0
LED-000290,STL-000171-0|STL-000594-0,2,one_to_many,1,0,4931.29,0.025295,1.025295,2,0.411765,0.643494,0.411765,0.411765,0,0.133333,0,0,0.230769,0.089087,0,0,0,22,18,38,train,0
LED-000290,STL-000065-0|STL-000169-0|STL-000171-0,3,one_to_many,1,0,2864.63,0.014694,0.985306,3,0.411765,0.643494,0.411765,0.411765,0,0.133333,0,0,0.230769,0.231455,0,0,0,22,32,52,train,0
LED-000294,STL-000216-1|STL-000216-2,2,one_to_many,1,0,1893.94,0.024105,1.024105,3,0.227273,0.45463,0.227273,0.227273,0,0.070014,0,0,0.307692,0.306382,0,0,0,22,40,60,train,0
LED-000294,STL-000216-2|STL-000294-0,2,one_to_many,1,0,1416.44,0.018027,0.981973,3,0.83871,0.753561,0.83871,1.0,0,0.874475,1,1,1.0,0.871813,0,0,0,22,34,54,train,0
LED-000294,STL-000294-0|STL-000294-1,2,one_to_many,1,0,0.46,6e-06,1.000006,2,1.0,1.0,1.0,1.0,1,1.0,1,1,1.0,0.871813,0,0,0,22,35,55,train,1
LED-000294,STL-000011-0|STL-000216-2|STL-000320-0,3,one_to_many,1,0,1117.48,0.014223,1.014223,3,0.311111,0.62037,0.266667,0.266667,0,0.070014,0,0,0.307692,0.758098,0,0,0,22,51,71,train,0
LED-000294,STL-000216-0|STL-000216-1|STL-000320-1,3,one_to_many,1,0,881.97,0.011225,1.011225,2,0.45283,0.631683,0.415094,0.415094,0,0.070014,0,0,0.307692,0.222925,0,0,0,22,43,63,train,0
LED-000298,STL-000112-0|STL-000294-1,2,one_to_many,1,0,2197.09,0.017609,1.017609,4,0.631579,0.626327,0.631579,1.0,0,0.603023,0,0,0.230769,0.504505,0,0,0,22,36,56,train,0
LED-000298,STL-000125-0|STL-000125-1,2,one_to_many,1,0,1563.65,0.012532,1.012532,1,0.4,0.570324,0.4,0.380952,0,0.0,0,0,0.307692,0.504505,0,0,0,22,27,47,train,0
LED-000298,STL-000320-0|STL-000365-0,2,one_to_many,1,0,2527.31,0.020256,0.979744,4,0.466667,0.653846,0.4,0.4,0,0.07785,0,0,0.230769,0.770329,0,0,0,22,57,77,train,0
LED-000298,STL-000320-0|STL-000577-0,2,one_to_many,1,0,594.15,0.004762,0.995238,3,0.363636,0.653846,0.363636,0.363636,0,0.0,0,0,0.230769,0.360288,0,0,0,22,51,71,train,0
LED-000298,STL-000320-1|STL-000365-0,2,one_to_many,1,0,837.53,0.006713,1.006713,4,0.466667,0.653846,0.4,0.4,0,0.07785,0,0,0.230769,0.770329,0,0,0,22,57,77,train,0
LED-000298,STL-000320-1|STL-000577-0,2,one_to_many,1,0,2770.69,0.022207,1.022207,3,0.363636,0.653846,0.363636,0.363636,0,0.0,0,0,0.230769,0.504505,0,0,0,22,43,63,train,0
LED-000298,STL-000011-0|STL-000125-0|STL-000294-0,3,one_to_many,1,0,891.49,0.007145,1.007145,4,0.4,0.617949,0.4,0.380952,0,0.123091,0,0,0.307692,0.240192,0,0,0,22,34,54,train,0
LED-000298,STL-000011-0|STL-000125-1|STL-000294-0,3,one_to_many,1,0,1417.43,0.011361,1.011361,4,0.4,0.617949,0.4,0.380952,0,0.123091,0,0,0.307692,0.504505,0,0,0,22,34,54,train,0
LED-000298,STL-000112-0|STL-000216-0|STL-000320-1,3,one_to_many,1,0,231.78,0.001858,0.998142,4,0.631579,0.653846,0.631579,1.0,0,0.603023,0,0,0.230769,0.504505,0,0,0,22,43,63,train,0
LED-000298,STL-000112-0|STL-000216-1|STL-000320-1,3,one_to_many,1,0,427.5,0.003426,0.996574,4,0.631579,0.653846,0.631579,1.0,0,0.603023,0,0,0.230769,0.504505,0,0,0,22,43,63,train,0
LED-000300,STL-000068-0|STL-000540-0,2,one_to_many,1,0,2417.02,0.013997,1.013997,2,0.25,0.484127,0.266667,0.266667,0,0.169031,0,0,0.0,0.136505,0,1,0,97,179,274,train,0
LED-000300,STL-000073-0|STL-000386-0,2,one_to_many,1,0,749.89,0.004343,0.995657,3,0.25,0.417989,0.230769,0.230769,0,0.169031,0,0,0.307692,0.170251,0,0,0,97,122,217,train,0
LED-000300,STL-000068-0|STL-000200-1|STL-000540-0,3,one_to_many,1,0,3937.02,0.022799,1.022799,2,0.25,0.484127,0.266667,0.266667,0,0.169031,0,0,0.230769,0.136505,0,0,0,97,179,274,train,0
LED-000300,STL-000068-0|STL-000200-2|STL-000540-0,3,one_to_many,1,0,4423.15,0.025614,1.025614,2,0.25,0.484127,0.307692,0.307692,0,0.169031,0,0,0.230769,0.136505,0,0,0,97,179,274,train,0
LED-000300,STL-000068-0|STL-000386-0|STL-000423-1,3,one_to_many,1,0,704.14,0.004078,1.004078,3,0.230769,0.484127,0.266667,0.266667,0,0.0,0,0,0.307692,0.170251,0,0,0,97,179,274,train,0
LED-000300,STL-000073-0|STL-000200-0|STL-000386-0,3,one_to_many,1,0,1320.55,0.007647,1.007647,3,0.25,0.417989,0.25,0.25,0,0.169031,0,0,0.307692,0.170251,0,0,0,97,175,270,train,0
LED-000300,STL-000073-0|STL-000200-1|STL-000386-0,3,one_to_many,1,0,770.11,0.00446,1.00446,3,0.25,0.417989,0.25,0.25,0,0.169031,0,0,0.307692,0.170251,0,0,0,97,173,268,train,0
LED-000300,STL-000073-0|STL-000200-2|STL-000386-0,3,one_to_many,1,0,1256.24,0.007275,1.007275,3,0.25,0.453704,0.307692,0.307692,0,0.169031,0,0,0.307692,0.170251,0,0,0,97,178,273,train,0
LED-000300,STL-000200-0|STL-000206-0|STL-000265-0,3,one_to_many,1,0,2371.02,0.013731,0.986269,3,0.333333,0.555556,0.333333,0.333333,0,0.169031,0,0,0.230769,0.73721,0,0,0,97,175,270,train,0
LED-000300,STL-000200-0|STL-000206-0|STL-000595-0,3,one_to_many,1,0,2306.77,0.013358,0.986642,4,0.333333,0.555556,0.333333,0.333333,0,0.0,0,0,0.230769,0.73721,0,0,0,97,175,270,train,0
LED-000300,STL-000200-1|STL-000206-0|STL-000265-0,3,one_to_many,1,0,2921.46,0.016918,0.983082,3,0.333333,0.555556,0.333333,0.333333,0,0.169031,0,0,0.230769,0.73721,0,0,0,97,173,268,train,0
LED-000300,STL-000200-1|STL-000206-0|STL-000595-0,3,one_to_many,1,0,2857.21,0.016546,0.983454,4,0.333333,0.555556,0.333333,0.333333,0,0.0,0,0,0.230769,0.73721,0,0,0,97,173,268,train,0
LED-000300,STL-000200-2|STL-000206-0|STL-000265-0,3,one_to_many,1,0,2435.33,0.014103,0.985897,3,0.333333,0.555556,0.333333,0.333333,0,0.169031,0,0,0.230769,0.73721,0,0,0,97,178,273,train,0
LED-000300,STL-000200-2|STL-000206-0|STL-000595-0,3,one_to_many,1,0,2371.08,0.013731,0.986269,4,0.333333,0.555556,0.333333,0.333333,0,0.0,0,0,0.230769,0.73721,0,0,0,97,178,273,train,0
LED-000300,STL-000206-0|STL-000386-0|STL-000540-0,3,one_to_many,1,0,3120.63,0.018072,0.981928,3,0.333333,0.555556,0.333333,0.333333,0,0.169031,0,0,0.307692,0.170251,0,0,0,97,137,232,train,0
LED-000300,STL-000206-0|STL-000423-0|STL-000540-0,3,one_to_many,1,0,2290.14,0.013262,1.013262,3,0.333333,0.555556,0.333333,0.333333,0,0.169031,0,0,0.230769,0.127688,0,0,0,97,137,232,train,0
LED-000302,STL-000114-0|STL-000412-0,2,one_to_many,1,0,1801.04,0.008297,0.991703,2,0.142857,0.45,0.142857,0.142857,0,0.0,0,0,0.230769,0.254,0,0,0,16,29,43,train,0
LED-000302,STL-000131-0|STL-000472-0,2,one_to_many,1,0,5007.35,0.023066,0.976934,3,0.228571,0.502222,0.26087,0.26087,0,0.069007,0,0,0.307692,0.235159,0,0,0,16,17,31,train,0
LED-000302,STL-000147-0|STL-000149-0|STL-000369-0,3,one_to_many,1,0,3857.16,0.017768,1.017768,4,0.228571,0.52,0.342857,0.342857,0,0.0,0,0,0.230769,0.769897,0,0,0,16,60,74,train,0
LED-000306,STL-000023-0|STL-000030-0,2,one_to_many,1,0,1373.76,0.012343,0.987657,2,0.307692,0.507326,0.307692,0.307692,0,0.059131,0,0,0.307692,0.754247,0,0,0,41,46,85,train,0
LED-000306,STL-000023-0|STL-000389-2,2,one_to_many,1,0,1503.98,0.013514,0.986486,1,0.4,0.558817,0.4,0.4,0,0.047565,0,0,0.230769,0.326599,0,0,0,41,65,104,train,0
LED-000306,STL-000030-0|STL-000306-1,2,one_to_many,1,0,2316.23,0.020812,1.020812,2,1.0,1.0,1.0,1.0,1,1.0,1,1,1.0,0.848528,0,0,0,41,46,85,train,0
LED-000306,STL-000255-0|STL-000306-1,2,one_to_many,1,0,146.25,0.001314,0.998686,2,1.0,1.0,1.0,1.0,1,1.0,1,1,1.0,0.848528,0,0,0,41,56,95,train,0
LED-000306,STL-000255-0|STL-000409-0,2,one_to_many,1,0,803.22,0.007217,1.007217,2,0.641509,0.703324,0.603774,0.641509,0,0.368037,0,0,0.230769,0.75,0,0,0,41,56,95,train,0
LED-000306,STL-000306-0|STL-000306-1,2,one_to_many,1,0,0.4,4e-06,1.000004,2,1.0,1.0,1.0,1.0,1,1.0,1,1,1.0,0.848528,0,0,0,41,66,105,train,1
LED-000306,STL-000306-0|STL-000409-0,2,one_to_many,1,0,949.87,0.008535,1.008535,2,1.0,1.0,1.0,1.0,1,1.0,0,0,0.230769,0.848528,0,0,0,41,66,105,train,0
LED-000306,STL-000306-1|STL-000389-2,2,one_to_many,1,0,2186.01,0.019642,1.019642,2,1.0,1.0,1.0,1.0,1,1.0,1,1,1.0,0.848528,0,0,0,41,65,104,train,0
LED-000308,STL-000058-0|STL-000134-0,2,one_to_many,1,0,2291.05,0.011483,1.011483,2,0.333333,0.561905,0.333333,0.333333,0,0.0,0,0,0.230769,0.770329,0,0,0,20,47,65,train,0
LED-000308,STL-000160-0|STL-000341-0,2,one_to_many,1,0,1348.06,0.006756,1.006756,3,0.0,0.0,0.0,0.0,0,0.0,0,0,0.230769,0.160128,0,0,0,20,22,40,train,0
LED-000308,STL-000341-0|STL-000575-0,2,one_to_many,1,0,3937.41,0.019734,1.019734,2,0.2,0.442002,0.3,0.3,0,0.13484,0,0,0.230769,0.131559,0,0,0,20,38,56,train,0
LED-000308,STL-000058-0|STL-000106-0|STL-000259-0,3,one_to_many,1,0,4702.66,0.02357,1.02357,3,0.25,0.464286,0.25,0.25,0,0.108465,0,0,0.230769,0.770329,0,0,0,20,47,65,train,0
LED-000308,STL-000058-0|STL-000075-0|STL-000160-0,3,one_to_many,1,0,2690.33,0.013484,1.013484,3,0.25,0.455238,0.25,0.25,0,0.0,0,0,0.230769,0.770329,0,0,0,20,47,65,train,0
LED-000308,STL-000058-0|STL-000221-0|STL-000259-0,3,one_to_many,1,0,4954.67,0.024833,1.024833,4,0.25,0.464286,0.25,0.25,0,0.0,0,0,0.230769,0.770329,0,0,0,20,47,65,train,0
LED-000308,STL-000058-0|STL-000075-0|STL-000317-0,3,one_to_many,1,0,3583.81,0.017962,0.982038,2,0.333333,0.535014,0.333333,0.333333,0,0.0,0,0,0.230769,0.770329,0,0,0,20,47,65,train,0
LED-000308,STL-000106-0|STL-000221-0|STL-000341-0,3,one_to_many,1,0,1966.79,0.009858,0.990142,4,0.230769,0.455238,0.230769,0.230769,0,0.108465,0,0,0.230769,0.153846,0,0,0,20,27,45,train,0
LED-000308,STL-000075-0|STL-000106-0|STL-000317-0,3,one_to_many,1,0,560.53,0.002809,1.002809,3,0.333333,0.535014,0.333333,0.333333,0,0.108465,0,0,0.230769,0.727533,0,0,0,20,37,55,train,0
LED-000308,STL-000075-0|STL-000221-0|STL-000317-0,3,one_to_many,1,0,812.54,0.004072,1.004072,4,0.333333,0.535014,0.333333,0.333333,0,0.0,0,0,0.230769,0.727533,0,0,0,20,37,55,train,0
LED-000312,STL-000185-0|STL-000316-0,2,one_to_many,1,0,3122.08,0.015279,0.984721,2,0.411765,0.643494,0.411765,0.411765,0,0.133333,0,0,0.230769,0.707107,0,0,0,14,21,33,train,0
LED-000312,STL-000316-0|STL-000373-0,2,one_to_many,1,0,2938.45,0.01438,0.98562,2,0.5,0.6881,0.411765,0.411765,0,0.133333,0,0,0.307692,0.285774,0,0,0,14,30,42,train,0
LED-000312,STL-000437-0|STL-000537-0,2,one_to_many,1,0,1878.61,0.009194,1.009194,4,0.352941,0.592157,0.352941,0.333333,0,0.0,0,0,0.230769,0.043644,0,0,0,14,20,32,train,0
LED-000312,STL-000537-0|STL-BATCH-000056-000418,2,one_to_many,1,0,174.57,0.000854,0.999146,4,0.352941,0.592157,0.352941,0.32,0,0.0,0,0,0.230769,0.043644,0,0,0,14,20,32,train,0
LED-000312,STL-000165-0|STL-000357-0|STL-000572-0,3,one_to_many,1,0,1163.84,0.005696,0.994304,4,0.333333,0.495098,0.333333,0.333333,0,0.0,0,0,0.307692,0.707107,0,0,0,14,35,47,train,0
LED-000312,STL-000437-0|STL-000458-0|STL-000572-0,3,one_to_many,1,0,3008.97,0.014725,1.014725,4,0.363636,0.594883,0.363636,0.363636,0,0.053838,0,0,0.307692,0.707107,0,0,0,14,20,32,train,0
LED-000312,STL-000458-0|STL-000572-0|STL-BATCH-000056-000418,3,one_to_many,1,0,955.79,0.004677,1.004677,4,0.363636,0.594883,0.363636,0.363636,0,0.053838,0,0,0.307692,0.707107,0,0,0,14,20,32,train,0
LED-000313,STL-000085-0|STL-000347-0,2,one_to_many,1,0,1490.56,0.006368,1.006368,4,0.24,0.505882,0.24,0.307692,0,0.0,0,0,0.230769,0.274986,0,0,0,33,17,48,train,0
LED-000313,STL-000085-0|STL-000414-0,2,one_to_many,1,0,4018.81,0.01717,1.01717,4,0.26087,0.558824,0.26087,0.428571,0,0.0,0,0,0.230769,0.274986,0,0,0,33,17,48,train,0
LED-000313,STL-000158-0|STL-000379-0,2,one_to_many,1,0,1527.17,0.006525,1.006525,4,0.333333,0.505882,0.333333,0.307692,0,0.07698,0,0,0.230769,0.099015,0,0,0,33,17,48,train,0
LED-000313,STL-000314-0|STL-000347-0,2,one_to_many,1,0,647.18,0.002765,0.997235,2,0.24,0.467787,0.24,0.266667,0,0.0,0,0,0.230769,0.246183,0,0,0,33,25,56,train,0
LED-000313,STL-000314-0|STL-000414-0,2,one_to_many,1,0,1881.07,0.008037,1.008037,2,0.26087,0.558824,0.26087,0.428571,0,0.0,0,0,0.230769,0.246183,0,0,0,33,25,56,train,0
LED-000313,STL-000085-0|STL-000314-0|STL-000507-0,3,one_to_many,1,0,2952.72,0.012615,1.012615,4,0.355556,0.515126,0.355556,0.307692,0,0.0,0,0,0.230769,0.274986,0,0,0,33,25,56,train,0
LED-000313,STL-000085-0|STL-000379-0|STL-000543-0,3,one_to_many,1,0,1878.15,0.008024,1.008024,4,0.333333,0.505882,0.333333,0.307692,0,0.07698,0,0,0.230769,0.725775,0,0,0,33,29,60,train,0
LED-000313,STL-000314-0|STL-000379-0|STL-000543-0,3,one_to_many,1,0,259.59,0.001109,0.998891,4,0.333333,0.481656,0.333333,0.30303,0,0.07698,0,0,0.230769,0.725775,0,0,0,33,29,60,train,0
LED-000313,STL-000507-0|STL-000543-0|STL-000557-0,3,one_to_many,1,0,1955.04,0.008353,0.991647,2,0.355556,0.515126,0.355556,0.222222,0,0.0,0,0,0.230769,0.725775,0,0,0,33,29,60,train,0
LED-000316,STL-000437-0|STL-000458-0,2,one_to_many,1,0,2489.77,0.01358,0.98642,1,0.272727,0.519535,0.272727,0.272727,0,0.0,0,0,0.230769,0.045361,0,0,0,11,20,29,train,0
LED-000316,STL-000165-0|STL-000373-0|STL-000437-0,3,one_to_many,1,0,2838.7,0.015483,0.984517,2,0.5,0.640265,0.388889,0.388889,0,0.0,0,0,0.230769,0.045361,0,0,0,11,30,39,train,0
LED-000316,STL-000357-0|STL-000373-0|STL-000572-0,3,one_to_many,1,0,101.22,0.000552,1.000552,2,0.5,0.640265,0.388889,0.388889,0,0.0,0,0,0.230769,0.725775,0,0,0,11,35,44,train,0
LED-000319,STL-000026-0|STL-000087-0,2,one_to_many,1,0,1854.21,0.014168,0.985832,0,0.166667,0.481481,0.166667,0.166667,0,0.0,0,0,0.230769,0.163299,0,0,0,23,150,171,val,0
LED-000320,STL-000320-0|STL-000320-1,2,one_to_many,1,0,0.0,0.0,1.0,0,0.692308,0.905882,0.692308,0.714286,0,0.68313,1,1,1.0,0.367423,0,0,0,15,51,64,train,1
LED-000321,STL-000000-0|STL-000321-0,2,one_to_many,1,0,3418.73,0.016601,1.016601,2,1.0,1.0,1.0,1.0,1,1.0,0,1,0.461538,0.914991,0,0,0,13,9,20,val,0
LED-000321,STL-000321-0|STL-000526-0,2,one_to_many,1,0,2539.57,0.012332,1.012332,1,1.0,1.0,1.0,1.0,1,1.0,0,1,0.461538,0.914991,0,0,0,13,11,22,val,0
LED-000322,STL-000161-0|STL-000330-0,2,one_to_many,1,0,2764.38,0.019792,1.019792,4,0.367347,0.626327,0.326531,0.326531,0,0.0,0,0,0.230769,0.204124,0,0,0,26,65,89,train,0
LED-000322,STL-000161-2|STL-000493-0,2,one_to_many,1,0,3091.62,0.022135,1.022135,4,0.263158,0.424145,0.263158,0.263158,0,0.123091,0,0,0.230769,0.213201,0,0,0,26,52,76,train,0
LED-000322,STL-000330-0|STL-000459-0,2,one_to_many,1,0,970.29,0.006947,1.006947,4,0.444444,0.626327,0.444444,0.444444,0,0.0,0,0,0.230769,0.707107,0,0,0,26,56,80,train,0
LED-000322,STL-000161-1|STL-000219-0|STL-000421-0,3,one_to_many,1,0,2202.18,0.015767,1.015767,2,0.333333,0.629462,0.4,0.4,0,0.13484,0,0,0.307692,0.754247,0,0,0,26,74,98,train,0
LED-000323,STL-000076-0|STL-000587-0,2,one_to_many,1,0,3451.59,0.013828,0.986172,3,0.325581,0.514077,0.372093,0.352941,0,0.087706,0,0,0.230769,0.178174,0,0,0,51,51,100,train,0
LED-000323,STL-000181-0|STL-000495-0,2,one_to_many,1,0,533.65,0.002138,0.997862,4,0.166667,0.460684,0.277778,0.277778,0,0.062017,0,0,0.230769,0.046524,0,0,0,51,54,103,train,0
LED-000323,STL-000001-0|STL-000076-0|STL-000292-0,3,one_to_many,1,0,2828.34,0.011331,1.011331,3,1.0,1.0,1.0,1.0,1,1.0,0,0,0.307692,0.731925,0,0,0,51,63,112,train,0
LED-000323,STL-000001-0|STL-000179-0|STL-000495-0,3,one_to_many,1,0,471.02,0.001887,0.998113,4,1.0,1.0,1.0,1.0,1,1.0,0,0,0.230769,0.731925,0,0,0,51,63,112,train,0
LED-000323,STL-000001-0|STL-000181-0|STL-000390-0,3,one_to_many,1,0,5543.68,0.022209,1.022209,4,1.0,1.0,1.0,1.0,1,1.0,0,0,0.230769,0.731925,0,0,0,51,64,113,train,0
LED-000323,STL-000001-0|STL-000390-0|STL-000495-0,3,one_to_many,1,0,5247.64,0.021023,0.978977,4,1.0,1.0,1.0,1.0,1,1.0,0,0,0.230769,0.731925,0,0,0,51,64,113,train,0
LED-000323,STL-000047-0|STL-000179-0|STL-000181-0,3,one_to_many,1,0,540.6,0.002166,1.002166,4,0.470588,0.640694,0.470588,0.470588,0,0.0,0,0,0.230769,0.142857,0,0,0,51,63,112,train,0
LED-000323,STL-000047-0|STL-000181-0|STL-000390-0,3,one_to_many,1,0,4236.02,0.016971,0.983029,4,0.3125,0.568864,0.3125,0.3125,0,0.0,0,0,0.230769,0.150188,0,0,0,51,64,113,train,0
LED-000323,STL-000076-0|STL-000532-0|STL-000587-0,3,one_to_many,1,0,2874.25,0.011515,1.011515,3,0.325581,0.514077,0.372093,0.352941,0,0.098058,0,0,0.230769,0.178174,0,0,0,51,72,121,train,0
LED-000323,STL-000179-0|STL-000292-0|STL-000587-0,3,one_to_many,1,0,597.08,0.002392,0.997608,4,0.603774,0.686657,0.566038,0.641509,0,0.431456,0,0,0.307692,0.178174,0,0,0,51,63,112,train,0
LED-000323,STL-000179-0|STL-000390-0|STL-000413-0,3,one_to_many,1,0,1127.21,0.004516,1.004516,4,0.470588,0.640694,0.470588,0.470588,0,0.0,0,0,0.230769,0.150188,0,0,0,51,64,113,train,0
LED-000323,STL-000181-0|STL-000349-0|STL-000532-0,3,one_to_many,1,0,159.76,0.00064,1.00064,2,0.171429,0.460684,0.171429,0.171429,0,0.098058,0,0,0.230769,0.720082,0,0,0,51,72,121,train,0
LED-000323,STL-000181-0|STL-000495-0|STL-000532-0,3,one_to_many,1,0,5792.19,0.023205,1.023205,4,0.166667,0.460684,0.277778,0.277778,0,0.098058,0,0,0.230769,0.046524,0,0,0,51,72,121,train,0
LED-000323,STL-000292-0|STL-000390-0|STL-000587-0,3,one_to_many,1,0,5373.7,0.021529,0.978471,4,0.603774,0.686657,0.566038,0.641509,0,0.431456,0,0,0.307692,0.178174,0,0,0,51,64,113,train,0
LED-000323,STL-000349-0|STL-000390-0|STL-000495-0,3,one_to_many,1,0,3294.73,0.0132,1.0132,4,0.3125,0.523504,0.3125,0.3125,0,0.062017,0,0,0.230769,0.720082,0,0,0,51,64,113,train,0
LED-000324,STL-000155-0|STL-000504-0,2,one_to_many,1,0,727.04,0.00314,0.99686,4,0.3125,0.523504,0.3125,0.3125,0,0.087706,0,0,0.307692,0.830291,0,0,0,14,9,21,train,0
LED-000324,STL-000333-1|STL-000438-0|STL-000586-0,3,one_to_many,1,0,106.79,0.000461,1.000461,2,0.358974,0.568864,0.358974,0.358974,0,0.0,0,0,0.230769,0.443039,0,0,0,14,13,25,train,0
LED-000333,STL-000333-0|STL-000333-1,2,one_to_many,1,0,1604.06,0.011736,0.988264,0,1.0,1.0,1.0,1.0,1,1.0,1,1,1.0,0.353553,0,0,0,6,8,12,train,1
LED-000335,STL-000060-0|STL-000152-0,2,one_to_many,1,0,5935.04,0.024308,1.024308,3,0.266667,0.511905,0.2,0.2,0,0.182574,0,0,0.230769,0.2179,0,0,0,54,59,111,train,0
LED-000335,STL-000099-0|STL-000486-0,2,one_to_many,1,0,5123.66,0.020985,0.979015,4,1.0,1.0,1.0,1.0,1,1.0,0,0,0.230769,0.2179,0,0,0,54,53,105,train,0
LED-000335,STL-000118-0|STL-000204-0,2,one_to_many,1,0,1533.99,0.006283,1.006283,3,0.294118,0.549145,0.294118,0.294118,0,0.0,0,0,0.230769,0.836905,0,0,0,54,68,120,train,0
LED-000335,STL-000257-0|STL-000358-0,2,one_to_many,1,0,3125.61,0.012802,1.012802,4,0.272727,0.475,0.30303,0.30303,0,0.08165,0,0,0.230769,0.2179,0,0,0,54,71,123,train,0
LED-000335,STL-000060-0|STL-000358-0|STL-000598-0,3,one_to_many,1,0,4787.45,0.019608,1.019608,4,0.285714,0.535256,0.30303,0.30303,0,0.182574,0,0,0.230769,0.2179,0,0,0,54,71,123,train,0
LED-000335,STL-000099-0|STL-000118-0|STL-000486-0,3,one_to_many,1,0,2930.54,0.012003,0.987997,4,1.0,1.0,1.0,1.0,1,1.0,0,0,0.230769,0.2179,0,0,0,54,68,120,train,0
LED-000335,STL-000118-0|STL-000152-0|STL-000263-0,3,one_to_many,1,0,4998.14,0.020471,0.979529,4,0.294118,0.549145,0.294118,0.294118,0,0.0,0,0,0.230769,0.836905,0,0,0,54,68,120,train,0
LED-000335,STL-000118-0|STL-000257-0|STL-000358-0,3,one_to_many,1,0,5318.73,0.021784,1.021784,4,0.294118,0.549145,0.30303,0.30303,0,0.08165,0,0,0.230769,0.2179,0,0,0,54,71,123,train,0
LED-000335,STL-000358-0|STL-000486-0|STL-000591-0,3,one_to_many,1,0,3996.23,0.016367,0.983633,4,1.0,1.0,1.0,1.0,1,1.0,0,0,0.230769,0.2179,0,0,0,54,71,123,train,0
LED-000336,STL-000165-0|STL-000437-0|STL-000572-0,3,one_to_many,1,0,2788.29,0.01498,1.01498,3,0.25,0.475,0.30303,0.30303,0,0.08165,0,0,0.230769,0.205153,0,0,0,9,23,30,train,0
LED-000336,STL-000357-0|STL-000373-0|STL-000572-0,3,one_to_many,1,0,2697.57,0.014492,0.985508,3,0.363636,0.580891,0.409091,0.409091,0,0.048507,0,0,0.230769,0.781736,0,0,0,9,35,42,train,0
LED-000339,STL-000032-0|STL-000549-0,2,one_to_many,1,0,4579.46,0.019972,0.980028,4,0.272727,0.486202,0.272727,0.171429,0,0.080257,0,0,0.230769,0.124515,0,0,0,52,32,82,train,0
LED-000339,STL-000032-2|STL-000549-0,2,one_to_many,1,0,3208.15,0.013992,0.986008,4,0.272727,0.486202,0.272727,0.171429,0,0.080257,0,0,0.230769,0.499169,0,0,0,52,31,81,train,0
LED-000339,STL-000210-0|STL-000549-0,2,one_to_many,1,0,1412.59,0.006161,1.006161,1,0.176471,0.384259,0.176471,0.176471,0,-0.085126,0,0,0.230769,0.149537,0,0,0,52,37,87,train,0
LED-000339,STL-000017-0|STL-000210-0|STL-000253-0,3,one_to_many,1,0,1205.81,0.005259,0.994741,1,0.625,0.638999,0.625,0.727273,0,0.500517,0,0,0.230769,0.835269,0,0,0,52,37,87,train,0
LED-000339,STL-000032-0|STL-000032-1|STL-000261-0,3,one_to_many,1,0,3332.22,0.014533,1.014533,4,0.272727,0.486202,0.272727,0.176471,0,0.080257,0,0,0.230769,0.499169,0,0,0,52,32,82,train,0
LED-000339,STL-000032-0|STL-000032-2|STL-000455-0,3,one_to_many,1,0,2086.56,0.0091,0.9909,4,0.349206,0.563362,0.285714,0.285714,0,0.080257,0,0,0.230769,0.499169,0,0,0,52,33,83,train,0
LED-000339,STL-000032-0|STL-000084-0|STL-000549-0,3,one_to_many,1,0,781.61,0.003409,1.003409,4,0.615385,0.684444,0.615385,0.648649,0,0.500435,0,0,0.230769,0.124515,0,0,0,52,33,83,train,0
LED-000339,STL-000032-0|STL-000210-0|STL-000455-0,3,one_to_many,1,0,2534.18,0.011052,1.011052,4,0.349206,0.563362,0.285714,0.285714,0,0.080257,0,0,0.230769,0.149537,0,0,0,52,37,87,train,0
LED-000339,STL-000032-0|STL-000210-1|STL-000261-0,3,one_to_many,1,0,3453.48,0.015062,1.015062,4,0.272727,0.486202,0.272727,0.176471,0,0.080257,0,0,0.230769,0.195077,0,0,0,52,37,87,train,0
LED-000339,STL-000032-0|STL-000210-2|STL-000261-0,3,one_to_many,1,0,4443.23,0.019378,1.019378,4,0.272727,0.486202,0.272727,0.176471,0,0.080257,0,0,0.230769,0.195077,0,0,0,52,32,82,train,0
LED-000339,STL-000032-1|STL-000032-2|STL-000261-0,3,one_to_many,1,0,4703.53,0.020513,1.020513,4,0.272727,0.486202,0.272727,0.176471,0,0.080257,0,0,0.230769,0.499169,0,0,0,52,31,81,train,0
LED-000339,STL-000032-1|STL-000084-0|STL-000549-0,3,one_to_many,1,0,4193.61,0.01829,0.98171,4,0.615385,0.684444,0.615385,0.648649,0,0.500435,0,0,0.230769,0.499169,0,0,0,52,33,83,train,0
LED-000339,STL-000032-1|STL-000210-0|STL-000455-0,3,one_to_many,1,0,2441.04,0.010646,0.989354,4,0.349206,0.563362,0.285714,0.285714,0,0.080257,0,0,0.230769,0.499169,0,0,0,52,37,87,train,0
LED-000339,STL-000032-1|STL-000210-1|STL-000261-0,3,one_to_many,1,0,1521.74,0.006637,0.993363,4,0.272727,0.486202,0.272727,0.176471,0,0.080257,0,0,0.230769,0.499169,0,0,0,52,37,87,train,0
LED-000339,STL-000032-1|STL-000210-2|STL-000261-0,3,one_to_many,1,0,531.99,0.00232,0.99768,4,0.272727,0.486202,0.272727,0.176471,0,0.080257,0,0,0.230769,0.499169,0,0,0,52,30,80,train,0
LED-000339,STL-000032-2|STL-000084-0|STL-000549-0,3,one_to_many,1,0,2152.92,0.009389,1.009389,4,0.615385,0.684444,0.615385,0.648649,0,0.500435,0,0,0.230769,0.499169,0,0,0,52,33,83,train,0
LED-000339,STL-000032-2|STL-000210-0|STL-000455-0,3,one_to_many,1,0,3905.49,0.017033,1.017033,4,0.349206,0.563362,0.285714,0.285714,0,0.080257,0,0,0.230769,0.499169,0,0,0,52,37,87,train,0
LED-000339,STL-000032-2|STL-000210-1|STL-000261-0,3,one_to_many,1,0,4824.79,0.021042,1.021042,4,0.272727,0.486202,0.272727,0.176471,0,0.080257,0,0,0.230769,0.499169,0,0,0,52,37,87,train,0
LED-000339,STL-000032-2|STL-000210-2|STL-000261-0,3,one_to_many,1,0,5814.54,0.025359,1.025359,4,0.272727,0.486202,0.272727,0.176471,0,0.080257,0,0,0.230769,0.499169,0,0,0,52,31,81,train,0
LED-000339,STL-000084-0|STL-000210-0|STL-000261-0,3,one_to_many,1,0,1118.26,0.004877,0.995123,3,0.615385,0.684444,0.615385,0.648649,0,0.500435,0,0,0.230769,0.195077,0,0,0,52,37,87,train,0
LED-000339,STL-000084-0|STL-000210-1|STL-000549-0,3,one_to_many,1,0,4072.35,0.017761,0.982239,3,0.615385,0.684444,0.615385,0.648649,0,0.500435,0,0,0.230769,0.149537,0,0,0,52,37,87,train,0
LED-000339,STL-000084-0|STL-000210-2|STL-000549-0,3,one_to_many,1,0,3082.6,0.013444,0.986556,3,0.615385,0.684444,0.615385,0.648649,0,0.500435,0,0,0.230769,0.149537,0,0,0,52,33,83,train,0
LED-000339,STL-000210-0|STL-000210-1|STL-000455-0,3,one_to_many,1,0,2319.78,0.010117,0.989883,4,0.349206,0.563362,0.285714,0.285714,0,-0.03576,0,0,0.230769,0.149537,0,0,0,52,37,87,train,0
LED-000339,STL-000210-0|STL-000210-2|STL-000455-0,3,one_to_many,1,0,1330.03,0.005801,0.994199,4,0.349206,0.563362,0.285714,0.285714,0,-0.03576,0,0,0.230769,0.149537,0,0,0,52,37,87,train,0
LED-000339,STL-000210-1|STL-000210-2|STL-000261-0,3,one_to_many,1,0,410.73,0.001791,0.998209,0,0.176471,0.0,0.176471,0.176471,0,-0.09325,0,0,0.230769,0.195077,0,0,0,52,37,87,train,0
LED-000342,STL-000029-0|STL-000386-0,2,one_to_many,1,0,3736.23,0.019718,1.019718,2,0.333333,0.554837,0.333333,0.333333,0,0.0,0,0,0.230769,0.746203,0,0,0,91,122,211,train,0
LED-000342,STL-000068-0|STL-000073-0,2,one_to_many,1,0,2429.48,0.012822,0.987178,2,0.411765,0.669923,0.411765,0.411765,0,0.072739,0,0,0.0,0.087039,0,1,0,91,179,268,train,0
LED-000342,STL-000151-0|STL-000540-0,2,one_to_many,1,0,3532.72,0.018644,1.018644,4,0.222222,0.517949,0.222222,0.222222,0,0.0,0,0,0.0,0.1066,0,1,0,91,71,160,train,0
LED-000342,STL-000168-0|STL-000200-0,2,one_to_many,1,0,708.29,0.003738,1.003738,0,0.315789,0.520128,0.315789,0.315789,0,0.0,0,0,0.307692,0.142134,0,0,0,91,175,264,train,0
LED-000342,STL-000168-0|STL-000200-1,2,one_to_many,1,0,157.85,0.000833,1.000833,1,0.315789,0.520128,0.315789,0.315789,0,0.0,0,0,0.307692,0.113961,0,0,0,91,173,262,train,0
LED-000342,STL-000168-0|STL-000200-2,2,one_to_many,1,0,643.98,0.003399,1.003399,0,0.315789,0.520128,0.315789,0.315789,0,0.235702,0,0,0.307692,0.781736,0,0,0,91,178,267,train,0
LED-000342,STL-000200-0|STL-000342-0,2,one_to_many,1,0,2069.96,0.010924,1.010924,0,1.0,1.0,1.0,1.0,1,1.0,1,1,1.0,0.205153,0,0,0,91,175,264,train,0
LED-000342,STL-000200-1|STL-000342-0,2,one_to_many,1,0,1519.52,0.008019,1.008019,1,1.0,1.0,1.0,1.0,1,1.0,1,1,1.0,0.205153,0,0,0,91,173,262,train,0
LED-000342,STL-000200-2|STL-000342-0,2,one_to_many,1,0,2005.65,0.010585,1.010585,0,1.0,1.0,1.0,1.0,1,1.0,1,1,1.0,0.781736,0,0,0,91,178,267,train,0
LED-000342,STL-000068-0|STL-000073-0|STL-000200-0,3,one_to_many,1,0,359.04,0.001895,0.998105,2,0.411765,0.669923,0.411765,0.411765,0,0.072739,0,0,0.307692,0.142134,0,0,0,91,179,268,train,0
LED-000342,STL-000068-0|STL-000073-0|STL-000200-1,3,one_to_many,1,0,909.48,0.0048,0.9952,2,0.411765,0.669923,0.411765,0.411765,0,0.072739,0,0,0.307692,0.113961,0,0,0,91,179,268,train,0
LED-000342,STL-000068-0|STL-000073-0|STL-000200-2,3,one_to_many,1,0,423.35,0.002234,0.997766,2,0.411765,0.669923,0.411765,0.411765,0,0.235702,0,0,0.307692,0.781736,0,0,0,91,179,268,train,0
LED-000342,STL-000068-0|STL-000081-0|STL-000540-0,3,one_to_many,1,0,1798.09,0.00949,0.99051,4,0.411765,0.669923,0.411765,0.411765,0,0.072739,0,0,0.230769,0.710669,0,0,0,91,179,268,train,0
LED-000342,STL-000073-0|STL-000081-0|STL-000423-0,3,one_to_many,1,0,445.77,0.002353,1.002353,4,0.341463,0.549271,0.341463,0.341463,0,0.060858,0,0,0.230769,0.710669,0,0,0,91,109,198,train,0
LED-000342,STL-000081-0|STL-000151-0|STL-000427-0,3,one_to_many,1,0,899.2,0.004746,1.004746,4,0.341463,0.523097,0.341463,0.341463,0,0.060858,0,0,0.307692,0.710669,0,0,0,91,109,198,train,0
LED-000342,STL-000151-0|STL-000386-0|STL-000423-1,3,one_to_many,1,0,1819.84,0.009604,1.009604,4,0.333333,0.554837,0.333333,0.333333,0,0.0,0,0,0.230769,0.781736,0,0,0,91,122,211,train,0
LED-000342,STL-000168-0|STL-000200-0|STL-000200-1,3,one_to_many,1,0,2228.29,0.01176,1.01176,1,0.315789,0.520128,0.315789,0.315789,0,0.0,0,0,0.307692,0.142134,0,0,0,91,175,264,train,0
LED-000342,STL-000168-0|STL-000200-0|STL-000200-2,3,one_to_many,1,0,2714.42,0.014326,1.014326,0,0.315789,0.520128,0.315789,0.315789,0,0.235702,0,0,0.307692,0.781736,0,0,0,91,178,267,train,0
LED-000342,STL-000168-0|STL-000200-1|STL-000200-2,3,one_to_many,1,0,2163.98,0.011421,1.011421,1,0.315789,0.520128,0.315789,0.315789,0,0.235702,0,0,0.307692,0.781736,0,0,0,91,178,267,train,0
LED-000342,STL-000200-0|STL-000200-1|STL-000342-0,3,one_to_many,1,0,3589.96,0.018946,1.018946,1,1.0,1.0,1.0,1.0,1,1.0,1,1,1.0,0.205153,0,0,0,91,175,264,train,0
LED-000342,STL-000200-0|STL-000200-2|STL-000342-0,3,one_to_many,1,0,4076.09,0.021512,1.021512,0,1.0,1.0,1.0,1.0,1,1.0,1,1,1.0,0.781736,0,0,0,91,178,267,train,0
LED-000342,STL-000200-1|STL-000200-2|STL-000342-0,3,one_to_many,1,0,3525.65,0.018607,1.018607,1,1.0,1.0,1.0,1.0,1,1.0,1,1,1.0,0.781736,0,0,0,91,178,267,train,0
LED-000342,STL-000386-0|STL-000423-0|STL-000427-0,3,one_to_many,1,0,1034.07,0.005457,1.005457,4,0.333333,0.554837,0.333333,0.333333,0,0.0,0,0,0.307692,0.246183,0,0,0,91,122,211,train,0
LED-000347,STL-000085-0|STL-000507-0,2,one_to_many,1,0,2710.09,0.017704,1.017704,4,0.277778,0.534524,0.277778,0.277778,0,0.0,0,0,0.230769,0.255377,0,0,0,38,21,57,train,0
LED-000347,STL-000314-0|STL-000507-0,2,one_to_many,1,0,572.35,0.003739,1.003739,2,0.277778,0.534524,0.277778,0.277778,0,0.0,0,0,0.230769,0.222277,0,0,0,38,25,61,train,0
LED-000347,STL-000379-0|STL-000543-0,2,one_to_many,1,0,502.22,0.003281,0.996719,4,0.363636,0.498333,0.363636,0.363636,0,0.0,0,0,0.230769,0.688062,0,0,0,38,29,65,train,0
LED-000349,STL-000001-0|STL-000532-0,2,one_to_many,1,0,2223.69,0.019589,0.980411,2,0.354839,0.591042,0.354839,0.354839,0,-0.033634,0,0,0.230769,0.196419,0,0,0,48,72,118,train,0
LED-000349,STL-000047-0|STL-000390-0,2,one_to_many,1,0,1922.9,0.016939,1.016939,4,0.190476,0.484392,0.142857,0.142857,0,0.0,0,0,0.230769,0.044151,0,0,0,48,64,110,train,0
LED-000349,STL-000076-0|STL-000179-0|STL-000532-0,3,one_to_many,1,0,2660.12,0.023434,1.023434,4,0.360656,0.696667,0.360656,0.360656,0,0.076697,0,0,0.307692,0.196419,0,0,0,48,72,118,train,0
LED-000349,STL-000076-0|STL-000390-0|STL-000532-0,3,one_to_many,1,0,2116.5,0.018645,0.981355,4,0.190476,0.477513,0.232558,0.232558,0,0.076697,0,0,0.230769,0.196419,0,0,0,48,72,118,train,0
LED-000350,STL-000058-0|STL-000259-0,2,one_to_many,1,0,1601.62,0.009602,1.009602,0,0.96,0.992,0.96,0.96,0,0.801002,0,0,0.230769,0.742308,0,0,0,13,47,58,train,0
LED-000351,STL-000127-0|STL-000469-0,2,one_to_many,1,0,2252.14,0.024984,1.024984,4,1.0,1.0,1.0,1.0,1,1.0,0,0,0.230769,0.764775,0,0,0,24,125,147,train,0
LED-000351,STL-000214-0|STL-000469-0,2,one_to_many,1,0,1818.96,0.020179,1.020179,4,1.0,1.0,1.0,1.0,1,1.0,0,0,0.230769,0.218844,0,0,0,24,125,147,train,0
LED-000352,STL-000069-0|STL-000255-0,2,one_to_many,1,0,2260.89,0.017228,1.017228,2,0.333333,0.535014,0.333333,0.333333,0,0.0,0,0,0.230769,0.052129,0,0,0,22,56,76,train,0
LED-000352,STL-000069-0|STL-000306-0,2,one_to_many,1,0,2407.54,0.018346,1.018346,2,0.333333,0.535014,0.333333,0.333333,0,0.087706,0,0,0.230769,0.098295,0,0,0,22,66,86,train,0
LED-000354,STL-000138-0|STL-000545-1,2,one_to_many,1,0,2296.28,0.019744,0.980256,4,1.0,1.0,1.0,1.0,1,1.0,0,0,0.384615,0.211667,0,0,0,55,79,132,train,0
LED-000354,STL-000138-0|STL-000545-2,2,one_to_many,1,0,1262.14,0.010852,1.010852,4,1.0,1.0,1.0,1.0,1,1.0,0,0,0.384615,0.211667,0,0,0,55,73,126,train,0
LED-000354,STL-000354-0|STL-000584-0,2,one_to_many,1,0,2308.27,0.019847,1.019847,3,1.0,1.0,1.0,1.0,1,1.0,0,1,0.461538,0.169334,0,0,0,55,51,104,train,0
LED-000354,STL-000284-0|STL-000545-1|STL-000584-0,3,one_to_many,1,0,1591.01,0.01368,0.98632,4,1.0,1.0,1.0,1.0,1,1.0,0,0,0.230769,0.169334,0,0,0,55,79,132,train,0
LED-000354,STL-000284-0|STL-000545-2|STL-000584-0,3,one_to_many,1,0,1967.41,0.016916,1.016916,4,1.0,1.0,1.0,1.0,1,1.0,0,0,0.230769,0.169334,0,0,0,55,73,126,train,0
LED-000354,STL-000354-0|STL-000354-1|STL-000354-2,3,one_to_many,1,0,573.04,0.004927,0.995073,1,1.0,1.0,1.0,1.0,1,1.0,1,1,1.0,0.156772,0,0,0,55,54,107,train,1
LED-000354,STL-000545-0|STL-000545-1|STL-000584-0,3,one_to_many,1,0,1349.96,0.011607,0.988393,4,1.0,1.0,1.0,1.0,1,1.0,0,0,0.230769,0.169334,0,0,0,55,79,132,train,0
LED-000354,STL-000545-0|STL-000545-2|STL-000584-0,3,one_to_many,1,0,2208.46,0.018989,1.018989,4,1.0,1.0,1.0,1.0,1,1.0,0,0,0.230769,0.169334,0,0,0,55,73,126,train,0
LED-000357,STL-000458-0|STL-000537-0,2,one_to_many,1,0,1013.05,0.007295,0.992705,3,0.181818,0.48366,0.181818,0.285714,0,0.0,0,0,0.230769,0.175075,0,0,0,15,20,33,train,0
LED-000357,STL-000165-0|STL-000373-0|STL-000537-0,3,one_to_many,1,0,1361.98,0.009808,0.990192,3,0.285714,0.527778,0.285714,0.285714,0,0.0,0,0,0.230769,0.758098,0,0,0,15,30,43,train,0
LED-000360,STL-000235-0|STL-000360-0,2,one_to_many,1,0,2535.0,0.012332,0.987668,4,1.0,1.0,1.0,1.0,1,1.0,1,1,1.0,0.215614,0,0,0,14,30,42,train,0
LED-000360,STL-000328-0|STL-000431-0,2,one_to_many,1,0,2363.5,0.011498,0.988502,3,0.222222,0.51358,0.235294,0.235294,0,0.0,0,0,0.230769,0.15401,0,0,0,14,20,32,train,0
LED-000360,STL-000235-0|STL-000328-0|STL-000431-0,3,one_to_many,1,0,1046.92,0.005093,0.994907,4,0.222222,0.51358,0.235294,0.235294,0,0.0,0,0,0.230769,0.15401,0,0,0,14,30,42,train,0
LED-000365,STL-000112-0|STL-000216-0,2,one_to_many,1,0,1069.42,0.009085,0.990915,0,1.0,1.0,1.0,1.0,1,1.0,0,0,0.230769,0.769897,0,0,0,20,39,57,train,0
LED-000365,STL-000112-0|STL-000216-1,2,one_to_many,1,0,1265.14,0.010747,0.989253,0,0.64,0.894118,0.64,1.0,0,0.632456,0,0,0.230769,0.061604,0,0,0,20,40,58,train,0
LED-000365,STL-000216-0|STL-000216-1|STL-000216-2,3,one_to_many,1,0,1371.16,0.011648,0.988352,1,1.0,1.0,1.0,1.0,1,1.0,0,0,0.230769,0.769897,0,0,0,20,40,58,train,0
LED-000365,STL-000216-0|STL-000216-1|STL-000294-1,3,one_to_many,1,0,45.74,0.000389,1.000389,0,1.0,1.0,1.0,1.0,1,1.0,0,0,0.230769,0.769897,0,0,0,20,40,58,train,0
LED-000365,STL-000216-2|STL-000294-1|STL-000517-0,3,one_to_many,1,0,342.87,0.002913,1.002913,4,0.64,0.894118,0.64,1.0,0,0.632456,0,0,0.230769,0.211667,0,0,0,20,35,53,train,0
LED-000368,STL-000038-0|STL-000038-2,2,one_to_many,1,0,1586.34,0.00858,0.99142,2,0.222222,0.489177,0.210526,0.210526,0,0.0,0,0,0.230769,0.274986,0,0,0,40,53,91,val,0
LED-000369,STL-000149-0|STL-000196-0|STL-000289-0,3,one_to_many,1,0,1507.64,0.018396,0.981604,4,0.615385,0.684444,0.615385,0.648649,0,0.500435,0,0,0.230769,0.338667,0,0,0,25,89,112,train,0
LED-000376,STL-000037-0|STL-000083-0,2,one_to_many,1,0,894.67,0.005672,0.994328,2,0.146341,0.485185,0.146341,0.146341,0,0.099015,0,0,0.230769,0.073621,0,0,0,40,57,95,train,0
LED-000376,STL-000037-0|STL-000383-0,2,one_to_many,1,0,4024.87,0.025519,1.025519,4,0.285714,0.549003,0.285714,0.285714,0,0.099015,0,0,0.230769,0.073621,0,0,0,40,57,95,train,0
LED-000376,STL-000037-0|STL-000522-0,2,one_to_many,1,0,3457.28,0.02192,1.02192,2,0.4,0.613339,0.363636,0.363636,0,0.166378,0,0,0.230769,0.511199,0,0,0,40,57,95,train,0
LED-000376,STL-000196-0|STL-000465-0,2,one_to_many,1,0,3276.58,0.020775,0.979225,0,0.349206,0.563362,0.304348,0.304348,0,-0.03576,0,0,0.307692,0.830291,0,0,0,40,89,127,train,0
LED-000376,STL-000361-0|STL-000383-0,2,one_to_many,1,0,1750.78,0.0111,0.9889,4,0.385965,0.656085,0.385965,0.385965,0,0.124784,0,0,0.230769,0.477119,0,0,0,40,55,93,train,0
LED-000376,STL-000361-0|STL-000522-0,2,one_to_many,1,0,2318.37,0.014699,0.985301,1,0.4,0.656085,0.385965,0.385965,0,0.166378,0,0,0.230769,0.511199,0,0,0,40,55,93,train,0
LED-000376,STL-000083-0|STL-000092-0|STL-000246-0,3,one_to_many,1,0,317.19,0.002011,1.002011,3,0.3125,0.595099,0.34375,0.34375,0,0.099015,0,0,0.230769,0.127515,0,0,0,40,83,121,train,0
LED-000376,STL-000083-0|STL-000196-0|STL-000246-1,3,one_to_many,1,0,2697.89,0.017105,0.982895,2,0.349206,0.595099,0.34375,0.34375,0,0.099015,0,0,0.307692,0.191273,0,0,0,40,89,127,train,0
LED-000376,STL-000083-0|STL-000246-0|STL-000361-0,3,one_to_many,1,0,2852.46,0.018085,1.018085,2,0.385965,0.656085,0.385965,0.385965,0,0.124784,0,0,0.230769,0.477119,0,0,0,40,83,121,train,0
LED-000376,STL-000196-0|STL-000246-0|STL-000383-0,3,one_to_many,1,0,2679.04,0.016986,0.983014,4,0.349206,0.595099,0.34375,0.34375,0,0.0,0,0,0.307692,0.069843,0,0,0,40,89,127,train,0
LED-000376,STL-000196-0|STL-000246-0|STL-000522-0,3,one_to_many,1,0,3246.63,0.020585,0.979415,1,0.4,0.613339,0.363636,0.363636,0,0.166378,0,0,0.307692,0.511199,0,0,0,40,89,127,train,0
LED-000376,STL-000196-0|STL-000246-1|STL-000383-0,3,one_to_many,1,0,2221.65,0.014086,1.014086,4,0.349206,0.595099,0.34375,0.34375,0,0.0,0,0,0.307692,0.191273,0,0,0,40,89,127,train,0
LED-000376,STL-000196-0|STL-000246-1|STL-000522-0,3,one_to_many,1,0,1654.06,0.010487,1.010487,1,0.4,0.613339,0.363636,0.363636,0,0.166378,0,0,0.307692,0.511199,0,0,0,40,89,127,train,0
LED-000376,STL-000246-0|STL-000246-1|STL-000383-0,3,one_to_many,1,0,3714.77,0.023553,0.976447,4,0.3125,0.595099,0.34375,0.34375,0,0.0,0,0,0.230769,0.191273,0,0,0,40,83,121,train,0
LED-000377,STL-000377-0|STL-000377-1|STL-000377-2,3,one_to_many,1,0,236.45,0.002245,0.997755,1,1.0,1.0,1.0,1.0,1,1.0,1,1,1.0,0.835504,0,0,0,18,74,90,train,1
LED-000381,STL-000306-0|STL-000389-1,2,one_to_many,1,0,844.73,0.014432,1.014432,4,1.0,1.0,1.0,1.0,1,1.0,0,0,0.230769,0.707107,0,0,0,43,66,107,train,0
LED-000381,STL-000325-0|STL-000389-0|STL-000389-1,3,one_to_many,1,0,254.23,0.004344,1.004344,2,0.4,0.558817,0.4,0.4,0,0.047565,0,0,0.230769,0.707107,0,0,0,43,56,97,train,0
LED-000382,STL-000211-0|STL-000303-0|STL-000590-0,3,one_to_many,1,0,1754.01,0.011003,0.988997,4,0.588235,0.692991,0.588235,0.648649,0,0.509902,0,0,0.230769,0.769897,0,0,0,29,76,103,test,0
LED-000383,STL-000123-0|STL-000461-0,2,one_to_many,1,0,429.0,0.003298,1.003298,3,0.222222,0.517949,0.222222,0.222222,0,0.0,0,0,0.307692,0.511199,0,0,0,27,42,67,train,0
LED-000383,STL-000135-0|STL-000389-1,2,one_to_many,1,0,934.73,0.007187,0.992813,3,0.375,0.610886,0.324324,0.324324,0,0.080845,0,0,0.230769,0.209529,0,0,0,27,54,79,train,0
LED-000383,STL-000389-0|STL-000461-0,2,one_to_many,1,0,2925.18,0.022491,0.977509,3,0.3,0.579867,0.25,0.25,0,0.06415,0,0,0.307692,0.830291,0,0,0,27,43,68,train,0
LED-000383,STL-000123-0|STL-000255-1|STL-000325-0,3,one_to_many,1,0,2122.86,0.016322,0.983678,4,0.315789,0.576923,0.461538,0.461538,0,0.0,0,0,0.307692,0.477119,0,0,0,27,57,82,train,0
LED-000383,STL-000123-0|STL-000381-0|STL-000389-0,3,one_to_many,1,0,1086.56,0.008354,1.008354,3,0.307692,0.617949,0.358974,0.358974,0,0.065372,0,0,0.230769,0.830291,0,0,0,27,43,68,train,0
LED-000383,STL-000325-0|STL-000389-0|STL-000461-0,3,one_to_many,1,0,2646.91,0.020351,1.020351,3,0.315789,0.579867,0.315789,0.315789,0,0.06415,0,0,0.307692,0.830291,0,0,0,27,56,81,train,0
LED-000388,STL-000083-0|STL-000135-0,2,one_to_many,1,0,2450.91,0.010508,1.010508,4,0.372093,0.571637,0.372093,0.372093,0,0.108465,0,0,0.230769,0.763058,0,0,0,36,52,86,train,0
LED-000388,STL-000037-0|STL-000083-0|STL-000239-0,3,one_to_many,1,0,1023.11,0.004387,0.995613,1,1.0,1.0,1.0,1.0,1,1.0,0,0,0.230769,0.254,0,0,0,36,57,91,train,0
LED-000388,STL-000037-0|STL-000092-0|STL-000410-0,3,one_to_many,1,0,672.79,0.002885,0.997115,3,0.4,0.613339,0.363636,0.363636,0,0.166378,0,0,0.230769,0.254,0,0,0,36,57,91,train,0
LED-000388,STL-000037-0|STL-000135-0|STL-000436-0,3,one_to_many,1,0,1882.84,0.008073,0.991927,4,0.372093,0.571637,0.372093,0.372093,0,0.108465,0,0,0.230769,0.763058,0,0,0,36,57,91,train,0
LED-000388,STL-000037-0|STL-000239-0|STL-000383-0,3,one_to_many,1,0,3896.43,0.016706,1.016706,3,1.0,1.0,1.0,1.0,1,1.0,0,0,0.230769,0.211667,0,0,0,36,57,91,train,0
LED-000388,STL-000037-0|STL-000239-0|STL-000522-0,3,one_to_many,1,0,3328.84,0.014273,1.014273,1,1.0,1.0,1.0,1.0,1,1.0,0,0,0.230769,0.211667,0,0,0,36,57,91,train,0
LED-000388,STL-000037-0|STL-000361-0|STL-000410-0,3,one_to_many,1,0,1862.48,0.007985,1.007985,3,0.45,0.639548,0.45,0.45,0,0.166378,0,0,0.230769,0.254,0,0,0,36,57,91,train,0
LED-000388,STL-000083-0|STL-000092-0|STL-000436-0,3,one_to_many,1,0,4402.93,0.018878,1.018878,2,0.307692,0.593985,0.230769,0.230769,0,0.108465,0,0,0.230769,0.254,0,0,0,36,52,86,train,0
LED-000388,STL-000083-0|STL-000246-1|STL-000436-0,3,one_to_many,1,0,4548.57,0.019502,0.980498,1,0.382979,0.58796,0.382979,0.382979,0,0.044281,0,0,0.230769,0.769897,0,0,0,36,55,89,train,0
LED-000388,STL-000092-0|STL-000239-0|STL-000383-0,3,one_to_many,1,0,4414.49,0.018927,0.981073,3,1.0,1.0,1.0,1.0,1,1.0,0,0,0.230769,0.211667,0,0,0,36,44,78,train,0
LED-000388,STL-000092-0|STL-000239-0|STL-000522-0,3,one_to_many,1,0,4982.08,0.021361,0.978639,2,1.0,1.0,1.0,1.0,1,1.0,0,0,0.230769,0.211667,0,0,0,36,44,78,train,0
LED-000388,STL-000239-0|STL-000361-0|STL-000383-0,3,one_to_many,1,0,1879.22,0.008057,0.991943,3,1.0,1.0,1.0,1.0,1,1.0,0,0,0.230769,0.211667,0,0,0,36,55,89,train,0
LED-000388,STL-000239-0|STL-000361-0|STL-000522-0,3,one_to_many,1,0,2446.81,0.010491,0.989509,1,1.0,1.0,1.0,1.0,1,1.0,0,0,0.230769,0.211667,0,0,0,36,55,89,train,0
LED-000388,STL-000246-1|STL-000383-0|STL-000436-0,3,one_to_many,1,0,370.97,0.001591,1.001591,3,0.382979,0.610886,0.382979,0.382979,0,0.080845,0,0,0.230769,0.769897,0,0,0,36,55,89,train,0
LED-000388,STL-000246-1|STL-000436-0|STL-000522-0,3,one_to_many,1,0,196.62,0.000843,0.999157,0,1.0,1.0,1.0,1.0,1,1.0,0,0,0.230769,0.769897,0,0,0,36,55,89,train,0
LED-000389,STL-000069-0|STL-000325-0,2,one_to_many,1,0,2220.68,0.023084,1.023084,4,0.5,0.640265,0.388889,0.388889,0,0.0,0,0,0.307692,0.4892,0,0,0,42,56,96,train,0
LED-000389,STL-000205-0|STL-000389-1,2,one_to_many,1,0,1986.59,0.020651,1.020651,3,1.0,1.0,1.0,1.0,1,1.0,1,1,1.0,0.16343,0,0,0,42,54,94,train,0
LED-000389,STL-000030-0|STL-000389-0|STL-000389-1,3,one_to_many,1,0,123.46,0.001283,1.001283,4,1.0,1.0,1.0,1.0,1,1.0,1,1,1.0,0.906238,0,0,0,42,54,94,train,0
LED-000389,STL-000123-0|STL-000255-0|STL-000389-1,3,one_to_many,1,0,1015.16,0.010553,1.010553,3,1.0,1.0,1.0,1.0,1,1.0,1,1,1.0,0.15097,0,0,0,42,56,96,train,0
LED-000389,STL-000123-0|STL-000306-0|STL-000389-1,3,one_to_many,1,0,1161.81,0.012077,1.012077,2,1.0,1.0,1.0,1.0,1,1.0,1,1,1.0,0.15097,0,0,0,42,66,106,train,0
LED-000389,STL-000255-0|STL-000389-0|STL-000389-1,3,one_to_many,1,0,2339.02,0.024315,0.975685,3,1.0,1.0,1.0,1.0,1,1.0,1,1,1.0,0.906238,0,0,0,42,56,96,train,0
LED-000389,STL-000306-0|STL-000389-0|STL-000389-1,3,one_to_many,1,0,2192.37,0.02279,0.97721,2,1.0,1.0,1.0,1.0,1,1.0,1,1,1.0,0.906238,0,0,0,42,66,106,train,0
LED-000389,STL-000306-1|STL-000325-0|STL-000389-1,3,one_to_many,1,0,1543.31,0.016043,0.983957,4,1.0,1.0,1.0,1.0,1,1.0,1,1,1.0,0.4892,0,0,0,42,56,96,train,0
LED-000389,STL-000325-0|STL-000389-1|STL-000409-0,3,one_to_many,1,0,593.84,0.006173,0.993827,4,1.0,1.0,1.0,1.0,1,1.0,1,1,1.0,0.823853,0,0,0,42,56,96,train,0
LED-000389,STL-000389-0|STL-000389-1|STL-000389-2,3,one_to_many,1,0,6.76,7e-05,0.99993,2,1.0,1.0,1.0,1.0,1,1.0,1,1,1.0,0.906238,0,0,0,42,65,105,train,1
LED-000391,STL-000207-0|STL-000499-0,2,one_to_many,1,0,3844.42,0.020908,0.979092,1,0.355556,0.539869,0.355556,0.355556,0,0.08165,0,0,0.307692,0.791808,0,0,0,36,70,104,train,0
LED-000391,STL-000207-0|STL-000503-0,2,one_to_many,1,0,4336.14,0.023583,1.023583,2,0.325581,0.539869,0.325581,0.325581,0,0.08165,0,0,0.230769,0.791808,0,0,0,36,63,97,train,0
LED-000391,STL-000416-1|STL-000499-0,2,one_to_many,1,0,3812.63,0.020735,0.979265,4,0.64,0.894118,0.64,1.0,0,0.632456,0,0,0.307692,0.081044,0,0,0,36,70,104,train,0
LED-000391,STL-000416-1|STL-000503-0,2,one_to_many,1,0,4367.93,0.023755,1.023755,4,0.64,0.894118,0.64,1.0,0,0.632456,0,0,0.230769,0.758098,0,0,0,36,63,97,train,0
LED-000391,STL-000424-0|STL-000503-0,2,one_to_many,1,0,3118.67,0.016961,1.016961,2,0.466667,0.629462,0.4,0.4,0,0.07785,0,0,0.230769,0.758098,0,0,0,36,63,97,train,0
LED-000391,STL-000072-0|STL-000207-0|STL-000499-0,3,one_to_many,1,0,2990.84,0.016266,0.983734,2,0.355556,0.539869,0.355556,0.355556,0,0.08165,0,0,0.307692,0.791808,0,0,0,36,70,104,train,0
LED-000391,STL-000072-0|STL-000416-1|STL-000499-0,3,one_to_many,1,0,2959.05,0.016093,0.983907,4,0.64,0.894118,0.64,1.0,0,0.632456,0,0,0.307692,0.113715,0,0,0,36,70,104,train,0
LED-000391,STL-000072-0|STL-000424-0|STL-000499-0,3,one_to_many,1,0,4208.31,0.022887,0.977113,2,0.466667,0.629462,0.4,0.4,0,0.07785,0,0,0.307692,0.113715,0,0,0,36,70,104,train,0
LED-000391,STL-000072-0|STL-000424-0|STL-000503-0,3,one_to_many,1,0,3972.25,0.021603,1.021603,2,0.466667,0.629462,0.4,0.4,0,0.07785,0,0,0.230769,0.758098,0,0,0,36,70,104,train,0
LED-000394,STL-000112-0|STL-000365-0,2,one_to_many,1,0,1341.36,0.006713,0.993287,1,0.355556,0.468799,0.355556,0.355556,0,0.0,0,0,0.230769,0.047619,0,0,0,29,57,84,train,0
LED-000394,STL-000320-0|STL-000394-0,2,one_to_many,1,0,2907.63,0.014551,1.014551,0,1.0,1.0,1.0,1.0,1,1.0,0,1,0.461538,0.222718,0,0,0,29,51,78,train,0
LED-000394,STL-000320-1|STL-000380-0,2,one_to_many,1,0,3078.81,0.015408,0.984592,4,0.285714,0.533069,0.27027,0.27027,0,0.08165,0,0,0.230769,0.037424,0,0,0,29,43,70,train,0
LED-000394,STL-000112-0|STL-000320-0|STL-000365-0,3,one_to_many,1,0,3183.24,0.01593,1.01593,1,0.355556,0.533069,0.355556,0.355556,0,0.0,0,0,0.230769,0.222718,0,0,0,29,57,84,train,0
LED-000394,STL-000216-0|STL-000216-2|STL-000365-0,3,one_to_many,1,0,1447.38,0.007243,0.992757,2,0.355556,0.547619,0.355556,0.355556,0,0.0,0,0,0.230769,0.668648,0,0,0,29,57,84,train,0
LED-000394,STL-000216-0|STL-000294-1|STL-000365-0,3,one_to_many,1,0,30.48,0.000153,0.999847,1,0.355556,0.595099,0.355556,0.355556,0,0.0,0,0,0.230769,0.720082,0,0,0,29,57,84,train,0
LED-000394,STL-000216-1|STL-000216-2|STL-000365-0,3,one_to_many,1,0,1643.1,0.008223,0.991777,2,0.355556,0.547619,0.355556,0.355556,0,0.0,0,0,0.230769,0.668648,0,0,0,29,57,84,train,0
LED-000394,STL-000216-1|STL-000294-1|STL-000365-0,3,one_to_many,1,0,226.2,0.001132,0.998868,1,0.355556,0.595099,0.355556,0.355556,0,0.0,0,0,0.230769,0.720082,0,0,0,29,57,84,train,0
LED-000394,STL-000294-0|STL-000294-1|STL-000365-0,3,one_to_many,1,0,3536.58,0.017698,0.982302,1,0.355556,0.616408,0.355556,0.355556,0,0.035806,0,0,0.230769,0.720082,0,0,0,29,57,84,train,0
LED-000394,STL-000320-0|STL-000320-1|STL-000380-0,3,one_to_many,1,0,1445.79,0.007235,1.007235,4,0.285714,0.533069,0.27027,0.27027,0,0.08165,0,0,0.230769,0.222718,0,0,0,29,51,78,train,0
LED-000399,STL-000127-0|STL-000399-1,2,one_to_many,1,0,1128.24,0.006732,0.993268,1,1.0,1.0,1.0,1.0,1,1.0,1,1,1.0,0.751068,0,0,0,54,70,122,train,0
LED-000399,STL-000214-0|STL-000399-1,2,one_to_many,1,0,1561.42,0.009317,0.990683,2,1.0,1.0,1.0,1.0,1,1.0,1,1,1.0,0.205153,0,0,0,54,87,139,train,0
LED-000399,STL-000399-0|STL-000399-1,2,one_to_many,1,0,0.0,0.0,1.0,0,1.0,1.0,1.0,1.0,1,1.0,1,1,1.0,0.189934,0,0,0,54,48,100,train,1
LED-000399,STL-000399-1|STL-000521-0,2,one_to_many,1,0,161.21,0.000962,0.999038,2,1.0,1.0,1.0,1.0,1,1.0,1,1,1.0,0.287214,0,0,0,54,93,145,train,0
LED-000399,STL-000433-0|STL-000469-0,2,one_to_many,1,0,2689.04,0.016046,1.016046,2,0.3,0.470085,0.3,0.3,0,0.0,0,0,0.307692,0.119416,0,0,0,54,125,177,train,0
LED-000399,STL-000071-1|STL-000206-0|STL-000469-0,3,one_to_many,1,0,1999.78,0.011933,0.988067,4,0.363636,0.51339,0.363636,0.363636,0,0.113961,0,0,0.230769,0.705156,0,0,0,54,137,189,train,0
LED-000399,STL-000103-0|STL-000127-0|STL-000469-0,3,one_to_many,1,0,3555.06,0.021213,0.978787,2,0.307692,0.523077,0.461538,0.461538,0,-0.167968,0,0,0.230769,0.751068,0,0,0,54,125,177,train,0
LED-000399,STL-000103-0|STL-000214-0|STL-000469-0,3,one_to_many,1,0,3988.24,0.023798,0.976202,2,0.4,0.570324,0.461538,0.461538,0,0.0,0,0,0.230769,0.205153,0,0,0,54,125,177,train,0
LED-000399,STL-000103-0|STL-000399-0|STL-000469-0,3,one_to_many,1,0,2426.82,0.014481,0.985519,2,1.0,1.0,1.0,1.0,1,1.0,1,1,1.0,0.189934,0,0,0,54,125,177,train,0
LED-000399,STL-000103-0|STL-000469-0|STL-000521-0,3,one_to_many,1,0,2588.03,0.015443,0.984557,2,1.0,1.0,1.0,1.0,1,1.0,0,0,0.384615,0.287214,0,0,0,54,125,177,train,0
LED-000399,STL-000190-0|STL-000206-0|STL-000469-0,3,one_to_many,1,0,1504.07,0.008975,1.008975,4,0.466667,0.629462,0.4,0.4,0,0.113961,0,0,0.230769,0.102418,0,0,0,54,137,189,train,0
LED-000399,STL-000192-0|STL-000206-0|STL-000469-0,3,one_to_many,1,0,41.32,0.000247,1.000247,4,0.363636,0.51339,0.363636,0.363636,0,0.113961,0,0,0.230769,0.205153,0,0,0,54,137,189,train,0
LED-000403,STL-000161-0|STL-000421-0,2,one_to_many,1,0,3571.98,0.024704,1.024704,3,0.333333,0.629462,0.4,0.4,0,0.0,0,0,0.230769,0.769897,0,0,0,26,65,89,train,0
LED-000403,STL-000110-0|STL-000161-2|STL-000219-0,3,one_to_many,1,0,1174.7,0.008124,0.991876,3,0.3,0.456383,0.3,0.3,0,0.13484,0,0,0.230769,0.769897,0,0,0,26,52,76,train,0
LED-000403,STL-000161-1|STL-000219-0|STL-000421-0,3,one_to_many,1,0,2719.35,0.018807,0.981193,3,0.333333,0.629462,0.4,0.4,0,0.13484,0,0,0.230769,0.235159,0,0,0,26,74,98,train,0
LED-000404,STL-000404-0|STL-000404-1,2,one_to_many,1,0,1446.67,0.009982,0.990018,3,1.0,1.0,1.0,1.0,1,1.0,1,1,1.0,0.879883,0,0,0,18,48,64,test,1
LED-000409,STL-000023-0|STL-000409-1,2,one_to_many,1,0,4639.46,0.021301,0.978699,0,0.962963,0.992593,0.962963,0.962963,0,0.869565,1,1,1.0,0.244949,0,0,0,12,43,53,train,0
LED-000409,STL-000209-0|STL-000255-0,2,one_to_many,1,0,5080.97,0.023328,1.023328,0,0.3,0.456383,0.3,0.3,0,-0.188608,0,0,0.230769,0.75,0,0,0,12,57,67,train,0
LED-000409,STL-000306-1|STL-000409-1,2,one_to_many,1,0,949.47,0.004359,0.995641,1,0.962963,0.992593,0.962963,0.962963,0,0.869565,1,1,1.0,0.707107,0,0,0,12,34,44,train,0
LED-000409,STL-000409-0|STL-000409-1,2,one_to_many,1,0,0.0,0.0,1.0,1,1.0,1.0,1.0,1.0,1,1.0,1,1,1.0,0.171499,0,0,0,12,36,46,train,1
LED-000409,STL-000023-0|STL-000205-0|STL-000306-1,3,one_to_many,1,0,885.98,0.004068,0.995932,1,0.962963,0.992593,0.962963,0.962963,0,0.913043,0,0,0.230769,0.707107,0,0,0,12,43,53,train,0
LED-000409,STL-000023-0|STL-000205-0|STL-000409-0,3,one_to_many,1,0,63.49,0.000292,1.000292,1,1.0,1.0,1.0,1.0,1,1.0,0,1,0.461538,0.244949,0,0,0,12,43,53,train,0
LED-000409,STL-000030-0|STL-000069-0|STL-000205-0,3,one_to_many,1,0,2242.56,0.010296,0.989704,1,0.962963,0.992593,0.962963,0.962963,0,0.913043,0,0,0.230769,0.707107,0,0,0,12,46,56,train,0
LED-000409,STL-000069-0|STL-000205-0|STL-000255-0,3,one_to_many,1,0,4705.04,0.021602,0.978398,1,0.962963,0.992593,0.962963,0.962963,0,0.913043,0,0,0.230769,0.75,0,0,0,12,56,66,train,0
LED-000409,STL-000205-0|STL-000306-1|STL-000409-0,3,one_to_many,1,0,3753.48,0.017233,1.017233,1,1.0,1.0,1.0,1.0,1,1.0,0,1,0.461538,0.707107,0,0,0,12,36,46,train,0
LED-000410,STL-000255-1|STL-000461-0,2,one_to_many,1,0,615.82,0.003469,0.996531,4,0.367347,0.626327,0.326531,0.326531,0,0.099015,0,0,0.230769,0.089803,0,0,0,24,57,79,train,0
LED-000410,STL-000123-0|STL-000255-1|STL-000381-0,3,one_to_many,1,0,3395.92,0.019132,1.019132,4,0.367347,0.626327,0.354839,0.354839,0,0.076697,0,0,0.230769,0.769897,0,0,0,24,57,79,train,0
LED-000410,STL-000123-0|STL-000325-0|STL-000383-0,3,one_to_many,1,0,3882.57,0.021874,0.978126,3,0.285714,0.549003,0.285714,0.285714,0,0.076697,0,0,0.307692,0.769897,0,0,0,24,56,78,train,0
LED-000410,STL-000135-0|STL-000325-0|STL-000381-0,3,one_to_many,1,0,2853.27,0.016075,0.983925,3,0.4,0.650341,0.4,0.4,0,0.038348,0,0,0.307692,0.120483,0,0,0,24,56,78,train,0
LED-000410,STL-000255-1|STL-000381-0|STL-000389-0,3,one_to_many,1,0,41.74,0.000235,1.000235,4,0.412698,0.626327,0.412698,0.412698,0,0.13202,0,0,0.307692,0.092406,0,0,0,24,57,79,train,0
LED-000412,STL-000149-0|STL-000196-0|STL-000369-0,3,one_to_many,1,0,458.8,0.004132,1.004132,4,0.285714,0.547619,0.235294,0.235294,0,0.119523,0,0,0.230769,0.707107,0,0,0,20,89,107,train,0
LED-000413,STL-000047-0|STL-000349-0,2,one_to_many,1,0,1803.95,0.00857,0.99143,0,0.933333,0.970833,0.533333,0.533333,0,0.547723,0,0,0.230769,0.149671,0,0,0,44,55,97,train,0
LED-000413,STL-000047-0|STL-000495-0,2,one_to_many,1,0,3828.48,0.018187,1.018187,4,0.933333,0.970833,0.533333,0.533333,0,0.547723,0,0,0.230769,0.76584,0,0,0,44,55,97,train,0
LED-000413,STL-000076-0|STL-000181-0,2,one_to_many,1,0,4254.56,0.020212,1.020212,3,0.153846,0.422619,0.153846,0.153846,0,0.0,0,0,0.230769,0.806559,0,0,0,44,54,96,train,0
LED-000413,STL-000413-0|STL-000532-0,2,one_to_many,1,0,1280.12,0.006081,1.006081,2,1.0,1.0,1.0,1.0,1,1.0,1,1,1.0,0.879883,0,0,0,44,72,114,train,0
LED-000413,STL-000001-0|STL-000047-0|STL-000532-0,3,one_to_many,1,0,4020.48,0.0191,0.9809,2,0.933333,0.970833,0.533333,0.533333,0,0.547723,0,0,0.230769,0.769897,0,0,0,44,72,114,train,0
LED-000413,STL-000001-0|STL-000076-0|STL-000179-0,3,one_to_many,1,0,4317.19,0.020509,1.020509,4,0.363636,0.604701,0.352941,0.352941,0,0.089087,0,0,0.230769,0.806559,0,0,0,44,63,105,train,0
LED-000413,STL-000001-0|STL-000076-0|STL-000390-0,3,one_to_many,1,0,459.43,0.002183,0.997817,4,0.294118,0.604701,0.352941,0.352941,0,0.0,0,0,0.230769,0.806559,0,0,0,44,64,106,train,0
LED-000413,STL-000047-0|STL-000349-0|STL-000532-0,3,one_to_many,1,0,4521.89,0.021482,1.021482,2,0.933333,0.970833,0.533333,0.533333,0,0.547723,0,0,0.230769,0.769897,0,0,0,44,72,114,train,0
LED-000413,STL-000076-0|STL-000495-0|STL-000532-0,3,one_to_many,1,0,210.92,0.001002,0.998998,4,0.222222,0.466667,0.222222,0.222222,0,0.0,0,0,0.230769,0.806559,0,0,0,44,72,114,train,0
LED-000413,STL-000179-0|STL-000292-0|STL-000495-0,3,one_to_many,1,0,3682.25,0.017493,0.982507,4,0.363636,0.575476,0.30303,0.30303,0,0.089087,0,0,0.230769,0.769897,0,0,0,44,63,105,train,0
LED-000413,STL-000179-0|STL-000390-0|STL-000587-0,3,one_to_many,1,0,3884.85,0.018455,0.981545,4,0.363636,0.575476,0.30303,0.30303,0,0.089087,0,0,0.230769,0.183309,0,0,0,44,64,106,train,0
LED-000413,STL-000181-0|STL-000292-0|STL-000390-0,3,one_to_many,1,0,2332.45,0.01108,1.01108,4,0.285714,0.527778,0.285714,0.285714,0,0.0,0,0,0.230769,0.769897,0,0,0,44,64,106,train,0
LED-000414,STL-000085-0|STL-000507-0,2,one_to_many,1,0,1071.65,0.006927,1.006927,3,0.341463,0.5087,0.292683,0.292683,0,0.0,0,0,0.230769,0.746203,0,0,0,28,21,47,train,0
LED-000414,STL-000314-0|STL-000507-0,2,one_to_many,1,0,1066.09,0.006891,0.993109,1,0.341463,0.5087,0.292683,0.292683,0,0.0,0,0,0.307692,0.208979,0,0,0,28,25,51,train,0
LED-000416,STL-000158-0|STL-000416-0,2,one_to_many,1,0,5010.89,0.021602,0.978398,4,1.0,1.0,1.0,1.0,1,1.0,1,1,1.0,0.437237,0,0,0,20,37,55,train,0
LED-000416,STL-000314-0|STL-000347-0,2,one_to_many,1,0,1452.55,0.006262,1.006262,3,0.333333,0.535014,0.333333,0.333333,0,0.0,0,0,0.230769,0.416025,0,0,0,20,25,43,train,0
LED-000416,STL-000314-0|STL-000414-0,2,one_to_many,1,0,3980.8,0.017161,1.017161,3,0.347826,0.575817,0.347826,0.347826,0,0.0,0,0,0.230769,0.041812,0,0,0,20,25,43,train,0
LED-000416,STL-000314-0|STL-000416-1,2,one_to_many,1,0,4008.32,0.01728,0.98272,3,0.64,0.894118,0.64,1.0,0,0.632456,0,0,0.230769,0.855921,0,0,0,20,29,47,train,0
LED-000416,STL-000347-0|STL-000416-0,2,one_to_many,1,0,4121.31,0.017767,1.017767,1,1.0,1.0,1.0,1.0,1,1.0,1,1,1.0,0.416025,0,0,0,20,37,55,train,0
LED-000416,STL-000414-0|STL-000507-0,2,one_to_many,1,0,4829.91,0.020822,0.979178,3,0.355556,0.575817,0.355556,0.355556,0,0.0,0,0,0.230769,0.470871,0,0,0,20,21,39,train,0
LED-000416,STL-000414-0|STL-000580-0,2,one_to_many,1,0,4372.16,0.018848,0.981152,2,0.45283,0.631683,0.415094,0.415094,0,0.0,0,0,0.230769,0.046225,0,0,0,20,27,45,train,0
LED-000416,STL-000416-0|STL-000416-1,2,one_to_many,1,0,1339.56,0.005775,0.994225,0,1.0,1.0,1.0,1.0,1,1.0,1,1,1.0,0.855921,0,0,0,20,37,55,train,1
LED-000416,STL-000314-0|STL-000416-0|STL-000507-0,3,one_to_many,1,0,5583.47,0.02407,1.02407,3,1.0,1.0,1.0,1.0,1,1.0,1,1,1.0,0.470871,0,0,0,20,37,55,train,0
LED-000416,STL-000314-0|STL-000507-0|STL-000580-0,3,one_to_many,1,0,5438.25,0.023444,0.976556,3,0.45283,0.631683,0.415094,0.415094,0,0.0,0,0,0.230769,0.470871,0,0,0,20,27,45,train,0
LED-000416,STL-000416-0|STL-000507-0|STL-000580-0,3,one_to_many,1,0,2769.49,0.011939,0.988061,3,1.0,1.0,1.0,1.0,1,1.0,1,1,1.0,0.470871,0,0,0,20,37,55,train,0
LED-000416,STL-000507-0|STL-000543-0|STL-000557-0,3,one_to_many,1,0,144.69,0.000624,1.000624,3,0.355556,0.492017,0.355556,0.355556,0,0.060858,0,0,0.230769,0.470871,0,0,0,20,29,47,train,0
LED-000416,STL-000543-0|STL-000557-0|STL-000580-0,3,one_to_many,1,0,602.44,0.002597,1.002597,3,0.45283,0.631683,0.415094,0.415094,0,0.060858,0,0,0.230769,0.138675,0,0,0,20,29,47,train,0
LED-000420,STL-000266-0|STL-000548-0,2,one_to_many,1,0,1599.05,0.008777,0.991223,4,0.333333,0.535014,0.333333,0.333333,0,0.0,0,0,0.230769,0.465891,0,0,0,13,26,37,train,0
LED-000420,STL-000170-0|STL-000487-0|STL-000487-2,3,one_to_many,1,0,2951.03,0.016197,0.983803,1,0.142857,0.357143,0.142857,0.142857,0,0.0,0,0,0.230769,0.093386,0,0,0,13,34,45,train,0
LED-000420,STL-000170-0|STL-000487-0|STL-000548-0,3,one_to_many,1,0,1175.97,0.006455,1.006455,2,0.142857,0.412698,0.142857,0.142857,0,0.0,0,0,0.230769,0.465891,0,0,0,13,34,45,train,0
LED-000420,STL-000487-0|STL-000516-0|STL-000516-1,3,one_to_many,1,0,2501.33,0.013729,1.013729,3,0.333333,0.561905,0.333333,0.333333,0,0.0,0,0,0.230769,0.107833,0,0,0,13,34,45,train,0
LED-000420,STL-000487-1|STL-000516-0|STL-000516-2,3,one_to_many,1,0,634.06,0.00348,1.00348,2,0.333333,0.561905,0.333333,0.333333,0,0.0,0,0,0.230769,0.863059,0,0,0,13,27,38,train,0
LED-000420,STL-000487-1|STL-000516-1|STL-000516-2,3,one_to_many,1,0,1917.17,0.010523,1.010523,3,0.333333,0.561905,0.333333,0.333333,0,0.0,0,0,0.230769,0.863059,0,0,0,13,26,37,train,0
LED-000420,STL-000487-2|STL-000516-0|STL-000516-2,3,one_to_many,1,0,4505.52,0.02473,1.02473,2,0.333333,0.561905,0.333333,0.333333,0,0.0,0,0,0.230769,0.863059,0,0,0,13,27,38,train,0
LED-000421,STL-000161-0|STL-000161-1|STL-000459-0,3,one_to_many,1,0,347.69,0.003352,0.996648,4,0.387097,0.650016,0.387097,0.387097,0,0.0,0,0,0.230769,0.532291,0,0,0,26,74,98,train,0
LED-000421,STL-000161-1|STL-000459-0|STL-000513-0,3,one_to_many,1,0,2647.53,0.025527,1.025527,4,0.418605,0.650016,0.387097,0.387097,0,0.050637,0,0,0.230769,0.532291,0,0,0,26,74,98,train,0
LED-000423,STL-000200-1|STL-000540-0,2,one_to_many,1,0,2177.96,0.017658,0.982342,0,0.333333,0.518908,0.333333,0.333333,0,0.0,0,0,0.230769,0.157135,0,0,0,27,173,198,train,0
LED-000423,STL-000423-0|STL-000423-1,2,one_to_many,1,0,0.07,1e-06,0.999999,1,1.0,1.0,1.0,1.0,1,1.0,1,1,1.0,0.235702,0,0,0,27,120,145,train,1
LED-000423,STL-000081-0|STL-000151-0|STL-000386-0,3,one_to_many,1,0,2957.03,0.023975,1.023975,3,0.941176,0.988235,0.941176,0.941176,0,0.733333,0,0,0.230769,0.157135,0,0,0,27,122,147,train,0
LED-000423,STL-000081-0|STL-000386-0|STL-000411-0,3,one_to_many,1,0,1783.98,0.014464,1.014464,4,0.941176,0.988235,0.941176,0.941176,0,0.733333,0,0,0.230769,0.157135,0,0,0,27,122,147,train,0
LED-000423,STL-000151-0|STL-000200-1|STL-000423-0,3,one_to_many,1,0,2695.36,0.021853,0.978147,3,1.0,1.0,1.0,1.0,1,1.0,1,1,1.0,0.226805,0,0,0,27,173,198,train,0
LED-000423,STL-000200-1|STL-000423-0|STL-000423-1,3,one_to_many,1,0,1519.93,0.012323,1.012323,1,1.0,1.0,1.0,1.0,1,1.0,1,1,1.0,0.235702,0,0,0,27,173,198,train,0
LED-000424,STL-000416-0|STL-000543-0,2,one_to_many,1,0,1540.07,0.010586,0.989414,3,0.466667,0.629462,0.4,0.4,0,0.07785,0,0,0.230769,0.175075,0,0,0,18,37,53,train,0
LED-000424,STL-000072-0|STL-000416-0|STL-000543-0,3,one_to_many,1,0,686.49,0.004719,0.995281,3,0.466667,0.629462,0.4,0.4,0,0.07785,0,0,0.230769,0.175075,0,0,0,18,70,86,train,0
LED-000425,STL-000317-0|STL-000341-0,2,one_to_many,1,0,3387.78,0.017718,1.017718,1,0.466667,0.629462,0.4,0.4,0,0.07785,0,0,0.230769,0.189934,0,0,0,10,36,44,train,0
LED-000425,STL-000058-0|STL-000106-0|STL-000341-0,3,one_to_many,1,0,1950.72,0.010202,1.010202,2,0.375,0.553812,0.375,0.375,0,0.0,0,0,0.230769,0.369274,0,0,0,10,47,55,train,0
LED-000425,STL-000058-0|STL-000221-0|STL-000341-0,3,one_to_many,1,0,2202.73,0.01152,1.01152,3,0.315789,0.520128,0.315789,0.315789,0,0.0,0,0,0.230769,0.785207,0,0,0,10,47,55,train,0
LED-000426,STL-000044-0|STL-000443-1|STL-000571-0,3,one_to_many,1,0,869.83,0.012345,1.012345,3,0.5,0.866667,0.5,1.0,0,0.522233,0,0,0.230769,0.484123,0,0,0,17,27,42,train,0
LED-000426,STL-000396-0|STL-000443-0|STL-000512-0,3,one_to_many,1,0,1569.02,0.022268,1.022268,2,0.228571,0.396825,0.285714,0.285714,0,0.0,0,0,0.230769,0.469668,0,0,0,17,55,70,train,0
LED-000426,STL-000396-0|STL-000512-0|STL-000571-0,3,one_to_many,1,0,333.01,0.004726,1.004726,3,0.5,0.866667,0.5,1.0,0,0.522233,0,0,0.230769,0.469668,0,0,0,17,55,70,train,0
LED-000427,STL-000151-0|STL-000583-0,2,one_to_many,1,0,918.94,0.0088,0.9912,2,0.214286,0.38499,0.214286,0.214286,0,0.0,0,0,0.0,0.806559,0,1,0,40,71,109,train,0
LED-000427,STL-000411-0|STL-000583-0,2,one_to_many,1,0,2091.99,0.020034,0.979966,2,0.272727,0.417379,0.272727,0.272727,0,0.113961,0,0,0.307692,0.806559,0,0,0,40,37,75,train,0
LED-000427,STL-000036-0|STL-000081-0|STL-000583-0,3,one_to_many,1,0,1471.7,0.014094,1.014094,3,0.25,0.511376,0.27027,0.27027,0,0.169031,0,0,0.230769,0.806559,0,0,0,40,109,147,train,0
LED-000431,STL-000235-0|STL-000431-0,2,one_to_many,1,0,5.6,2.9e-05,0.999971,1,1.0,1.0,1.0,1.0,1,1.0,0,1,0.461538,0.208979,0,0,0,6,30,34,train,0
LED-000433,STL-000103-0|STL-000186-0,2,one_to_many,1,0,2057.66,0.014766,0.985234,3,0.4,0.570324,0.4,0.47619,0,0.1283,0,0,0.0,0.830291,0,1,0,19,105,122,train,0
LED-000433,STL-000399-1|STL-000469-0,2,one_to_many,1,0,366.53,0.00263,0.99737,3,0.4,0.570324,0.4,0.380952,0,0.080257,0,0,0.307692,0.832927,0,0,0,19,125,142,train,0
LED-000436,STL-000239-0|STL-000246-1,2,one_to_many,1,0,686.51,0.007703,1.007703,1,0.603774,0.612143,0.603774,0.648649,0,0.511208,0,0,0.230769,0.733236,0,0,0,50,55,103,train,0
LED-000443,STL-000443-0|STL-000443-1,2,one_to_many,1,0,5.68,0.000231,0.999769,1,1.0,1.0,1.0,1.0,1,1.0,1,1,1.0,0.905822,0,0,0,30,26,54,train,1
LED-000446,STL-000404-1|STL-000520-0,2,one_to_many,1,0,5.04,2.3e-05,1.000023,4,0.24,0.517157,0.16,0.16,0,0.0,0,0,0.230769,0.465891,0,0,0,33,46,77,test,0
LED-000448,STL-000367-0|STL-000397-0,2,one_to_many,1,0,684.56,0.003986,1.003986,2,0.333333,0.518908,0.333333,0.333333,0,0.0,0,0,0.230769,0.04714,0,0,0,5,12,15,train,0
LED-000455,STL-000032-0|STL-000115-0|STL-000430-0,3,one_to_many,1,0,987.52,0.005359,0.994641,4,0.4,0.85,0.4,1.0,0,0.453743,0,0,0.230769,0.062257,0,0,0,10,32,40,train,0
LED-000455,STL-000032-2|STL-000115-0|STL-000430-0,3,one_to_many,1,0,383.79,0.002083,1.002083,4,0.4,0.85,0.4,1.0,0,0.453743,0,0,0.230769,0.465891,0,0,0,10,31,39,train,0
LED-000457,STL-000017-0|STL-000310-0,2,one_to_many,1,0,2754.48,0.016062,1.016062,2,1.0,1.0,1.0,1.0,1,1.0,0,0,0.230769,0.843713,0,0,0,30,26,54,train,0
LED-000457,STL-000032-0|STL-000253-0,2,one_to_many,1,0,577.04,0.003365,0.996635,4,0.857143,0.77381,0.857143,1.0,0,0.876501,0,0,0.230769,0.45542,0,0,0,30,32,60,train,0
LED-000457,STL-000032-2|STL-000253-0,2,one_to_many,1,0,794.27,0.004632,1.004632,4,0.857143,0.77381,0.857143,1.0,0,0.876501,0,0,0.230769,0.45542,0,0,0,30,31,59,train,0
LED-000457,STL-000032-0|STL-000032-2|STL-000544-0,3,one_to_many,1,0,2383.48,0.013899,0.986101,4,0.355556,0.515126,0.355556,0.27027,0,0.0,0,0,0.230769,0.45542,0,0,0,30,32,60,train,0
LED-000457,STL-000032-0|STL-000210-0|STL-000310-0,3,one_to_many,1,0,879.99,0.005132,0.994868,4,1.0,1.0,1.0,1.0,1,1.0,0,0,0.230769,0.121716,0,0,0,30,37,65,train,0
LED-000457,STL-000032-0|STL-000210-0|STL-000544-0,3,one_to_many,1,0,2237.26,0.013046,1.013046,4,0.355556,0.515126,0.355556,0.27027,0,0.0,0,0,0.230769,0.175682,0,0,0,30,37,65,train,0
LED-000457,STL-000032-1|STL-000084-0|STL-000253-0,3,one_to_many,1,0,191.19,0.001115,0.998885,4,0.857143,0.77381,0.857143,1.0,0,0.876501,0,0,0.230769,0.45542,0,0,0,30,33,61,train,0
LED-000457,STL-000032-1|STL-000210-0|STL-000544-0,3,one_to_many,1,0,2737.96,0.015966,0.984034,4,0.355556,0.515126,0.355556,0.27027,0,0.0,0,0,0.230769,0.45542,0,0,0,30,37,65,train,0
LED-000457,STL-000032-2|STL-000210-0|STL-000310-0,3,one_to_many,1,0,491.32,0.002865,1.002865,4,1.0,1.0,1.0,1.0,1,1.0,0,0,0.230769,0.45542,0,0,0,30,37,65,train,0
LED-000457,STL-000032-2|STL-000210-0|STL-000544-0,3,one_to_many,1,0,3608.57,0.021043,1.021043,4,0.355556,0.515126,0.355556,0.27027,0,0.0,0,0,0.230769,0.45542,0,0,0,30,37,65,train,0
LED-000457,STL-000084-0|STL-000210-1|STL-000253-0,3,one_to_many,1,0,69.93,0.000408,0.999592,3,0.857143,0.77381,0.857143,1.0,0,0.876501,0,0,0.230769,0.45542,0,0,0,30,37,65,train,0
LED-000457,STL-000084-0|STL-000210-2|STL-000253-0,3,one_to_many,1,0,919.82,0.005364,1.005364,3,0.857143,0.77381,0.857143,1.0,0,0.876501,0,0,0.230769,0.45542,0,0,0,30,33,61,train,0
LED-000457,STL-000210-0|STL-000210-1|STL-000544-0,3,one_to_many,1,0,2616.7,0.015259,0.984741,2,0.216216,0.511376,0.27027,0.27027,0,0.0,0,0,0.230769,0.175682,0,0,0,30,37,65,train,0
LED-000457,STL-000210-0|STL-000210-2|STL-000544-0,3,one_to_many,1,0,1626.95,0.009487,0.990513,2,0.216216,0.511376,0.27027,0.27027,0,0.0,0,0,0.230769,0.175682,0,0,0,30,37,65,train,0
LED-000458,STL-000165-0|STL-000373-0,2,one_to_many,1,0,348.67,0.0062,0.9938,2,0.391304,0.648343,0.347826,0.347826,0,0.050572,0,0,0.230769,0.707107,0,0,0,26,30,54,train,0
LED-000461,STL-000381-0|STL-000389-0,2,one_to_many,1,0,657.56,0.007108,1.007108,1,0.129032,0.460684,0.129032,0.129032,0,0.0,0,0,0.230769,0.061604,0,0,0,33,43,74,train,0
LED-000461,STL-000023-0|STL-000325-0|STL-000389-1,3,one_to_many,1,0,1538.99,0.016637,0.983363,4,1.0,1.0,1.0,1.0,1,1.0,0,0,0.230769,0.169334,0,0,0,33,56,87,train,0
LED-000461,STL-000123-0|STL-000389-0|STL-000389-1,3,one_to_many,1,0,1306.47,0.014123,0.985877,1,0.333333,0.561905,0.333333,0.333333,0,0.0,0,0,0.230769,0.769897,0,0,0,33,54,85,train,0
LED-000461,STL-000255-0|STL-000389-0|STL-000389-1,3,one_to_many,1,0,1355.29,0.014651,1.014651,4,0.222222,0.351282,0.222222,0.222222,0,0.0,0,0,0.307692,0.224507,0,0,0,33,56,87,train,0
LED-000461,STL-000306-0|STL-000389-0|STL-000389-1,3,one_to_many,1,0,1501.94,0.016236,1.016236,3,0.166667,0.460684,0.166667,0.166667,0,0.0,0,0,0.230769,0.211667,0,0,0,33,66,97,train,0
LED-000463,STL-000077-0|STL-000161-0,2,one_to_many,1,0,3391.95,0.014015,1.014015,1,0.228571,0.52,0.342857,0.342857,0,0.0,0,0,0.307692,0.214397,0,0,0,46,65,109,train,0
LED-000463,STL-000077-0|STL-000459-0,2,one_to_many,1,0,1597.86,0.006602,1.006602,3,0.166667,0.393651,0.333333,0.333333,0,0.0,0,0,0.307692,0.214397,0,0,0,46,56,100,train,0
LED-000463,STL-000121-0|STL-000493-0,2,one_to_many,1,0,3402.84,0.01406,1.01406,3,0.555556,0.708333,0.444444,0.444444,0,0.258199,0,0,0.230769,0.830291,0,0,0,46,47,91,train,0
LED-000463,STL-000077-0|STL-000161-1|STL-000161-2,3,one_to_many,1,0,5703.63,0.023567,1.023567,1,0.228571,0.52,0.342857,0.342857,0,0.0,0,0,0.307692,0.830291,0,0,0,46,74,118,train,0
LED-000463,STL-000121-0|STL-000161-0|STL-000353-0,3,one_to_many,1,0,611.28,0.002526,1.002526,4,0.333333,0.522222,0.342857,0.342857,0,0.0,0,0,0.230769,0.830291,0,0,0,46,65,109,train,0
LED-000463,STL-000121-0|STL-000161-1|STL-000330-0,3,one_to_many,1,0,5387.28,0.02226,1.02226,3,0.333333,0.549074,0.342857,0.342857,0,0.0,0,0,0.230769,0.830291,0,0,0,46,74,118,train,0
LED-000463,STL-000121-0|STL-000301-0|STL-000353-0,3,one_to_many,1,0,5283.45,0.021831,1.021831,4,0.333333,0.522222,0.333333,0.333333,0,0.0,0,0,0.230769,0.830291,0,0,0,46,60,104,train,0
LED-000463,STL-000121-0|STL-000353-0|STL-000459-0,3,one_to_many,1,0,1182.81,0.004887,0.995113,4,0.333333,0.522222,0.333333,0.333333,0,0.0,0,0,0.230769,0.830291,0,0,0,46,56,100,train,0
LED-000463,STL-000121-0|STL-000353-0|STL-000513-0,3,one_to_many,1,0,3606.5,0.014902,1.014902,4,0.333333,0.522222,0.333333,0.333333,0,0.062017,0,0,0.230769,0.830291,0,0,0,46,52,96,train,0
LED-000463,STL-000161-2|STL-000330-0|STL-000493-0,3,one_to_many,1,0,1268.31,0.005241,0.994759,3,0.555556,0.708333,0.444444,0.444444,0,0.258199,0,0,0.230769,0.099889,0,0,0,46,52,96,train,0
LED-000464,STL-000126-0|STL-000202-0|STL-000377-2,3,one_to_many,1,0,421.63,0.003376,1.003376,4,1.0,1.0,1.0,1.0,1,1.0,0,0,0.230769,0.477119,0,0,0,14,74,86,train,0
LED-000465,STL-000083-0|STL-000196-0,2,one_to_many,1,0,1614.42,0.011616,1.011616,3,0.216216,0.516049,0.216216,0.216216,0,0.065938,0,0,0.230769,0.656532,0,0,0,36,89,123,train,0
LED-000465,STL-000083-0|STL-000246-1,2,one_to_many,1,0,578.69,0.004164,1.004164,3,0.157895,0.469048,0.263158,0.263158,0,0.0,0,0,0.230769,0.656532,0,0,0,36,55,89,train,0
LED-000465,STL-000246-0|STL-000522-0,2,one_to_many,1,0,29.95,0.000215,1.000215,2,0.275862,0.527485,0.275862,0.275862,0,0.0,0,0,0.307692,0.081044,0,0,0,36,83,117,train,0
LED-000465,STL-000246-0|STL-000585-0,2,one_to_many,1,0,2246.31,0.016162,1.016162,1,0.216216,0.516049,0.263158,0.263158,0,0.065938,0,0,0.230769,0.041523,0,0,0,36,83,117,train,0
LED-000465,STL-000289-0|STL-000436-0,2,one_to_many,1,0,49.18,0.000354,0.999646,2,0.275862,0.527485,0.275862,0.275862,0,0.0,0,0,0.384615,0.083045,0,0,0,36,85,119,train,0
LED-000465,STL-000037-0|STL-000196-0|STL-000436-0,3,one_to_many,1,0,2719.33,0.019566,0.980434,3,0.216216,0.516049,0.216216,0.216216,0,0.065938,0,0,0.384615,0.656532,0,0,0,36,89,123,train,0
LED-000465,STL-000092-0|STL-000361-0|STL-000436-0,3,one_to_many,1,0,579.21,0.004167,0.995833,4,0.235294,0.465079,0.258065,0.258065,0,0.0,0,0,0.384615,0.113715,0,0,0,36,55,89,train,0
LED-000465,STL-000196-0|STL-000239-0|STL-000289-0,3,one_to_many,1,0,1673.06,0.012038,1.012038,3,0.275862,0.527485,0.275862,0.275862,0,0.065938,0,0,0.230769,0.656532,0,0,0,36,89,123,train,0
LED-000465,STL-000239-0|STL-000246-1|STL-000289-0,3,one_to_many,1,0,637.33,0.004586,1.004586,3,0.275862,0.527485,0.275862,0.275862,0,0.0,0,0,0.230769,0.656532,0,0,0,36,85,119,train,0
LED-000466,STL-000077-0|STL-000161-0,2,one_to_many,1,0,1795.13,0.007262,0.992738,1,0.928571,0.980952,0.928571,0.928571,0,0.714286,0,0,0.230769,0.774917,0,0,0,47,65,110,train,0
LED-000466,STL-000077-0|STL-000301-0,2,one_to_many,1,0,2877.04,0.011638,1.011638,4,0.928571,0.980952,0.928571,0.928571,0,0.714286,0,0,0.230769,0.774917,0,0,0,47,60,105,train,0
LED-000466,STL-000077-0|STL-000459-0,2,one_to_many,1,0,3589.22,0.014519,0.985481,3,1.0,1.0,1.0,1.0,1,1.0,0,0,0.230769,0.774917,0,0,0,47,56,101,train,0
LED-000466,STL-000077-0|STL-000513-0,2,one_to_many,1,0,1200.09,0.004855,1.004855,1,0.928571,0.980952,0.928571,0.928571,0,0.714286,0,0,0.230769,0.774917,0,0,0,47,52,97,train,0
LED-000466,STL-000121-0|STL-000493-0,2,one_to_many,1,0,1784.24,0.007218,0.992782,3,0.294118,0.604762,0.294118,0.294118,0,0.0,0,0,0.230769,0.215614,0,0,0,47,47,92,train,0
LED-000466,STL-000077-0|STL-000161-1|STL-000161-2,3,one_to_many,1,0,516.55,0.00209,1.00209,1,0.928571,0.980952,0.928571,0.928571,0,0.714286,0,0,0.230769,0.774917,0,0,0,47,74,119,train,0
LED-000466,STL-000121-0|STL-000161-0|STL-000353-0,3,one_to_many,1,0,4575.8,0.01851,0.98149,4,0.294118,0.604762,0.294118,0.294118,0,0.0,0,0,0.230769,0.215614,0,0,0,47,65,110,train,0
LED-000466,STL-000121-0|STL-000161-1|STL-000330-0,3,one_to_many,1,0,200.2,0.00081,1.00081,3,0.4,0.635022,0.44,0.6,0,0.412514,0,0,0.230769,0.215614,0,0,0,47,74,119,train,0
LED-000466,STL-000121-0|STL-000301-0|STL-000353-0,3,one_to_many,1,0,96.37,0.00039,1.00039,4,0.294118,0.604978,0.294118,0.294118,0,0.0,0,0,0.230769,0.215614,0,0,0,47,60,105,train,0
LED-000466,STL-000121-0|STL-000353-0|STL-000513-0,3,one_to_many,1,0,1580.58,0.006394,0.993606,4,0.294118,0.604762,0.294118,0.294118,0,0.0,0,0,0.230769,0.254,0,0,0,47,52,97,train,0
LED-000466,STL-000330-0|STL-000459-0|STL-000493-0,3,one_to_many,1,0,5702.99,0.02307,1.02307,3,1.0,1.0,1.0,1.0,1,1.0,0,0,0.230769,0.254,0,0,0,47,56,101,train,0
LED-000468,STL-000028-0|STL-000314-0,2,one_to_many,1,0,3297.87,0.015759,0.984241,4,0.25,0.417989,0.272727,0.272727,0,0.169031,0,0,0.230769,0.791808,0,0,0,11,25,34,train,0
LED-000468,STL-000028-0|STL-000416-0,2,one_to_many,1,0,629.11,0.003006,0.996994,4,0.230769,0.549891,0.272727,0.272727,0,0.09759,0,0,0.307692,0.159232,0,0,0,11,37,46,train,0
LED-000468,STL-000347-0|STL-000543-0,2,one_to_many,1,0,2955.61,0.014124,1.014124,1,0.235294,0.481481,0.235294,0.235294,0,0.0,0,0,0.230769,0.175075,0,0,0,11,29,38,train,0
LED-000468,STL-000416-1|STL-000543-0,2,one_to_many,1,0,2505.26,0.011971,0.988029,1,0.235294,0.490741,0.166667,0.166667,0,0.154303,0,0,0.230769,0.175075,0,0,0,11,29,38,train,0
LED-000468,STL-000314-0|STL-000507-0|STL-000543-0,3,one_to_many,1,0,4417.77,0.021111,1.021111,3,0.25,0.511376,0.27027,0.27027,0,0.169031,0,0,0.230769,0.791808,0,0,0,11,29,38,train,0
LED-000468,STL-000314-0|STL-000543-0|STL-000580-0,3,one_to_many,1,0,4875.52,0.023298,1.023298,3,0.25,0.481481,0.222222,0.222222,0,0.169031,0,0,0.230769,0.791808,0,0,0,11,29,38,train,0
LED-000468,STL-000507-0|STL-000543-0|STL-000580-0,3,one_to_many,1,0,3935.19,0.018804,0.981196,3,0.216216,0.511376,0.27027,0.27027,0,0.0,0,0,0.230769,0.175075,0,0,0,11,29,38,train,0
LED-000471,STL-000426-0|STL-000512-0,2,one_to_many,1,0,886.36,0.006912,1.006912,1,0.272727,0.42381,0.272727,0.272727,0,0.0,0,0,0.307692,0.453743,0,0,0,19,47,64,train,0
LED-000471,STL-000510-0|STL-000512-0,2,one_to_many,1,0,2009.23,0.015668,1.015668,1,0.25,0.584749,0.25,0.25,0,0.0,0,0,0.230769,0.742308,0,0,0,19,44,61,train,0
LED-000472,STL-000149-0|STL-000376-0,2,one_to_many,1,0,3733.44,0.022071,1.022071,4,0.451613,0.555672,0.387097,0.387097,0,0.0,0,0,0.230769,0.141421,0,0,0,16,60,74,train,0
LED-000472,STL-000196-0|STL-000376-0,2,one_to_many,1,0,4021.77,0.023775,1.023775,4,0.307692,0.519535,0.307692,0.307692,0,-0.09759,0,0,0.230769,0.04714,0,0,0,16,89,103,train,0
LED-000472,STL-000246-0|STL-000376-0,2,one_to_many,1,0,1914.65,0.011319,0.988681,4,0.355556,0.483224,0.355556,0.355556,0,-0.094281,0,0,0.230769,0.760263,0,0,0,16,83,97,train,0
LED-000472,STL-000149-0|STL-000196-0|STL-000465-0,3,one_to_many,1,0,456.86,0.002701,1.002701,4,0.451613,0.555672,0.387097,0.387097,0,0.08165,0,0,0.230769,0.141421,0,0,0,16,89,103,train,0
LED-000472,STL-000246-0|STL-000289-0|STL-000412-0,3,one_to_many,1,0,1228.4,0.007262,1.007262,4,0.5,0.640265,0.388889,0.388889,0,0.0,0,0,0.230769,0.760263,0,0,0,16,85,99,train,0
LED-000473,STL-000093-0|STL-000235-0,2,one_to_many,1,0,3235.3,0.015376,0.984624,3,0.325581,0.514077,0.372093,0.352941,0,0.0,0,0,0.230769,0.15401,0,0,0,15,30,43,train,0
LED-000473,STL-000235-0|STL-000473-0,2,one_to_many,1,0,1298.77,0.006173,1.006173,3,1.0,1.0,1.0,1.0,1,1.0,0,1,0.461538,0.233087,0,0,0,15,30,43,train,0
LED-000476,STL-000193-0|STL-000210-0|STL-000210-1,3,one_to_many,1,0,2193.88,0.012086,1.012086,4,0.355556,0.515126,0.355556,0.222222,0,0.0,0,0,0.230769,0.774917,0,0,0,11,37,46,train,0
LED-000476,STL-000193-0|STL-000210-0|STL-000210-2,3,one_to_many,1,0,3183.63,0.017539,1.017539,4,0.355556,0.515126,0.355556,0.222222,0,0.0,0,0,0.230769,0.774917,0,0,0,11,37,46,train,0
LED-000476,STL-000193-0|STL-000210-1|STL-000546-0,3,one_to_many,1,0,686.88,0.003784,1.003784,4,1.0,1.0,1.0,1.0,1,1.0,0,0,0.230769,0.774917,0,0,0,11,48,57,train,0
LED-000476,STL-000193-0|STL-000210-2|STL-000546-0,3,one_to_many,1,0,1676.63,0.009237,1.009237,4,1.0,1.0,1.0,1.0,1,1.0,0,0,0.230769,0.774917,0,0,0,11,48,57,train,0
LED-000477,STL-000320-0|STL-000588-0,2,one_to_many,1,0,3793.32,0.017662,1.017662,3,0.363636,0.580057,0.363636,0.363636,0,0.1283,0,0,0.230769,0.707107,0,0,0,35,51,84,train,0
LED-000477,STL-000011-0|STL-000125-0|STL-000298-0,3,one_to_many,1,0,3273.43,0.015241,1.015241,4,0.380952,0.605983,0.380952,0.380952,0,0.1283,0,0,0.307692,0.244949,0,0,0,35,31,64,train,0
LED-000477,STL-000011-0|STL-000125-0|STL-000365-0,3,one_to_many,1,0,3772.78,0.017566,0.982434,4,0.4,0.602564,0.4,0.4,0,0.1283,0,0,0.230769,0.244949,0,0,0,35,57,90,train,0
LED-000477,STL-000011-0|STL-000125-0|STL-000577-0,3,one_to_many,1,0,1839.62,0.008565,0.991435,4,0.380952,0.602564,0.380952,0.380952,0,0.1283,0,0,0.230769,0.285774,0,0,0,35,31,64,train,0
LED-000477,STL-000011-0|STL-000125-1|STL-000298-0,3,one_to_many,1,0,3799.37,0.01769,1.01769,4,0.380952,0.605983,0.380952,0.380952,0,0.1283,0,0,0.307692,0.244949,0,0,0,35,31,64,train,0
LED-000477,STL-000011-0|STL-000125-1|STL-000365-0,3,one_to_many,1,0,3246.84,0.015117,0.984883,4,0.4,0.602564,0.4,0.4,0,0.1283,0,0,0.230769,0.244949,0,0,0,35,57,90,train,0
LED-000477,STL-000011-0|STL-000125-1|STL-000577-0,3,one_to_many,1,0,1313.68,0.006117,0.993883,4,0.380952,0.602564,0.380952,0.380952,0,0.1283,0,0,0.230769,0.285774,0,0,0,35,31,64,train,0
LED-000477,STL-000011-0|STL-000125-2|STL-000365-0,3,one_to_many,1,0,851.57,0.003965,0.996035,4,0.4,0.602564,0.4,0.4,0,0.1283,0,0,0.230769,0.244949,0,0,0,35,57,90,train,0
LED-000477,STL-000011-0|STL-000125-2|STL-000577-0,3,one_to_many,1,0,1081.59,0.005036,1.005036,4,0.380952,0.602564,0.380952,0.380952,0,0.1283,0,0,0.230769,0.285774,0,0,0,35,31,64,train,0
LED-000477,STL-000034-0|STL-000320-0|STL-000320-1,3,one_to_many,1,0,2363.06,0.011003,0.988997,4,0.363636,0.617949,0.363636,0.363636,0,0.065372,0,0,0.307692,0.285774,0,0,0,35,51,84,train,0
LED-000477,STL-000112-0|STL-000125-1|STL-000125-2,3,one_to_many,1,0,4754.82,0.022139,0.977861,4,0.315789,0.605983,0.315789,0.315789,0,0.1283,0,0,0.230769,0.102899,0,0,0,35,36,69,train,0
LED-000477,STL-000112-0|STL-000298-0|STL-000320-0,3,one_to_many,1,0,4720.78,0.02198,0.97802,4,0.363636,0.605983,0.363636,0.363636,0,0.0,0,0,0.307692,0.244949,0,0,0,35,51,84,train,0
LED-000477,STL-000112-0|STL-000298-0|STL-000320-1,3,one_to_many,1,0,1355.94,0.006313,0.993687,4,0.363636,0.605983,0.363636,0.363636,0,0.0,0,0,0.307692,0.133333,0,0,0,35,43,76,train,0
LED-000477,STL-000125-0|STL-000216-0|STL-000365-0,3,one_to_many,1,0,1724.0,0.008027,1.008027,4,0.4,0.602456,0.4,0.4,0,0.1283,0,0,0.230769,0.285774,0,0,0,35,57,90,train,0
LED-000477,STL-000125-0|STL-000216-0|STL-000577-0,3,one_to_many,1,0,3657.16,0.017028,1.017028,4,0.4,0.602456,0.4,0.4,0,0.1283,0,0,0.230769,0.285774,0,0,0,35,39,72,train,0
LED-000477,STL-000125-0|STL-000216-1|STL-000365-0,3,one_to_many,1,0,1528.28,0.007116,1.007116,4,0.4,0.602564,0.4,0.4,0,0.1283,0,0,0.230769,0.102899,0,0,0,35,57,90,train,0
LED-000477,STL-000125-0|STL-000216-1|STL-000577-0,3,one_to_many,1,0,3461.44,0.016117,1.016117,4,0.380952,0.602564,0.380952,0.380952,0,0.1283,0,0,0.230769,0.285774,0,0,0,35,40,73,train,0
LED-000477,STL-000125-0|STL-000294-0|STL-000298-0,3,one_to_many,1,0,5264.11,0.02451,1.02451,3,0.315789,0.605983,0.315789,0.315789,0,0.1283,0,0,0.307692,0.244949,0,0,0,35,34,67,train,0
LED-000477,STL-000125-0|STL-000294-0|STL-000365-0,3,one_to_many,1,0,1782.1,0.008298,0.991702,4,0.4,0.602456,0.4,0.4,0,0.1283,0,0,0.230769,0.244949,0,0,0,35,57,90,train,0
LED-000477,STL-000125-0|STL-000294-0|STL-000577-0,3,one_to_many,1,0,151.06,0.000703,1.000703,3,0.266667,0.551282,0.266667,0.285714,0,0.1283,0,0,0.230769,0.285774,0,0,0,35,34,67,train,0
LED-000477,STL-000125-1|STL-000216-0|STL-000365-0,3,one_to_many,1,0,2249.94,0.010476,1.010476,4,0.4,0.602456,0.4,0.4,0,0.1283,0,0,0.230769,0.285774,0,0,0,35,57,90,train,0
LED-000477,STL-000125-1|STL-000216-0|STL-000577-0,3,one_to_many,1,0,4183.1,0.019477,1.019477,4,0.4,0.602456,0.4,0.4,0,0.1283,0,0,0.230769,0.285774,0,0,0,35,39,72,train,0
LED-000477,STL-000125-1|STL-000216-1|STL-000365-0,3,one_to_many,1,0,2054.22,0.009565,1.009565,4,0.4,0.602564,0.4,0.4,0,0.1283,0,0,0.230769,0.102899,0,0,0,35,57,90,train,0
LED-000477,STL-000125-1|STL-000216-1|STL-000577-0,3,one_to_many,1,0,3987.38,0.018565,1.018565,4,0.380952,0.602564,0.380952,0.380952,0,0.1283,0,0,0.230769,0.285774,0,0,0,35,40,73,train,0
LED-000477,STL-000125-1|STL-000294-0|STL-000365-0,3,one_to_many,1,0,1256.16,0.005849,0.994151,4,0.4,0.602456,0.4,0.4,0,0.1283,0,0,0.230769,0.244949,0,0,0,35,57,90,train,0
LED-000477,STL-000125-1|STL-000294-0|STL-000577-0,3,one_to_many,1,0,677.0,0.003152,1.003152,3,0.266667,0.551282,0.266667,0.285714,0,0.1283,0,0,0.230769,0.285774,0,0,0,35,34,67,train,0
LED-000477,STL-000125-2|STL-000216-0|STL-000365-0,3,one_to_many,1,0,4645.21,0.021628,1.021628,4,0.4,0.602456,0.4,0.4,0,0.1283,0,0,0.230769,0.285774,0,0,0,35,57,90,train,0
LED-000477,STL-000125-2|STL-000216-1|STL-000365-0,3,one_to_many,1,0,4449.49,0.020717,1.020717,4,0.4,0.602564,0.4,0.4,0,0.1283,0,0,0.230769,0.102899,0,0,0,35,57,90,train,0
LED-000477,STL-000125-2|STL-000294-0|STL-000365-0,3,one_to_many,1,0,1139.11,0.005304,1.005304,4,0.4,0.602456,0.4,0.4,0,0.1283,0,0,0.230769,0.244949,0,0,0,35,57,90,train,0
LED-000477,STL-000125-2|STL-000294-0|STL-000577-0,3,one_to_many,1,0,3072.27,0.014305,1.014305,3,0.266667,0.551282,0.266667,0.285714,0,0.1283,0,0,0.230769,0.285774,0,0,0,35,34,67,train,0
LED-000477,STL-000320-0|STL-000320-1|STL-000394-0,3,one_to_many,1,0,4153.16,0.019337,0.980663,3,0.363636,0.580057,0.363636,0.363636,0,0.060858,0,0,0.230769,0.244949,0,0,0,35,51,84,train,0
LED-000479,STL-000404-1|STL-000520-0,2,one_to_many,1,0,3526.32,0.01662,1.01662,3,1.0,1.0,1.0,1.0,1,1.0,0,0,0.230769,0.167984,0,0,0,36,46,80,test,0
LED-000482,STL-000028-0|STL-000507-0,2,one_to_many,1,0,1863.59,0.009364,0.990636,2,0.296296,0.604978,0.296296,0.296296,0,0.0,0,0,0.0,0.883858,0,1,0,25,21,44,train,0
LED-000482,STL-000085-0|STL-000366-0,2,one_to_many,1,0,4084.88,0.020525,1.020525,4,1.0,1.0,1.0,1.0,1,1.0,0,0,0.230769,0.191273,0,0,0,25,17,40,train,0
LED-000482,STL-000275-0|STL-000379-0,2,one_to_many,1,0,2646.77,0.013299,1.013299,4,0.410256,0.650996,0.358974,0.358974,0,0.0,0,0,0.230769,0.830291,0,0,0,25,17,40,train,0
LED-000482,STL-000314-0|STL-000366-0,2,one_to_many,1,0,1947.14,0.009783,1.009783,4,1.0,1.0,1.0,1.0,1,1.0,0,0,0.230769,0.133185,0,0,0,25,25,48,train,0
LED-000484,STL-000039-0|STL-000065-0|STL-000594-0,3,one_to_many,1,0,733.84,0.002954,1.002954,3,0.411765,0.643494,0.411765,0.411765,0,0.133333,0,0,0.307692,0.725775,0,0,0,20,32,50,train,0
LED-000487,STL-000487-0|STL-000487-1|STL-000487-2,3,one_to_many,1,0,168.09,0.002523,0.997477,1,1.0,1.0,1.0,1.0,1,1.0,1,1,1.0,0.900919,0,0,0,7,34,39,train,1
LED-000490,STL-000067-0|STL-000490-0,2,one_to_many,1,0,609.78,0.002949,0.997051,2,1.0,1.0,1.0,1.0,1,1.0,1,1,1.0,0.810752,0,0,0,9,30,37,val,0
LED-000493,STL-000301-0|STL-000353-0,2,one_to_many,1,0,1880.61,0.016751,1.016751,1,0.216216,0.511376,0.27027,0.27027,0,0.0,0,0,0.230769,0.438357,0,0,0,21,60,79,train,0
LED-000494,STL-000004-0|STL-000156-0|STL-000180-0,3,one_to_many,1,0,2606.11,0.015498,1.015498,1,0.125,0.412346,0.125,0.125,0,0.0,0,0,0.230769,0.522976,0,0,0,17,33,48,train,0
LED-000495,STL-000041-0|STL-000447-0|STL-000532-0,3,one_to_many,1,0,1454.83,0.012211,0.987789,4,0.230769,0.539869,0.307692,0.307692,0,0.08165,0,0,0.230769,0.159394,0,0,0,20,72,90,train,0
LED-000498,STL-000140-0|STL-000365-0,2,one_to_many,1,0,3909.16,0.017587,0.982413,4,0.352941,0.480392,0.352941,0.32,0,0.099381,0,0,0.307692,0.770329,0,0,0,19,57,74,train,0
LED-000498,STL-000140-0|STL-000577-0,2,one_to_many,1,0,1976.0,0.00889,0.99111,4,0.285714,0.471863,0.285714,0.242424,0,0.0,0,0,0.230769,0.240192,0,0,0,19,25,42,train,0
LED-000498,STL-000320-0|STL-000588-0,2,one_to_many,1,0,3713.46,0.016706,0.983294,1,1.0,1.0,1.0,1.0,1,1.0,0,0,0.230769,0.240192,0,0,0,19,51,68,train,0
LED-000498,STL-000320-1|STL-000588-0,2,one_to_many,1,0,348.62,0.001568,0.998432,1,1.0,1.0,1.0,1.0,1,1.0,0,0,0.230769,0.470871,0,0,0,19,43,60,train,0
LED-000498,STL-000112-0|STL-000140-0|STL-000216-0,3,one_to_many,1,0,4978.47,0.022397,0.977603,4,0.352941,0.558824,0.352941,0.428571,0,0.099381,0,0,0.230769,0.470871,0,0,0,19,39,56,train,0
LED-000498,STL-000112-0|STL-000140-0|STL-000216-1,3,one_to_many,1,0,5174.19,0.023278,0.976722,4,0.285714,0.558824,0.285714,0.428571,0,0.0,0,0,0.230769,0.470871,0,0,0,19,40,57,train,0
LED-000498,STL-000112-0|STL-000140-0|STL-000216-2,3,one_to_many,1,0,3922.94,0.017649,1.017649,4,0.285714,0.558824,0.285714,0.428571,0,0.0,0,0,0.230769,0.470871,0,0,0,19,36,53,train,0
LED-000498,STL-000112-0|STL-000140-0|STL-000294-1,3,one_to_many,1,0,5339.84,0.024023,1.024023,4,0.301887,0.558824,0.285714,0.428571,0,0.0,0,0,0.230769,0.470871,0,0,0,19,36,53,train,0
LED-000498,STL-000140-0|STL-000320-0|STL-000365-0,3,one_to_many,1,0,615.44,0.002769,1.002769,4,0.384615,0.634609,0.384615,0.352941,0,0.099381,0,0,0.307692,0.770329,0,0,0,19,57,74,train,0
LED-000498,STL-000140-0|STL-000320-0|STL-000577-0,3,one_to_many,1,0,2548.6,0.011466,1.011466,4,0.384615,0.634609,0.384615,0.352941,0,0.0,0,0,0.230769,0.240192,0,0,0,19,51,68,train,0
LED-000498,STL-000140-0|STL-000320-1|STL-000365-0,3,one_to_many,1,0,3980.28,0.017907,1.017907,4,0.384615,0.634609,0.384615,0.352941,0,0.099381,0,0,0.307692,0.770329,0,0,0,19,57,74,train,0
LED-000498,STL-000320-0|STL-000320-1|STL-000588-0,3,one_to_many,1,0,4175.98,0.018787,1.018787,1,1.0,1.0,1.0,1.0,1,1.0,0,0,0.230769,0.470871,0,0,0,19,51,68,train,0
LED-000500,STL-000001-0|STL-000181-0,2,one_to_many,1,0,4625.98,0.019313,0.980687,1,0.470588,0.640694,0.470588,0.470588,0,0.0,0,0,0.230769,0.731564,0,0,0,55,55,108,train,0
LED-000500,STL-000181-0|STL-000349-0,2,one_to_many,1,0,3916.39,0.016351,1.016351,0,0.176471,0.413333,0.235294,0.235294,0,0.0,0,0,0.230769,0.725775,0,0,0,55,54,107,train,0
LED-000500,STL-000001-0|STL-000179-0|STL-000349-0,3,one_to_many,1,0,3979.02,0.016612,1.016612,4,1.0,1.0,1.0,1.0,1,1.0,0,0,0.230769,0.731564,0,0,0,55,63,116,train,0
LED-000500,STL-000001-0|STL-000181-0|STL-000532-0,3,one_to_many,1,0,1699.86,0.007097,1.007097,2,0.470588,0.640694,0.470588,0.470588,0,0.0,0,0,0.230769,0.731564,0,0,0,55,72,125,train,0
LED-000500,STL-000001-0|STL-000349-0|STL-000390-0,3,one_to_many,1,0,797.6,0.00333,0.99667,4,0.470588,0.640694,0.470588,0.470588,0,0.0,0,0,0.307692,0.731564,0,0,0,55,64,117,train,0
LED-000500,STL-000001-0|STL-000390-0|STL-000495-0,3,one_to_many,1,0,4834.83,0.020185,1.020185,4,0.470588,0.640694,0.470588,0.470588,0,0.0,0,0,0.307692,0.731564,0,0,0,55,64,117,train,0
LED-000500,STL-000047-0|STL-000076-0|STL-000292-0,3,one_to_many,1,0,3131.11,0.013072,1.013072,3,0.3125,0.538955,0.3125,0.3125,0,0.0,0,0,0.230769,0.06415,0,0,0,55,63,116,train,0
LED-000500,STL-000047-0|STL-000179-0|STL-000349-0,3,one_to_many,1,0,5800.68,0.024217,0.975783,4,1.0,1.0,1.0,1.0,1,1.0,0,0,0.230769,0.725775,0,0,0,55,63,116,train,0
LED-000500,STL-000047-0|STL-000179-0|STL-000495-0,3,one_to_many,1,0,168.25,0.000702,0.999298,4,1.0,1.0,1.0,1.0,1,1.0,0,0,0.230769,0.20998,0,0,0,55,63,116,train,0
LED-000500,STL-000047-0|STL-000181-0|STL-000390-0,3,one_to_many,1,0,5846.45,0.024408,1.024408,4,0.3125,0.532381,0.3125,0.3125,0,0.0,0,0,0.307692,0.264906,0,0,0,55,64,117,train,0
LED-000500,STL-000047-0|STL-000390-0|STL-000495-0,3,one_to_many,1,0,4944.87,0.020644,0.979356,4,0.3125,0.532381,0.3125,0.3125,0,0.0,0,0,0.307692,0.264906,0,0,0,55,64,117,train,0
LED-000500,STL-000076-0|STL-000179-0|STL-000181-0,3,one_to_many,1,0,257.83,0.001076,1.001076,4,1.0,1.0,1.0,1.0,1,1.0,0,0,0.230769,0.20998,0,0,0,55,63,116,train,0
LED-000500,STL-000076-0|STL-000181-0|STL-000390-0,3,one_to_many,1,0,4518.79,0.018866,0.981134,4,0.25,0.455238,0.25,0.25,0,0.0,0,0,0.307692,0.264906,0,0,0,55,64,117,train,0
LED-000500,STL-000179-0|STL-000413-0|STL-000532-0,3,one_to_many,1,0,2716.61,0.011342,0.988658,4,1.0,1.0,1.0,1.0,1,1.0,0,0,0.230769,0.20998,0,0,0,55,72,125,train,0
LED-000500,STL-000292-0|STL-000390-0|STL-000587-0,3,one_to_many,1,0,4708.77,0.019659,1.019659,4,0.307692,0.538955,0.285714,0.269231,0,0.0,0,0,0.307692,0.264906,0,0,0,55,64,117,train,0
LED-000500,STL-000349-0|STL-000495-0|STL-000532-0,3,one_to_many,1,0,549.09,0.002292,0.997708,4,0.176471,0.471111,0.285714,0.285714,0,0.0,0,0,0.230769,0.725775,0,0,0,55,72,125,train,0
LED-000501,STL-000501-0|STL-000501-1|STL-000501-2,3,one_to_many,1,0,35.03,0.000243,0.999757,1,1.0,1.0,1.0,1.0,1,1.0,1,1,1.0,0.866025,0,0,0,89,111,198,test,1
LED-000503,STL-000072-0|STL-000503-0,2,one_to_many,1,0,202.85,0.004811,1.004811,1,1.0,1.0,1.0,1.0,1,1.0,1,1,1.0,0.196116,0,0,0,39,70,107,train,0
LED-000504,STL-000333-0|STL-000438-0|STL-000444-0,3,one_to_many,1,0,1136.22,0.005089,1.005089,1,0.210526,0.448413,0.210526,0.210526,0,0.141421,0,0,0.230769,0.715542,0,0,0,5,13,16,train,0
LED-000510,STL-000088-0|STL-000426-0,2,one_to_many,1,0,420.52,0.001879,1.001879,4,0.294118,0.604701,0.352941,0.352941,0,0.0,0,0,0.230769,0.781736,0,0,0,24,47,69,train,0
LED-000510,STL-000088-0|STL-000510-0,2,one_to_many,1,0,1543.39,0.006895,1.006895,4,1.0,1.0,1.0,1.0,1,1.0,1,1,1.0,0.303895,0,0,0,24,44,66,train,0
LED-000510,STL-000426-0|STL-000510-1,2,one_to_many,1,0,2021.75,0.009032,0.990968,0,1.0,1.0,1.0,1.0,1,1.0,0,0,0.230769,0.888336,0,0,0,24,50,72,train,0
LED-000510,STL-000510-0|STL-000510-1,2,one_to_many,1,0,898.88,0.004016,0.995984,0,1.0,1.0,1.0,1.0,1,1.0,1,1,1.0,0.888336,0,0,0,24,50,72,train,1
LED-000510,STL-000088-0|STL-000443-0|STL-000512-0,3,one_to_many,1,0,2025.86,0.009051,0.990949,4,0.641509,0.703324,0.603774,0.641509,0,0.368037,0,0,0.230769,0.746203,0,0,0,24,39,61,train,0
LED-000510,STL-000088-0|STL-000443-1|STL-000512-0,3,one_to_many,1,0,3899.84,0.017423,1.017423,4,0.641509,0.703324,0.603774,0.641509,0,0.368037,0,0,0.230769,0.261117,0,0,0,24,39,61,train,0
LED-000510,STL-000088-0|STL-000512-0|STL-000571-0,3,one_to_many,1,0,3261.87,0.014573,0.985427,4,0.4,0.622863,0.4,0.4,0,0.0,0,0,0.230769,0.261117,0,0,0,24,39,61,train,0
LED-000510,STL-000252-0|STL-000471-0|STL-000512-0,3,one_to_many,1,0,3128.18,0.013976,0.986024,2,0.294118,0.604701,0.352941,0.352941,0,0.0,0,0,0.230769,0.246183,0,0,0,24,39,61,train,0
LED-000510,STL-000443-0|STL-000510-1|STL-000512-0,3,one_to_many,1,0,4468.13,0.019962,0.980038,1,1.0,1.0,1.0,1.0,1,1.0,0,0,0.230769,0.888336,0,0,0,24,50,72,train,0
LED-000510,STL-000443-1|STL-000510-1|STL-000512-0,3,one_to_many,1,0,1457.57,0.006512,1.006512,1,1.0,1.0,1.0,1.0,1,1.0,0,0,0.230769,0.888336,0,0,0,24,50,72,train,0
LED-000512,STL-000252-0|STL-000443-0|STL-000443-1,3,one_to_many,1,0,329.46,0.005615,0.994385,1,0.153846,0.324691,0.153846,0.153846,0,0.0,0,0,0.230769,0.09525,0,0,0,22,29,49,train,0
LED-000514,STL-000023-0|STL-000209-0,2,one_to_many,1,0,1058.65,0.004269,1.004269,2,0.375,0.553812,0.375,0.375,0,0.0,0,0,0.230769,0.142134,0,0,0,76,57,131,train,0
LED-000514,STL-000052-0|STL-000589-0,2,one_to_many,1,0,1665.55,0.006716,1.006716,1,0.5,0.6881,0.388889,0.388889,0,0.062622,0,0,0.230769,0.142134,0,0,0,76,57,131,train,0
LED-000514,STL-000205-0|STL-000589-0,2,one_to_many,1,0,1282.51,0.005172,0.994828,2,0.5,0.6881,0.388889,0.388889,0,0.062622,0,0,0.230769,0.142134,0,0,0,76,57,131,train,0
LED-000514,STL-000209-0|STL-000306-1,2,one_to_many,1,0,4748.64,0.019149,1.019149,3,0.4,0.558817,0.4,0.4,0,0.047565,0,0,0.230769,0.246183,0,0,0,76,57,131,train,0
LED-000514,STL-000209-0|STL-000409-0,2,one_to_many,1,0,5698.11,0.022977,1.022977,3,0.391304,0.648343,0.375,0.375,0,0.050572,0,0,0.230769,0.092319,0,0,0,76,57,131,train,0
LED-000514,STL-000255-1|STL-000589-0,2,one_to_many,1,0,3494.14,0.01409,1.01409,1,0.5,0.6881,0.388889,0.388889,0,0.062622,0,0,0.307692,0.130558,0,0,0,76,57,131,train,0
LED-000514,STL-000023-0|STL-000030-0|STL-000045-0,3,one_to_many,1,0,338.44,0.001365,1.001365,3,0.375,0.573849,0.375,0.375,0,0.0,0,0,0.230769,0.246183,0,0,0,76,46,120,train,0
LED-000514,STL-000023-0|STL-000045-0|STL-000255-0,3,one_to_many,1,0,2124.04,0.008565,0.991435,2,0.375,0.553812,0.375,0.375,0,0.0,0,0,0.307692,0.261117,0,0,0,76,56,130,train,0
LED-000514,STL-000023-0|STL-000045-0|STL-000306-0,3,one_to_many,1,0,1977.39,0.007974,0.992026,2,0.4,0.558817,0.4,0.4,0,0.047565,0,0,0.230769,0.246183,0,0,0,76,66,140,train,0
LED-000514,STL-000023-0|STL-000045-0|STL-000389-2,3,one_to_many,1,0,208.22,0.00084,1.00084,2,1.0,1.0,1.0,1.0,1,1.0,0,0,0.230769,0.142134,0,0,0,76,65,139,train,0
LED-000514,STL-000023-0|STL-000052-0|STL-000069-0,3,one_to_many,1,0,5779.3,0.023305,0.976695,3,0.5,0.640265,0.388889,0.388889,0,0.0,0,0,0.230769,0.246183,0,0,0,76,54,128,train,0
LED-000514,STL-000023-0|STL-000069-0|STL-000255-1,3,one_to_many,1,0,3950.71,0.015931,0.984069,3,0.5,0.640265,0.388889,0.388889,0,0.0,0,0,0.307692,0.246183,0,0,0,76,57,131,train,0
LED-000514,STL-000023-0|STL-000255-0|STL-000409-1,3,one_to_many,1,0,5820.53,0.023471,1.023471,2,0.375,0.648343,0.375,0.375,0,0.0,0,0,0.307692,0.261117,0,0,0,76,56,130,train,0
LED-000514,STL-000023-0|STL-000306-0|STL-000409-1,3,one_to_many,1,0,5967.18,0.024062,1.024062,2,0.4,0.648343,0.4,0.4,0,0.047565,0,0,0.230769,0.246183,0,0,0,76,66,140,train,0
LED-000514,STL-000030-0|STL-000045-0|STL-000306-1,3,one_to_many,1,0,4028.43,0.016244,1.016244,3,0.4,0.573849,0.4,0.4,0,0.047565,0,0,0.230769,0.246183,0,0,0,76,46,120,train,0
LED-000514,STL-000030-0|STL-000045-0|STL-000409-0,3,one_to_many,1,0,4977.9,0.020073,1.020073,3,0.391304,0.648343,0.375,0.375,0,0.050572,0,0,0.230769,0.246183,0,0,0,76,46,120,train,0
LED-000514,STL-000030-0|STL-000052-0|STL-000352-0,3,one_to_many,1,0,6205.64,0.025024,1.025024,3,0.375,0.573849,0.375,0.375,0,0.062622,0,0,0.230769,0.246183,0,0,0,76,64,138,train,0
LED-000514,STL-000030-0|STL-000205-0|STL-000352-0,3,one_to_many,1,0,3257.58,0.013136,1.013136,3,0.375,0.648343,0.375,0.375,0,0.062622,0,0,0.230769,0.246183,0,0,0,76,64,138,train,0
LED-000514,STL-000030-0|STL-000255-0|STL-000589-0,3,one_to_many,1,0,2870.3,0.011574,1.011574,3,0.5,0.6881,0.388889,0.388889,0,0.062622,0,0,0.307692,0.261117,0,0,0,76,57,131,train,0
LED-000514,STL-000030-0|STL-000306-0|STL-000589-0,3,one_to_many,1,0,3016.95,0.012166,1.012166,3,0.5,0.6881,0.4,0.4,0,0.062622,0,0,0.230769,0.246183,0,0,0,76,66,140,train,0
LED-000514,STL-000030-0|STL-000306-1|STL-000352-0,3,one_to_many,1,0,5844.41,0.023567,0.976433,3,0.4,0.573849,0.4,0.4,0,0.062622,0,0,0.230769,0.246183,0,0,0,76,64,138,train,0
LED-000514,STL-000030-0|STL-000352-0|STL-000409-0,3,one_to_many,1,0,4894.94,0.019739,0.980261,3,0.391304,0.648343,0.375,0.375,0,0.062622,0,0,0.230769,0.246183,0,0,0,76,64,138,train,0
LED-000514,STL-000030-0|STL-000389-2|STL-000589-0,3,one_to_many,1,0,5202.56,0.020979,1.020979,3,1.0,1.0,1.0,1.0,1,1.0,0,0,0.230769,0.246183,0,0,0,76,65,139,train,0
LED-000514,STL-000045-0|STL-000255-0|STL-000306-1,3,one_to_many,1,0,1565.95,0.006315,1.006315,3,0.4,0.558817,0.4,0.4,0,0.047565,0,0,0.307692,0.261117,0,0,0,76,56,130,train,0
LED-000514,STL-000045-0|STL-000255-0|STL-000409-0,3,one_to_many,1,0,2515.42,0.010143,1.010143,3,0.391304,0.648343,0.375,0.375,0,0.050572,0,0,0.307692,0.261117,0,0,0,76,56,130,train,0
LED-000514,STL-000045-0|STL-000306-0|STL-000306-1,3,one_to_many,1,0,1712.6,0.006906,1.006906,3,0.4,0.558817,0.4,0.4,0,0.047565,0,0,0.230769,0.246183,0,0,0,76,66,140,train,0
LED-000514,STL-000045-0|STL-000306-0|STL-000409-0,3,one_to_many,1,0,2662.07,0.010735,1.010735,3,0.4,0.648343,0.4,0.4,0,0.050572,0,0,0.230769,0.246183,0,0,0,76,66,140,train,0
LED-000514,STL-000045-0|STL-000306-1|STL-000389-2,3,one_to_many,1,0,3898.21,0.015719,1.015719,3,1.0,1.0,1.0,1.0,1,1.0,0,0,0.230769,0.246183,0,0,0,76,65,139,train,0
LED-000514,STL-000045-0|STL-000389-2|STL-000409-0,3,one_to_many,1,0,4847.68,0.019548,1.019548,3,1.0,1.0,1.0,1.0,1,1.0,0,0,0.230769,0.123092,0,0,0,76,65,139,train,0
LED-000514,STL-000052-0|STL-000069-0|STL-000306-1,3,one_to_many,1,0,2089.31,0.008425,0.991575,3,0.5,0.640265,0.4,0.4,0,0.047565,0,0,0.230769,0.246183,0,0,0,76,54,128,train,0
LED-000514,STL-000052-0|STL-000069-0|STL-000409-0,3,one_to_many,1,0,1139.84,0.004596,0.995404,3,0.5,0.648343,0.388889,0.388889,0,0.050572,0,0,0.230769,0.246183,0,0,0,76,54,128,train,0
LED-000514,STL-000052-0|STL-000205-0|STL-000255-1,3,one_to_many,1,0,1454.17,0.005864,0.994136,2,0.375,0.648343,0.375,0.375,0,0.0,0,0,0.307692,0.142134,0,0,0,76,57,131,train,0
LED-000514,STL-000052-0|STL-000255-0|STL-000352-0,3,one_to_many,1,0,3743.16,0.015094,1.015094,2,0.375,0.553812,0.375,0.375,0,0.062622,0,0,0.307692,0.261117,0,0,0,76,64,138,train,0
LED-000514,STL-000052-0|STL-000306-0|STL-000352-0,3,one_to_many,1,0,3889.81,0.015685,1.015685,1,0.4,0.558817,0.4,0.4,0,0.062622,0,0,0.230769,0.246183,0,0,0,76,66,140,train,0
LED-000514,STL-000052-0|STL-000352-0|STL-000389-2,3,one_to_many,1,0,6075.42,0.024499,1.024499,1,1.0,1.0,1.0,1.0,1,1.0,0,0,0.230769,0.142134,0,0,0,76,65,139,train,0
LED-000514,STL-000069-0|STL-000205-0|STL-000306-1,3,one_to_many,1,0,5037.37,0.020313,0.979687,3,0.5,0.648343,0.4,0.4,0,0.047565,0,0,0.230769,0.246183,0,0,0,76,35,109,train,0
LED-000514,STL-000069-0|STL-000205-0|STL-000409-0,3,one_to_many,1,0,4087.9,0.016484,0.983516,3,0.5,0.648343,0.388889,0.388889,0,0.050572,0,0,0.230769,0.246183,0,0,0,76,36,110,train,0
LED-000514,STL-000069-0|STL-000255-1|STL-000306-1,3,one_to_many,1,0,260.72,0.001051,0.998949,3,0.5,0.640265,0.4,0.4,0,0.047565,0,0,0.307692,0.246183,0,0,0,76,57,131,train,0
LED-000514,STL-000069-0|STL-000255-1|STL-000409-0,3,one_to_many,1,0,688.75,0.002777,1.002777,3,0.5,0.648343,0.388889,0.388889,0,0.050572,0,0,0.307692,0.246183,0,0,0,76,57,131,train,0
LED-000514,STL-000205-0|STL-000255-0|STL-000352-0,3,one_to_many,1,0,795.1,0.003206,1.003206,2,0.375,0.648343,0.375,0.375,0,0.062622,0,0,0.307692,0.261117,0,0,0,76,64,138,train,0
LED-000514,STL-000205-0|STL-000306-0|STL-000352-0,3,one_to_many,1,0,941.75,0.003798,1.003798,2,0.4,0.648343,0.4,0.4,0,0.062622,0,0,0.230769,0.246183,0,0,0,76,66,140,train,0
LED-000514,STL-000205-0|STL-000352-0|STL-000389-2,3,one_to_many,1,0,3127.36,0.012611,1.012611,2,1.0,1.0,1.0,1.0,1,1.0,0,0,0.230769,0.142134,0,0,0,76,65,139,train,0
LED-000514,STL-000255-0|STL-000255-1|STL-000352-0,3,one_to_many,1,0,5571.75,0.022468,1.022468,2,0.375,0.553812,0.375,0.375,0,0.062622,0,0,0.307692,0.261117,0,0,0,76,64,138,train,0
LED-000514,STL-000255-0|STL-000306-0|STL-000589-0,3,one_to_many,1,0,554.47,0.002236,1.002236,2,0.5,0.6881,0.4,0.4,0,0.062622,0,0,0.307692,0.261117,0,0,0,76,66,140,train,0
LED-000514,STL-000255-0|STL-000389-2|STL-000589-0,3,one_to_many,1,0,2740.08,0.011049,1.011049,2,1.0,1.0,1.0,1.0,1,1.0,0,0,0.307692,0.261117,0,0,0,76,65,139,train,0
LED-000514,STL-000255-1|STL-000306-0|STL-000352-0,3,one_to_many,1,0,5718.4,0.023059,1.023059,1,0.4,0.558817,0.4,0.4,0,0.062622,0,0,0.307692,0.246183,0,0,0,76,66,140,train,0
LED-000514,STL-000306-0|STL-000389-2|STL-000589-0,3,one_to_many,1,0,2886.73,0.011641,1.011641,1,1.0,1.0,1.0,1.0,1,1.0,0,0,0.230769,0.246183,0,0,0,76,66,140,train,0
LED-000514,STL-000306-1|STL-000352-0|STL-000389-2,3,one_to_many,1,0,5974.63,0.024092,0.975908,3,1.0,1.0,1.0,1.0,1,1.0,0,0,0.230769,0.246183,0,0,0,76,65,139,train,0
LED-000514,STL-000352-0|STL-000389-2|STL-000409-0,3,one_to_many,1,0,5025.16,0.020264,0.979736,3,1.0,1.0,1.0,1.0,1,1.0,0,0,0.230769,0.059708,0,0,0,76,65,139,train,0
LED-000516,STL-000245-0|STL-000548-0,2,one_to_many,1,0,371.3,0.001518,1.001518,4,0.153846,0.498413,0.230769,0.230769,0,0.0,0,0,0.230769,0.162088,0,0,0,13,26,37,train,0
LED-000516,STL-000266-0|STL-000516-2,2,one_to_many,1,0,5522.29,0.022584,1.022584,2,1.0,1.0,1.0,1.0,1,1.0,1,1,1.0,0.286618,0,0,0,13,18,29,train,0
LED-000516,STL-000419-0|STL-000516-0|STL-000516-1,3,one_to_many,1,0,5786.25,0.023663,1.023663,1,1.0,1.0,1.0,1.0,1,1.0,1,1,1.0,0.393919,0,0,0,13,27,38,train,0
LED-000516,STL-000516-0|STL-000516-1|STL-000516-2,3,one_to_many,1,0,0.0,0.0,1.0,1,1.0,1.0,1.0,1.0,1,1.0,1,1,1.0,0.393919,0,0,0,13,27,38,train,1
LED-000519,STL-000519-0|STL-000519-1|STL-000519-2,3,one_to_many,1,0,687.38,0.006839,0.993161,3,1.0,1.0,1.0,1.0,1,1.0,1,1,1.0,0.870988,0,0,0,9,13,20,test,1
LED-000522,STL-000037-0|STL-000092-0|STL-000239-0,3,one_to_many,1,0,952.31,0.007354,1.007354,4,1.0,1.0,1.0,1.0,1,1.0,0,0,0.230769,0.211667,0,0,0,41,57,96,train,0
LED-000522,STL-000037-0|STL-000246-0|STL-000436-0,3,one_to_many,1,0,837.08,0.006464,1.006464,3,0.382979,0.58796,0.382979,0.382979,0,0.044281,0,0,0.307692,0.240966,0,0,0,41,83,122,train,0
LED-000522,STL-000092-0|STL-000196-0|STL-000436-0,3,one_to_many,1,0,1537.42,0.011873,0.988127,4,0.391304,0.648343,0.347826,0.347826,0,0.108465,0,0,0.307692,0.296334,0,0,0,41,89,128,train,0
LED-000522,STL-000092-0|STL-000246-1|STL-000436-0,3,one_to_many,1,0,2573.15,0.019871,0.980129,4,0.382979,0.593985,0.382979,0.382979,0,0.108465,0,0,0.307692,0.769897,0,0,0,41,55,94,train,0
LED-000522,STL-000196-0|STL-000361-0|STL-000436-0,3,one_to_many,1,0,997.85,0.007706,1.007706,2,0.45,0.648343,0.45,0.45,0,0.050572,0,0,0.307692,0.296334,0,0,0,41,89,128,train,0
LED-000522,STL-000246-1|STL-000361-0|STL-000436-0,3,one_to_many,1,0,37.88,0.000293,0.999707,2,0.45,0.639548,0.45,0.45,0,0.044281,0,0,0.307692,0.769897,0,0,0,41,55,94,train,0
LED-000524,STL-000055-0|STL-000231-0,2,one_to_many,1,0,4151.55,0.023949,1.023949,4,0.272727,0.505882,0.272727,0.272727,0,0.0,0,0,0.230769,0.707107,0,0,0,16,27,41,train,0
LED-000528,STL-000075-0|STL-000236-0,2,one_to_many,1,0,489.91,0.002568,1.002568,2,0.193548,0.451481,0.235294,0.235294,0,0.082479,0,0,0.230769,0.769897,0,0,0,20,45,63,train,0
LED-000528,STL-000317-0|STL-000341-0,2,one_to_many,1,0,3789.29,0.019859,1.019859,4,0.380952,0.604777,0.333333,0.333333,0,0.056344,0,0,0.230769,0.769897,0,0,0,20,36,54,train,0
LED-000528,STL-000317-0|STL-BATCH-000244-000277,2,one_to_many,1,0,1545.7,0.008101,0.991899,3,0.380952,0.604777,0.333333,0.333333,0,0.056344,0,0,0.0,0.054779,0,1,0,20,36,54,train,0
LED-000534,STL-000095-0|STL-000109-0,2,one_to_many,1,0,4355.75,0.022621,0.977379,4,0.5,0.640265,0.388889,0.388889,0,0.067267,0,0,0.384615,0.261861,0,0,0,46,45,89,train,0
LED-000534,STL-000095-0|STL-000126-0,2,one_to_many,1,0,4333.17,0.022504,0.977496,1,0.5,0.640265,0.388889,0.388889,0,0.0,0,0,0.230769,0.122474,0,0,0,46,37,81,train,0
LED-000534,STL-000377-1|STL-000554-0,2,one_to_many,1,0,913.28,0.004743,0.995257,3,0.230769,0.417711,0.230769,0.230769,0,0.108465,0,0,0.230769,0.0343,0,0,0,46,74,118,train,0
LED-000534,STL-000095-0|STL-000377-0|STL-000377-2,3,one_to_many,1,0,1527.22,0.007931,0.992069,4,0.5,0.640265,0.388889,0.388889,0,0.0,0,0,0.230769,0.174574,0,0,0,46,74,118,train,0
LED-000534,STL-000109-0|STL-000377-1|STL-000542-0,3,one_to_many,1,0,3484.18,0.018095,0.981905,4,0.5,0.640265,0.388889,0.388889,0,0.067267,0,0,0.384615,0.261861,0,0,0,46,74,118,train,0
LED-000534,STL-000109-0|STL-000377-2|STL-000542-0,3,one_to_many,1,0,4399.42,0.022848,1.022848,4,0.5,0.640265,0.388889,0.388889,0,0.067267,0,0,0.384615,0.261861,0,0,0,46,74,118,train,0
LED-000534,STL-000126-0|STL-000377-1|STL-000542-0,3,one_to_many,1,0,3461.6,0.017977,0.982023,4,0.5,0.640265,0.388889,0.388889,0,0.0,0,0,0.230769,0.122474,0,0,0,46,74,118,train,0
LED-000534,STL-000126-0|STL-000377-2|STL-000542-0,3,one_to_many,1,0,4422.0,0.022965,1.022965,4,0.5,0.640265,0.388889,0.388889,0,0.0,0,0,0.230769,0.122474,0,0,0,46,74,118,train,0
LED-000534,STL-000377-0|STL-000449-0|STL-000542-0,3,one_to_many,1,0,2986.47,0.01551,0.98449,4,0.5,0.640265,0.388889,0.388889,0,0.0,0,0,0.230769,0.174574,0,0,0,46,57,101,train,0
LED-000534,STL-000377-2|STL-000449-0|STL-000542-0,3,one_to_many,1,0,3587.08,0.018629,0.981371,4,0.5,0.640265,0.388889,0.388889,0,0.0,0,0,0.230769,0.04714,0,0,0,46,74,118,train,0
LED-000535,STL-000111-0|STL-000235-0,2,one_to_many,1,0,833.4,0.007022,0.992978,4,0.4,0.602456,0.4,0.4,0,0.0,0,0,0.230769,0.501602,0,0,0,21,30,49,train,0
LED-000537,STL-000458-0|STL-000572-0,2,one_to_many,1,0,1119.0,0.01371,1.01371,2,0.272727,0.486202,0.272727,0.266667,0,0.080257,0,0,0.230769,0.215166,0,0,0,14,20,32,train,0
LED-000537,STL-000165-0|STL-000373-0|STL-000572-0,3,one_to_many,1,0,770.07,0.009435,1.009435,2,0.388889,0.556588,0.388889,0.37037,0,0.093352,0,0,0.230769,0.215166,0,0,0,14,30,42,train,0
LED-000540,STL-000081-0|STL-000427-0,2,one_to_many,1,0,2633.93,0.022015,0.977985,3,0.285714,0.511905,0.266667,0.266667,0,0.182574,0,0,0.230769,0.781736,0,0,0,31,109,138,train,0
LED-000540,STL-000151-0|STL-000423-0,2,one_to_many,1,0,517.81,0.004328,0.995672,3,0.333333,0.561905,0.333333,0.333333,0,0.0,0,0,0.230769,0.287214,0,0,0,31,105,134,train,0
LED-000540,STL-000200-1|STL-000540-0,2,one_to_many,1,0,1519.59,0.012701,1.012701,0,1.0,1.0,1.0,1.0,1,1.0,0,0,0.230769,0.888336,0,0,0,31,173,202,train,0
LED-000540,STL-000386-0|STL-000423-1,2,one_to_many,1,0,1713.29,0.01432,0.98568,1,0.333333,0.518908,0.333333,0.333333,0,-0.11547,0,0,0.230769,0.781736,0,0,0,31,122,151,train,0
LED-000540,STL-000411-0|STL-000423-0,2,one_to_many,1,0,1690.86,0.014133,0.985867,4,0.333333,0.518908,0.333333,0.333333,0,0.0,0,0,0.230769,0.287214,0,0,0,31,105,134,train,0
LED-000540,STL-000081-0|STL-000200-1|STL-000427-0,3,one_to_many,1,0,1113.93,0.009311,0.990689,3,0.285714,0.511905,0.266667,0.266667,0,0.182574,0,0,0.230769,0.781736,0,0,0,31,173,202,train,0
LED-000540,STL-000081-0|STL-000423-1|STL-000583-0,3,one_to_many,1,0,662.42,0.005537,1.005537,4,0.333333,0.518908,0.333333,0.333333,0,0.108465,0,0,0.230769,0.781736,0,0,0,31,120,149,train,0
LED-000540,STL-000151-0|STL-000200-1|STL-000423-0,3,one_to_many,1,0,1002.19,0.008377,1.008377,3,0.333333,0.561905,0.333333,0.333333,0,0.0,0,0,0.230769,0.287214,0,0,0,31,173,202,train,0
LED-000540,STL-000200-1|STL-000386-0|STL-000423-1,3,one_to_many,1,0,193.29,0.001616,0.998384,1,0.333333,0.518908,0.333333,0.333333,0,0.0,0,0,0.230769,0.781736,0,0,0,31,173,202,train,0
LED-000540,STL-000200-1|STL-000411-0|STL-000423-0,3,one_to_many,1,0,170.86,0.001428,0.998572,4,0.333333,0.518908,0.333333,0.333333,0,0.0,0,0,0.230769,0.287214,0,0,0,31,173,202,train,0
LED-000544,STL-000084-0|STL-000310-0,2,one_to_many,1,0,2243.82,0.017784,1.017784,1,0.216216,0.511376,0.27027,0.27027,0,0.0,0,0,0.230769,0.725775,0,0,0,11,33,42,train,0
LED-000545,STL-000503-0|STL-000545-2,2,one_to_many,1,0,509.19,0.008113,0.991887,3,0.8125,0.936842,0.8125,0.8125,0,0.731272,1,1,1.0,0.848528,0,0,0,50,73,121,train,0
LED-000545,STL-000072-0|STL-000503-0|STL-000545-2,3,one_to_many,1,0,344.39,0.005487,1.005487,3,0.8125,0.936842,0.8125,0.8125,0,0.731272,1,1,1.0,0.848528,0,0,0,50,73,121,train,0
LED-000545,STL-000284-0|STL-000545-1|STL-000545-2,3,one_to_many,1,0,274.47,0.004373,0.995627,0,0.8125,0.936842,0.8125,0.8125,0,0.731272,1,1,1.0,0.848528,0,0,0,50,79,127,train,0
LED-000545,STL-000545-0|STL-000545-1|STL-000545-2,3,one_to_many,1,0,33.42,0.000532,0.999468,0,0.8125,0.936842,0.8125,0.8125,0,0.731272,1,1,1.0,0.848528,0,0,0,50,79,127,train,1
LED-000549,STL-000032-0|STL-000455-0,2,one_to_many,1,0,1120.03,0.005492,1.005492,3,0.384615,0.483224,0.384615,0.352941,0,0.0,0,0,0.230769,0.758098,0,0,0,12,33,43,train,0
LED-000549,STL-000032-1|STL-000455-0,2,one_to_many,1,0,3855.19,0.018904,0.981096,3,0.384615,0.483224,0.384615,0.352941,0,0.0,0,0,0.0,0.131306,0,1,0,12,33,43,train,0
LED-000549,STL-000032-2|STL-000455-0,2,one_to_many,1,0,2491.34,0.012216,1.012216,3,0.384615,0.483224,0.384615,0.352941,0,0.0,0,0,0.230769,0.131306,0,0,0,12,33,43,train,0
LED-000549,STL-000032-1|STL-000084-0|STL-000455-0,3,one_to_many,1,0,1505.88,0.007384,1.007384,3,0.384615,0.483224,0.384615,0.352941,0,0.0,0,0,0.230769,0.175075,0,0,0,12,33,43,train,0
LED-000551,STL-000080-0|STL-000412-0,2,one_to_many,1,0,3380.51,0.022533,0.977467,4,0.25,0.417989,0.25,0.25,0,0.169031,0,0,0.230769,0.211667,0,0,0,12,29,39,train,0
LED-000551,STL-000114-0|STL-000131-0,2,one_to_many,1,0,2874.32,0.019159,0.980841,2,0.181818,0.417379,0.272727,0.272727,0,0.0,0,0,0.230769,0.211667,0,0,0,12,8,18,train,0
LED-000554,STL-000109-0|STL-000542-0,2,one_to_many,1,0,2573.94,0.015882,0.984118,3,0.333333,0.535014,0.333333,0.333333,0,0.124035,0,0,0.230769,0.742308,0,0,0,40,45,83,train,0
LED-000554,STL-000126-0|STL-000542-0,2,one_to_many,1,0,2551.36,0.015743,0.984257,3,0.333333,0.535014,0.333333,0.333333,0,0.0,0,0,0.230769,0.192879,0,0,0,40,42,80,train,0
LED-000554,STL-000508-0|STL-000546-0,2,one_to_many,1,0,4035.4,0.0249,1.0249,4,0.285714,0.497619,0.242424,0.242424,0,0.087706,0,0,0.230769,0.748705,0,0,0,40,48,86,train,0
LED-000554,STL-000109-0|STL-000449-0|STL-000546-0,3,one_to_many,1,0,607.01,0.003745,1.003745,4,0.285714,0.497619,0.228571,0.228571,0,0.124035,0,0,0.230769,0.742308,0,0,0,40,48,86,train,0
LED-000554,STL-000126-0|STL-000449-0|STL-000546-0,3,one_to_many,1,0,629.59,0.003885,1.003885,4,0.285714,0.497619,0.228571,0.228571,0,0.08165,0,0,0.230769,0.192879,0,0,0,40,48,86,train,0
LED-000554,STL-000377-0|STL-000377-2|STL-000542-0,3,one_to_many,1,0,254.59,0.001571,1.001571,3,0.333333,0.535014,0.333333,0.333333,0,0.0,0,0,0.230769,0.783547,0,0,0,40,74,112,train,0
LED-000556,STL-000231-0|STL-000363-0,2,one_to_many,1,0,454.58,0.004263,0.995737,1,0.2,0.492063,0.2,0.2,0,0.102598,0,0,0.230769,0.490098,0,0,0,15,14,27,train,0
LED-000560,STL-000272-0|STL-000276-0,2,one_to_many,1,0,4706.8,0.019671,1.019671,4,0.186047,0.477513,0.232558,0.232558,0,0.076697,0,0,0.230769,0.758098,0,0,0,19,23,40,val,0
LED-000562,STL-000151-0|STL-000427-0,2,one_to_many,1,0,1234.99,0.006995,1.006995,0,0.230769,0.418519,0.230769,0.230769,0,0.0,0,0,0.230769,0.285774,0,0,0,24,71,93,train,0
LED-000562,STL-000411-0|STL-000427-0,2,one_to_many,1,0,61.94,0.000351,1.000351,1,0.322581,0.499593,0.258065,0.258065,0,0.0,0,0,0.230769,0.285774,0,0,0,24,41,63,train,0
LED-000562,STL-000036-0|STL-000081-0|STL-000427-0,3,one_to_many,1,0,3625.63,0.020535,1.020535,2,0.608696,0.592593,0.608696,0.8,0,0.602464,0,0,0.230769,0.285774,0,0,0,24,109,131,train,0
LED-000562,STL-000081-0|STL-000116-0|STL-000427-0,3,one_to_many,1,0,2021.94,0.011452,1.011452,4,0.608696,0.592593,0.608696,0.8,0,0.602464,0,0,0.230769,0.285774,0,0,0,24,109,131,train,0
LED-000562,STL-000081-0|STL-000427-0|STL-000531-0,3,one_to_many,1,0,4190.07,0.023732,1.023732,4,0.608696,0.592593,0.608696,0.8,0,0.602464,0,0,0.230769,0.707107,0,0,0,24,109,131,train,0
LED-000562,STL-000151-0|STL-000411-0|STL-000583-0,3,one_to_many,1,0,857.0,0.004854,0.995146,1,0.324324,0.578504,0.378378,0.378378,0,0.057166,0,0,0.230769,0.244949,0,0,0,24,71,93,train,0
LED-000564,STL-000083-0|STL-000246-0,2,one_to_many,1,0,3351.58,0.025524,1.025524,4,0.333333,0.561905,0.333333,0.333333,0,0.08165,0,0,0.230769,0.163299,0,0,0,42,83,123,train,0
LED-000564,STL-000147-0|STL-000246-0,2,one_to_many,1,0,3104.33,0.023641,1.023641,2,0.333333,0.561905,0.333333,0.333333,0,0.08165,0,0,0.230769,0.186339,0,0,0,42,83,123,train,0
LED-000564,STL-000037-0|STL-000239-0|STL-000361-0,3,one_to_many,1,0,1668.33,0.012705,1.012705,4,0.333333,0.561905,0.333333,0.333333,0,0.108465,0,0,0.230769,0.717137,0,0,0,42,57,97,train,0
LED-000564,STL-000037-0|STL-000246-0|STL-000436-0,3,one_to_many,1,0,982.17,0.00748,0.99252,4,0.333333,0.561905,0.333333,0.333333,0,0.08165,0,0,0.230769,0.163299,0,0,0,42,83,123,train,0
LED-000564,STL-000196-0|STL-000361-0|STL-000436-0,3,one_to_many,1,0,821.4,0.006255,0.993745,3,0.285714,0.52381,0.285714,0.285714,0,0.0,0,0,0.230769,0.717137,0,0,0,42,89,129,train,0
LED-000564,STL-000246-1|STL-000361-0|STL-000436-0,3,one_to_many,1,0,1857.13,0.014143,0.985857,3,0.285714,0.52381,0.285714,0.285714,0,0.08165,0,0,0.230769,0.717137,0,0,0,42,55,95,train,0
LED-000565,STL-000128-0|STL-000475-0,2,one_to_many,1,0,2527.79,0.012494,1.012494,2,0.367347,0.629462,0.4,0.4,0,0.0,0,0,0.307692,0.771517,0,0,0,27,18,43,train,0
LED-000565,STL-000475-0|STL-BATCH-000291-000337,2,one_to_many,1,0,3689.12,0.018234,0.981766,3,0.333333,0.629462,0.4,0.4,0,0.0,0,0,0.307692,0.771517,0,0,0,27,18,43,train,0
LED-000565,STL-000125-0|STL-000128-0|STL-000187-0,3,one_to_many,1,0,258.43,0.001277,0.998723,4,0.4,0.626327,0.4,0.380952,0,0.0,0,0,0.230769,0.279145,0,0,0,27,27,52,train,0
LED-000565,STL-000125-0|STL-000187-0|STL-000298-0,3,one_to_many,1,0,5084.88,0.025132,1.025132,4,0.631579,0.574786,0.631579,1.0,0,0.603023,0,0,0.230769,0.102869,0,0,0,27,27,52,train,0
LED-000565,STL-000125-0|STL-000475-0|STL-000533-0,3,one_to_many,1,0,3791.9,0.018742,0.981258,4,0.4,0.629462,0.4,0.4,0,0.0,0,0,0.307692,0.771517,0,0,0,27,27,52,train,0
LED-000565,STL-000125-2|STL-000128-0|STL-000187-0,3,one_to_many,1,0,2662.78,0.013161,1.013161,4,0.4,0.626327,0.4,0.380952,0,0.0,0,0,0.230769,0.279145,0,0,0,27,22,47,train,0
LED-000565,STL-000125-2|STL-000187-0|STL-BATCH-000291-000337,3,one_to_many,1,0,3554.13,0.017567,0.982433,4,0.4,0.629462,0.4,0.4,0,0.0,0,0,0.230769,0.102869,0,0,0,27,22,47,train,0
LED-000565,STL-000125-2|STL-000475-0|STL-000533-0,3,one_to_many,1,0,870.69,0.004303,0.995697,4,0.4,0.629462,0.4,0.4,0,0.0,0,0,0.307692,0.771517,0,0,0,27,23,48,train,0
LED-000574,STL-000011-0|STL-000448-0,2,one_to_many,1,0,1085.33,0.005369,0.994631,4,0.25,0.49381,0.25,0.25,0,0.0,0,0,0.230769,0.134231,0,0,0,26,31,55,train,0
LED-000574,STL-000112-0|STL-000365-0,2,one_to_many,1,0,3658.03,0.018096,0.981904,0,0.333333,0.535014,0.333333,0.333333,0,0.0,0,0,0.230769,0.112777,0,0,0,26,57,81,train,0
LED-000574,STL-000216-0|STL-000448-0,2,one_to_many,1,0,4411.45,0.021824,1.021824,4,0.333333,0.535014,0.333333,0.333333,0,0.0,0,0,0.230769,0.805387,0,0,0,26,39,63,train,0
LED-000574,STL-000216-1|STL-000448-0,2,one_to_many,1,0,4215.73,0.020855,1.020855,4,0.25,0.49381,0.25,0.25,0,0.0,0,0,0.230769,0.112777,0,0,0,26,40,64,train,0
LED-000574,STL-000380-0|STL-000462-0,2,one_to_many,1,0,207.82,0.001028,0.998972,4,1.0,1.0,1.0,1.0,1,1.0,0,0,0.230769,0.110282,0,0,0,26,21,45,train,0
LED-000574,STL-000448-0|STL-000517-0,2,one_to_many,1,0,4388.55,0.02171,0.97829,4,0.3,0.553114,0.3,0.3,0,0.0,0,0,0.230769,0.134231,0,0,0,26,16,40,train,0
LED-000574,STL-000112-0|STL-000397-0|STL-000462-0,3,one_to_many,1,0,4390.51,0.02172,1.02172,4,0.25,0.455238,0.25,0.25,0,0.2,0,0,0.230769,0.112777,0,0,0,26,36,60,train,0
LED-000574,STL-000216-0|STL-000216-2|STL-000365-0,3,one_to_many,1,0,3764.05,0.018621,0.981379,1,0.333333,0.535014,0.333333,0.333333,0,0.0,0,0,0.230769,0.805387,0,0,0,26,57,81,train,0
LED-000574,STL-000216-0|STL-000294-1|STL-000365-0,3,one_to_many,1,0,2347.15,0.011611,0.988389,0,0.333333,0.535014,0.333333,0.333333,0,0.076697,0,0,0.230769,0.805387,0,0,0,26,57,81,train,0
LED-000574,STL-000216-1|STL-000216-2|STL-000365-0,3,one_to_many,1,0,3959.77,0.019589,0.980411,1,0.333333,0.535014,0.333333,0.333333,0,0.0,0,0,0.230769,0.232495,0,0,0,26,57,81,train,0
LED-000574,STL-000216-1|STL-000294-1|STL-000365-0,3,one_to_many,1,0,2542.87,0.01258,0.98742,0,0.333333,0.535014,0.333333,0.333333,0,0.076697,0,0,0.230769,0.232495,0,0,0,26,57,81,train,0
LED-000574,STL-000216-2|STL-000294-1|STL-000397-0,3,one_to_many,1,0,1525.7,0.007548,1.007548,4,0.186047,0.477513,0.232558,0.232558,0,0.2,0,0,0.230769,0.232495,0,0,0,26,35,59,train,0
LED-000578,STL-000082-0|STL-BATCH-000201-000305,2,one_to_many,1,0,4930.27,0.023015,0.976985,1,0.4,0.570324,0.4,0.380952,0,0.0,0,0,0.230769,0.298481,0,0,0,24,30,52,train,0
LED-000578,STL-000082-0|STL-000280-0|STL-000329-0,3,one_to_many,1,0,933.45,0.004358,0.995642,3,1.0,1.0,1.0,1.0,1,1.0,0,0,0.230769,0.298481,0,0,0,24,30,52,train,0
LED-000581,STL-000060-0|STL-000486-0,2,one_to_many,1,0,1727.8,0.007463,1.007463,2,0.285714,0.535256,0.285714,0.285714,0,0.124035,0,0,0.230769,0.769897,0,0,0,35,53,86,train,0
LED-000581,STL-000118-0|STL-000581-0,2,one_to_many,1,0,380.52,0.001644,1.001644,4,0.923077,0.982051,0.923077,0.923077,0,0.668994,1,1,1.0,0.774917,0,0,0,35,68,101,train,0
LED-000581,STL-000152-0|STL-000598-0,2,one_to_many,1,0,3436.91,0.014846,1.014846,4,0.923077,0.982051,0.923077,0.923077,0,0.668994,0,0,0.307692,0.109985,0,0,0,35,67,100,train,0
LED-000581,STL-000060-0|STL-000116-0|STL-000531-0,3,one_to_many,1,0,2375.64,0.010262,1.010262,1,0.4,0.629462,0.4,0.4,0,0.124035,0,0,0.230769,0.254,0,0,0,35,53,86,train,0
LED-000581,STL-000060-0|STL-000118-0|STL-000486-0,3,one_to_many,1,0,3920.92,0.016936,1.016936,4,0.358974,0.535256,0.358974,0.358974,0,0.124035,0,0,0.230769,0.774917,0,0,0,35,68,101,train,0
LED-000581,STL-000118-0|STL-000152-0|STL-000598-0,3,one_to_many,1,0,5630.03,0.024319,1.024319,4,0.923077,0.982051,0.923077,0.923077,0,0.668994,0,0,0.307692,0.774917,0,0,0,35,68,101,train,0
LED-000584,STL-000284-0|STL-000499-0|STL-000545-1,3,one_to_many,1,0,384.16,0.005143,1.005143,3,0.285714,0.497619,0.230769,0.230769,0,0.108465,0,0,0.230769,0.727533,0,0,0,50,79,127,train,0
LED-000584,STL-000499-0|STL-000545-0|STL-000545-1,3,one_to_many,1,0,625.21,0.00837,1.00837,3,0.285714,0.497619,0.230769,0.230769,0,0.108465,0,0,0.230769,0.727533,0,0,0,50,79,127,train,0
LED-000585,STL-000147-0|STL-000246-0,2,one_to_many,1,0,398.52,0.002956,0.997044,3,0.618182,0.671285,0.581818,0.615385,0,0.494902,0,0,0.230769,0.196116,0,0,0,30,83,111,train,0
LED-000587,STL-000001-0|STL-000292-0,2,one_to_many,1,0,2774.36,0.016831,1.016831,1,0.325581,0.514077,0.372093,0.352941,0,0.07698,0,0,0.230769,0.115728,0,0,0,42,63,103,train,0
LED-000587,STL-000532-0|STL-000587-0,2,one_to_many,1,0,2820.27,0.017109,1.017109,2,1.0,1.0,1.0,1.0,1,1.0,1,1,1.0,0.308607,0,0,0,42,72,112,train,0
LED-000587,STL-000047-0|STL-000292-0|STL-000532-0,3,one_to_many,1,0,679.5,0.004122,0.995878,2,0.272727,0.486202,0.272727,0.266667,0,0.07698,0,0,0.230769,0.472456,0,0,0,42,72,112,train,0
LED-000587,STL-000076-0|STL-000292-0|STL-000390-0,3,one_to_many,1,0,2881.55,0.017481,1.017481,4,0.272727,0.486202,0.272727,0.285714,0,0.07698,0,0,0.230769,0.780399,0,0,0,42,64,104,train,0
LED-000587,STL-000179-0|STL-000181-0|STL-000532-0,3,one_to_many,1,0,3552.78,0.021553,0.978447,4,0.285714,0.505882,0.285714,0.307692,0,0.0,0,0,0.230769,0.742308,0,0,0,42,72,112,train,0
LED-000587,STL-000179-0|STL-000390-0|STL-000495-0,3,one_to_many,1,0,417.81,0.002535,0.997465,4,0.296296,0.48366,0.296296,0.285714,0,0.0,0,0,0.230769,0.780399,0,0,0,42,64,104,train,0
LED-000588,STL-000140-0|STL-000365-0,2,one_to_many,1,0,4328.9,0.020224,1.020224,4,0.352941,0.480392,0.352941,0.32,0,0.099381,0,0,0.230769,0.156772,0,0,0,18,57,73,train,0
LED-000588,STL-000011-0|STL-000112-0|STL-000140-0,3,one_to_many,1,0,2237.19,0.010452,0.989548,4,0.285714,0.558824,0.285714,0.428571,0,0.0,0,0,0.230769,0.769897,0,0,0,18,36,52,train,0
LED-000588,STL-000034-0|STL-000320-0|STL-000320-1,3,one_to_many,1,0,1631.78,0.007624,0.992376,2,0.384615,0.634609,0.384615,0.352941,0,0.0,0,0,0.230769,0.769897,0,0,0,18,51,67,train,0
LED-000588,STL-000112-0|STL-000140-0|STL-000216-0,3,one_to_many,1,0,3259.59,0.015229,1.015229,4,0.352941,0.558824,0.352941,0.428571,0,0.099381,0,0,0.230769,0.15401,0,0,0,18,39,55,train,0
LED-000588,STL-000112-0|STL-000140-0|STL-000216-1,3,one_to_many,1,0,3063.87,0.014314,1.014314,4,0.285714,0.558824,0.285714,0.428571,0,0.0,0,0,0.230769,0.15401,0,0,0,18,40,56,train,0
LED-000588,STL-000112-0|STL-000140-0|STL-000294-0,3,one_to_many,1,0,246.51,0.001152,0.998848,4,0.325581,0.558824,0.285714,0.428571,0,0.0,0,0,0.230769,0.769897,0,0,0,18,36,52,train,0
LED-000588,STL-000216-2|STL-000294-1|STL-000577-0,3,one_to_many,1,0,3414.86,0.015954,0.984046,3,0.301887,0.444989,0.264151,0.25,0,0.0,0,0,0.230769,0.769897,0,0,0,18,35,51,train,0
LED-000588,STL-000320-0|STL-000320-1|STL-000394-0,3,one_to_many,1,0,3421.88,0.015987,0.984013,1,0.384615,0.634609,0.384615,0.352941,0,0.0,0,0,0.230769,0.769897,0,0,0,18,51,67,train,0
LED-000589,STL-000030-0|STL-000352-0,2,one_to_many,1,0,2463.3,0.01456,1.01456,3,0.375,0.63573,0.375,0.375,0,-0.07785,0,0,0.230769,0.099015,0,0,0,40,64,102,train,0
LED-000589,STL-000052-0|STL-000255-1,2,one_to_many,1,0,2248.45,0.01329,0.98671,1,0.333333,0.629462,0.4,0.4,0,0.0,0,0,0.230769,0.7698,0,0,0,40,57,95,train,0
LED-000589,STL-000069-0|STL-000205-0,2,one_to_many,1,0,3270.34,0.019331,1.019331,3,0.411765,0.643494,0.411765,0.411765,0,0.133333,0,0,0.230769,0.196419,0,0,0,40,35,73,train,0
LED-000589,STL-000255-0|STL-000352-0,2,one_to_many,1,0,0.82,5e-06,1.000005,2,0.375,0.63573,0.4,0.4,0,0.0,0,0,0.230769,0.099015,0,0,0,40,64,102,train,0
LED-000589,STL-000306-0|STL-000352-0,2,one_to_many,1,0,147.47,0.000872,1.000872,1,0.418605,0.63573,0.375,0.375,0,0.050637,0,0,0.230769,0.099015,0,0,0,40,66,104,train,0
LED-000589,STL-000352-0|STL-000389-2,2,one_to_many,1,0,2333.08,0.013791,1.013791,1,0.5,0.6881,0.388889,0.388889,0,0.062622,0,0,0.230769,0.099015,0,0,0,40,65,103,train,0
LED-000589,STL-000030-0|STL-000052-0|STL-000255-0,3,one_to_many,1,0,2872.29,0.016978,0.983022,3,0.333333,0.629462,0.4,0.4,0,0.0,0,0,0.230769,0.196419,0,0,0,40,56,94,train,0
LED-000589,STL-000030-0|STL-000052-0|STL-000306-0,3,one_to_many,1,0,2725.64,0.016111,0.983889,3,0.418605,0.629462,0.4,0.4,0,0.050637,0,0,0.230769,0.196419,0,0,0,40,66,104,train,0
LED-000589,STL-000030-0|STL-000052-0|STL-000389-2,3,one_to_many,1,0,540.03,0.003192,0.996808,3,0.5,0.6881,0.4,0.4,0,0.062622,0,0,0.230769,0.196419,0,0,0,40,65,103,train,0
LED-000589,STL-000030-0|STL-000205-0|STL-000389-2,3,one_to_many,1,0,3488.09,0.020618,0.979382,3,0.5,0.6881,0.388889,0.388889,0,0.107676,0,0,0.230769,0.196419,0,0,0,40,65,103,train,0
LED-000589,STL-000030-0|STL-000255-0|STL-000255-1,3,one_to_many,1,0,1043.7,0.006169,0.993831,3,0.333333,0.629462,0.4,0.4,0,0.0,0,0,0.230769,0.7698,0,0,0,40,57,95,train,0
LED-000589,STL-000030-0|STL-000255-1|STL-000306-0,3,one_to_many,1,0,897.05,0.005302,0.994698,3,0.418605,0.629462,0.4,0.4,0,0.050637,0,0,0.230769,0.7698,0,0,0,40,66,104,train,0
LED-000589,STL-000030-0|STL-000255-1|STL-000389-2,3,one_to_many,1,0,1288.56,0.007617,1.007617,3,0.5,0.6881,0.4,0.4,0,0.062622,0,0,0.230769,0.7698,0,0,0,40,65,103,train,0
LED-000589,STL-000052-0|STL-000255-0|STL-000389-2,3,one_to_many,1,0,3002.51,0.017747,0.982253,2,0.5,0.6881,0.4,0.4,0,0.062622,0,0,0.230769,0.196419,0,0,0,40,65,103,train,0
LED-000589,STL-000052-0|STL-000306-0|STL-000389-2,3,one_to_many,1,0,2855.86,0.016881,0.983119,1,0.5,0.6881,0.4,0.4,0,0.062622,0,0,0.230769,0.196419,0,0,0,40,66,104,train,0
LED-000589,STL-000255-0|STL-000255-1|STL-000306-0,3,one_to_many,1,0,3359.53,0.019858,0.980142,2,0.418605,0.629462,0.4,0.4,0,0.050637,0,0,0.230769,0.7698,0,0,0,40,66,104,train,0
LED-000589,STL-000255-0|STL-000255-1|STL-000389-2,3,one_to_many,1,0,1173.92,0.006939,0.993061,2,0.5,0.6881,0.4,0.4,0,0.062622,0,0,0.230769,0.7698,0,0,0,40,65,103,train,0
LED-000589,STL-000255-1|STL-000306-0|STL-000389-2,3,one_to_many,1,0,1027.27,0.006072,0.993928,1,0.5,0.6881,0.4,0.4,0,0.062622,0,0,0.230769,0.7698,0,0,0,40,66,104,train,0
LED-000590,STL-000211-0|STL-000303-0,2,one_to_many,1,0,908.35,0.01147,1.01147,3,0.363636,0.588889,0.363636,0.363636,0,0.0,0,0,0.230769,0.059708,0,0,0,41,76,115,test,0
LED-000592,STL-000077-0|STL-000161-1,2,one_to_many,1,0,856.27,0.003957,1.003957,3,0.615385,0.684444,0.615385,0.648649,0,0.500435,0,0,0.230769,0.301941,0,0,0,38,74,110,train,0
LED-000592,STL-000110-0|STL-000219-0|STL-000421-0,3,one_to_many,1,0,268.67,0.001242,1.001242,1,1.0,1.0,1.0,1.0,1,1.0,0,0,0.230769,0.680414,0,0,0,38,47,83,train,0
LED-000592,STL-000121-0|STL-000161-2|STL-000513-0,3,one_to_many,1,0,5273.28,0.024372,0.975628,3,0.641509,0.703324,0.638298,0.75,0,0.540621,0,0,0.307692,0.635053,0,0,0,38,52,88,train,0
LED-000592,STL-000161-0|STL-000161-2|STL-000322-0,3,one_to_many,1,0,1751.16,0.008093,0.991907,3,0.615385,0.684444,0.615385,0.648649,0,0.500435,0,0,0.230769,0.196419,0,0,0,38,65,101,train,0
LED-000592,STL-000161-0|STL-000161-2|STL-000403-0,3,one_to_many,1,0,2275.47,0.010517,1.010517,3,0.615385,0.684444,0.615385,0.648649,0,0.500435,0,0,0.230769,0.196419,0,0,0,38,65,101,train,0
LED-000592,STL-000161-2|STL-000322-0|STL-000513-0,3,one_to_many,1,0,1244.06,0.00575,1.00575,3,0.641509,0.703324,0.615385,0.648649,0,0.500435,0,0,0.230769,0.635053,0,0,0,38,52,88,train,0
LED-000592,STL-000161-2|STL-000403-0|STL-000513-0,3,one_to_many,1,0,5270.69,0.02436,1.02436,3,0.641509,0.703324,0.615385,0.648649,0,0.500435,0,0,0.230769,0.635053,0,0,0,38,52,88,train,0
LED-000592,STL-000219-0|STL-000403-0|STL-000513-0,3,one_to_many,1,0,3332.32,0.015401,0.984599,3,0.641509,0.703324,0.603774,0.641509,0,0.368037,0,0,0.230769,0.635053,0,0,0,38,52,88,train,0
LED-000597,STL-000053-0|STL-000214-0,2,one_to_many,1,0,4009.32,0.023437,1.023437,3,0.294118,0.604701,0.352941,0.352941,0,0.0,0,0,0.230769,0.205153,0,0,0,46,87,131,train,0
LED-000597,STL-000173-0|STL-000469-0,2,one_to_many,1,0,3039.55,0.017768,0.982232,3,0.272727,0.418651,0.285714,0.285714,0,0.0,0,0,0.230769,0.164122,0,0,0,46,125,169,train,0
LED-000597,STL-000186-0|STL-000399-1,2,one_to_many,1,0,1112.36,0.006502,1.006502,1,0.380952,0.603205,0.380952,0.380952,0,0.0,0,0,0.230769,0.075974,0,0,0,46,38,82,train,0
LED-000597,STL-000399-0|STL-000399-1,2,one_to_many,1,0,3481.77,0.020353,0.979647,1,0.285714,0.535256,0.285714,0.285714,0,0.0,0,0,0.230769,0.075974,0,0,0,46,48,92,train,0
LED-000597,STL-000399-1|STL-000521-0,2,one_to_many,1,0,3642.98,0.021296,0.978704,3,0.285714,0.535256,0.285714,0.285714,0,0.0,0,0,0.230769,0.205153,0,0,0,46,93,137,train,0
LED-000597,STL-000433-0|STL-000469-0,2,one_to_many,1,0,792.73,0.004634,0.995366,3,0.228571,0.486111,0.285714,0.285714,0,0.0,0,0,0.230769,0.089562,0,0,0,46,125,169,train,0
LED-000597,STL-000103-0|STL-000186-0|STL-000469-0,3,one_to_many,1,0,1314.46,0.007684,0.992316,3,0.380952,0.603205,0.380952,0.380952,0,0.0,0,0,0.230769,0.089562,0,0,0,46,125,169,train,0
LED-000598,STL-000354-0|STL-000358-0,2,one_to_many,1,0,801.27,0.008578,0.991422,2,0.375,0.553812,0.375,0.375,0,0.0,0,0,0.230769,0.109985,0,0,0,42,71,111,train,0
LED-000598,STL-000118-0|STL-000354-0|STL-000358-0,3,one_to_many,1,0,1391.85,0.0149,1.0149,2,0.375,0.553812,0.375,0.375,0,0.0,0,0,0.230769,0.81014,0,0,0,42,71,111,train,0
LED-000291,STL-000187-0|STL-000294-0|STL-000320-0,3,one_to_many,1,0,48.28,0.000852,0.999148,4,0.692308,0.905882,0.692308,0.714286,0,0.68313,0,0,0.230769,0.213003,0,0,0,16,51,65,train,0
LED-000567,STL-000015-0|STL-000426-0,2,one_to_many,1,0,2919.69,0.012529,1.012529,4,0.410256,0.639335,0.25641,0.25641,0,0.0,0,0,0.230769,0.185312,0,0,0,29,47,74,train,0
LED-000567,STL-000015-0|STL-000510-0,2,one_to_many,1,0,4042.56,0.017347,1.017347,4,0.418605,0.639335,0.372093,0.372093,0,0.050637,0,0,0.307692,0.783547,0,0,0,29,44,71,train,0
LED-000567,STL-000055-0|STL-000471-0,2,one_to_many,1,0,845.61,0.003629,0.996371,4,1.0,1.0,1.0,1.0,1,1.0,0,0,0.230769,0.089087,0,0,0,29,32,59,train,0
LED-000567,STL-000055-0|STL-000396-0|STL-000471-0,3,one_to_many,1,0,3188.6,0.013682,1.013682,4,1.0,1.0,1.0,1.0,1,1.0,0,0,0.230769,0.089087,0,0,0,29,55,82,train,0
LED-000567,STL-000225-0|STL-000426-0|STL-000510-0,3,one_to_many,1,0,3212.51,0.013785,0.986215,4,0.418605,0.629462,0.4,0.4,0,0.050637,0,0,0.307692,0.783547,0,0,0,29,47,74,train,0
LED-000567,STL-000225-1|STL-000396-0|STL-000510-0,3,one_to_many,1,0,5132.5,0.022024,0.977976,4,0.418605,0.629462,0.4,0.4,0,0.050637,0,0,0.307692,0.783547,0,0,0,29,55,82,train,0
LED-000010,STL-000028-0|STL-000275-0,2,one_to_many,1,0,2844.64,0.012017,0.987983,2,0.285714,0.549074,0.304348,0.304348,0,0.0,0,0,0.230769,0.123208,0,0,0,29,14,41,train,0
LED-000010,STL-000158-0|STL-000379-0,2,one_to_many,1,0,1129.59,0.004772,0.995228,1,0.459016,0.668519,0.393443,0.393443,0,0.099015,0,0,0.307692,0.127,0,0,0,29,17,44,train,0
LED-000010,STL-000275-0|STL-000555-0,2,one_to_many,1,0,2853.53,0.012054,1.012054,3,0.327869,0.580153,0.304348,0.304348,0,-0.102899,0,0,0.230769,0.092406,0,0,0,29,14,41,train,0
LED-000222,STL-000085-0|STL-000555-0,2,one_to_many,1,0,773.16,0.003603,0.996397,2,0.327869,0.580153,0.295082,0.295082,0,0.099015,0,0,0.307692,0.204124,0,0,0,39,17,54,train,0
LED-000222,STL-000366-0|STL-000379-0,2,one_to_many,1,0,2302.5,0.01073,0.98927,1,0.459016,0.668519,0.44,0.6,0,0.412514,0,0,0.230769,0.244949,0,0,0,39,17,54,train,0
LED-000523,STL-000055-0|STL-000231-0,2,one_to_many,1,0,3761.53,0.02165,1.02165,4,0.385965,0.61045,0.315789,0.315789,0,0.039344,0,0,0.230769,0.0,0,0,0,16,27,41,train,0
LED-000061,STL-000128-0|STL-000533-0,2,one_to_many,1,0,882.85,0.005178,0.994822,4,0.641509,0.703324,0.603774,0.641509,0,0.368037,0,0,0.230769,0.170561,0,0,0,14,23,35,train,0
LED-000241,STL-000128-0|STL-000533-0,2,one_to_many,1,0,2309.84,0.013806,1.013806,3,0.641509,0.703324,0.603774,0.641509,0,0.368037,0,0,0.230769,0.311188,0,0,0,22,23,43,train,0
LED-000241,STL-000533-0|STL-BATCH-000291-000337,2,one_to_many,1,0,3907.07,0.023353,0.976647,4,0.641509,0.703324,0.603774,0.641509,0,0.368037,0,0,0.230769,0.03576,0,0,0,22,23,43,train,0
LED-000406,STL-000186-0|STL-000437-0,2,one_to_many,1,0,3406.5,0.01823,1.01823,4,0.3,0.527066,0.35,0.35,0,-0.062869,0,0,0.307692,0.857075,0,0,0,14,38,50,train,0
LED-000406,STL-000165-0|STL-000186-0|STL-000537-0,3,one_to_many,1,0,1779.36,0.009522,0.990478,4,0.3,0.527066,0.35,0.35,0,0.080257,0,0,0.230769,0.477119,0,0,0,14,38,50,train,0
LED-000406,STL-000165-0|STL-000437-0|STL-000572-0,3,one_to_many,1,0,2064.73,0.01105,1.01105,1,0.228571,0.382716,0.285714,0.285714,0,0.0,0,0,0.307692,0.857075,0,0,0,14,23,35,train,0
LED-000577,STL-000320-0|STL-000365-0,2,one_to_many,1,0,2591.44,0.021659,1.021659,2,0.277778,0.519535,0.277778,0.277778,0,0.078811,0,0,0.230769,0.756978,0,0,0,23,57,78,train,0
LED-000577,STL-000011-0|STL-000112-0|STL-000320-1,3,one_to_many,1,0,609.81,0.005097,0.994903,2,0.277778,0.539506,0.277778,0.277778,0,0.078811,0,0,0.230769,0.438357,0,0,0,23,43,64,train,0
LED-000577,STL-000011-0|STL-000216-2|STL-000294-1,3,one_to_many,1,0,1713.04,0.014317,1.014317,3,0.349206,0.563362,0.285714,0.285714,0,-0.03576,0,0,0.230769,0.111803,0,0,0,23,35,56,train,0
LED-000577,STL-000112-0|STL-000216-0|STL-000320-0,3,one_to_many,1,0,1522.13,0.012722,1.012722,2,0.277778,0.539506,0.277778,0.277778,0,0.078811,0,0,0.230769,0.438357,0,0,0,23,51,72,train,0
LED-000577,STL-000112-0|STL-000216-1|STL-000320-0,3,one_to_many,1,0,1326.41,0.011086,1.011086,2,0.277778,0.539506,0.277778,0.277778,0,0.078811,0,0,0.230769,0.438357,0,0,0,23,51,72,train,0
LED-000577,STL-000112-0|STL-000294-0|STL-000320-0,3,one_to_many,1,0,1983.97,0.016582,0.983418,2,0.415094,0.542803,0.301887,0.301887,0,0.078811,0,0,0.230769,0.438357,0,0,0,23,51,72,train,0
LED-000577,STL-000112-0|STL-000294-0|STL-000320-1,3,one_to_many,1,0,1380.87,0.011541,1.011541,2,0.415094,0.542803,0.301887,0.301887,0,0.078811,0,0,0.230769,0.438357,0,0,0,23,43,64,train,0
LED-000577,STL-000216-0|STL-000216-1|STL-000294-1,3,one_to_many,1,0,1887.31,0.015774,0.984226,2,0.349206,0.563362,0.285714,0.285714,0,-0.03576,0,0,0.230769,0.438357,0,0,0,23,40,61,train,0
LED-000317,STL-000058-0|STL-000106-0,2,one_to_many,1,0,1437.26,0.020848,0.979152,2,0.5,0.640265,0.388889,0.388889,0,0.059235,0,0,0.230769,0.707107,0,0,0,16,47,61,train,0
LED-000317,STL-000058-0|STL-000221-0,2,one_to_many,1,0,1185.25,0.017193,0.982807,3,0.380952,0.604777,0.333333,0.333333,0,0.059235,0,0,0.230769,0.274563,0,0,0,16,47,61,train,0
LED-000019,STL-000191-0|STL-000207-0,2,one_to_many,1,0,3039.22,0.012947,1.012947,4,0.631579,0.755556,0.631579,0.631579,0,0.358569,0,0,0.230769,0.213201,0,0,0,83,53,134,train,0
LED-000019,STL-000191-0|STL-000424-0,2,one_to_many,1,0,1821.75,0.007761,1.007761,4,0.272727,0.431481,0.272727,0.272727,0,0.113961,0,0,0.230769,0.0,0,0,0,83,43,124,train,0
LED-000019,STL-000072-0|STL-000191-0|STL-000207-0,3,one_to_many,1,0,3892.8,0.016583,1.016583,4,0.631579,0.755556,0.631579,0.631579,0,0.358569,0,0,0.230769,0.244949,0,0,0,83,70,151,train,0
LED-000019,STL-000072-0|STL-000191-0|STL-000424-0,3,one_to_many,1,0,2675.33,0.011397,1.011397,4,0.272727,0.431481,0.272727,0.272727,0,0.113961,0,0,0.230769,0.244949,0,0,0,83,70,151,train,0
LED-000019,STL-000191-0|STL-000278-0|STL-000545-1,3,one_to_many,1,0,937.47,0.003994,0.996006,4,0.214286,0.431481,0.222222,0.222222,0,0.0,0,0,0.230769,0.204124,0,0,0,83,79,160,train,0
LED-000019,STL-000191-0|STL-000278-0|STL-000545-2,3,one_to_many,1,0,2620.95,0.011165,1.011165,4,0.214286,0.431481,0.222222,0.222222,0,0.0,0,0,0.230769,0.204124,0,0,0,83,73,154,train,0
LED-000019,STL-000284-0|STL-000391-0|STL-000545-0,3,one_to_many,1,0,1500.72,0.006393,0.993607,1,0.230769,0.549891,0.214286,0.214286,0,0.09759,0,0,0.307692,0.04714,0,0,0,83,67,148,train,0
LED-000019,STL-000284-0|STL-000391-0|STL-000545-2,3,one_to_many,1,0,5564.73,0.023706,0.976294,1,0.230769,0.549891,0.214286,0.214286,0,0.09759,0,0,0.307692,0.04714,0,0,0,83,73,154,train,0
LED-000019,STL-000391-0|STL-000499-0|STL-000545-1,3,one_to_many,1,0,355.24,0.001513,0.998487,1,0.230769,0.549891,0.27027,0.27027,0,0.09759,0,0,0.230769,0.196116,0,0,0,83,79,160,train,0
LED-000019,STL-000391-0|STL-000499-0|STL-000545-2,3,one_to_many,1,0,3203.18,0.013646,1.013646,1,0.230769,0.549891,0.27027,0.27027,0,0.09759,0,0,0.230769,0.04714,0,0,0,83,73,154,train,0
LED-000019,STL-000391-0|STL-000545-0|STL-000545-2,3,one_to_many,1,0,5323.68,0.022679,0.977321,1,0.230769,0.549891,0.214286,0.214286,0,0.09759,0,0,0.230769,0.04714,0,0,0,83,73,154,train,0
LED-000489,STL-000029-0|STL-000423-1,2,one_to_many,1,0,4822.24,0.021371,1.021371,3,0.26087,0.549074,0.304348,0.304348,0,0.0,0,0,0.230769,0.241523,0,0,0,74,120,192,train,0
LED-000489,STL-000068-0|STL-000300-0,2,one_to_many,1,0,2498.39,0.011072,1.011072,1,0.444444,0.561064,0.592593,0.592593,0,0.244949,0,0,0.0,0.479512,0,1,0,74,179,251,train,0
LED-000489,STL-000168-0|STL-000386-0,2,one_to_many,1,0,2815.83,0.012479,1.012479,3,0.222222,0.433333,0.342857,0.342857,0,0.0,0,0,0.230769,0.20702,0,0,0,74,122,194,train,0
LED-000489,STL-000342-0|STL-000386-0,2,one_to_many,1,0,4177.5,0.018514,1.018514,3,0.222222,0.399145,0.296296,0.296296,0,0.0,0,0,0.230769,0.20702,0,0,0,74,122,194,train,0
LED-000489,STL-000068-0|STL-000073-0|STL-000386-0,3,one_to_many,1,0,1748.5,0.007749,1.007749,3,0.222222,0.378431,0.322581,0.322581,0,0.0,0,0,0.230769,0.816982,0,0,0,74,179,251,train,0
LED-000489,STL-000068-0|STL-000200-0|STL-000300-0,3,one_to_many,1,0,4568.83,0.020248,1.020248,1,0.444444,0.561064,0.592593,0.592593,0,0.244949,0,0,0.230769,0.479512,0,0,0,74,179,251,train,0
LED-000489,STL-000068-0|STL-000200-1|STL-000300-0,3,one_to_many,1,0,4018.39,0.017809,1.017809,2,0.444444,0.561064,0.592593,0.592593,0,0.244949,0,0,0.230769,0.479512,0,0,0,74,179,251,train,0
LED-000489,STL-000068-0|STL-000200-2|STL-000300-0,3,one_to_many,1,0,4504.52,0.019963,1.019963,1,0.444444,0.561064,0.592593,0.592593,0,0.244949,0,0,0.230769,0.479512,0,0,0,74,179,251,train,0
LED-000489,STL-000068-0|STL-000206-0|STL-000265-0,3,one_to_many,1,0,1943.07,0.008611,0.991389,3,0.421053,0.614815,0.322581,0.322581,0,0.0,0,0,0.230769,0.782691,0,0,0,74,179,251,train,0
LED-000489,STL-000068-0|STL-000206-0|STL-000595-0,3,one_to_many,1,0,1878.82,0.008327,0.991673,4,0.421053,0.614815,0.322581,0.322581,0,0.0,0,0,0.230769,0.782691,0,0,0,74,179,251,train,0
LED-000489,STL-000068-0|STL-000423-0|STL-000540-0,3,one_to_many,1,0,4792.5,0.021239,0.978761,3,0.222222,0.378431,0.322581,0.322581,0,0.0,0,0,0.230769,0.479512,0,0,0,74,179,251,train,0
LED-000489,STL-000168-0|STL-000200-0|STL-000386-0,3,one_to_many,1,0,4886.27,0.021655,1.021655,3,0.235294,0.433333,0.342857,0.342857,0,0.0,0,0,0.230769,0.20702,0,0,0,74,175,247,train,0
LED-000489,STL-000168-0|STL-000200-1|STL-000386-0,3,one_to_many,1,0,4335.83,0.019215,1.019215,3,0.235294,0.433333,0.342857,0.342857,0,0.0,0,0,0.230769,0.442627,0,0,0,74,173,245,train,0
LED-000489,STL-000168-0|STL-000200-2|STL-000386-0,3,one_to_many,1,0,4821.96,0.02137,1.02137,3,0.285714,0.45,0.342857,0.342857,0,0.0,0,0,0.230769,0.20702,0,0,0,74,178,250,train,0
LED-000489,STL-000200-0|STL-000300-0|STL-000423-0,3,one_to_many,1,0,5139.08,0.022775,0.977225,3,0.444444,0.561064,0.592593,0.592593,0,0.244949,0,0,0.230769,0.172516,0,0,0,74,175,247,train,0
LED-000489,STL-000200-1|STL-000342-0|STL-000386-0,3,one_to_many,1,0,5697.5,0.02525,1.02525,3,0.235294,0.414286,0.296296,0.296296,0,0.0,0,0,0.230769,0.442627,0,0,0,74,173,245,train,0
LED-000489,STL-000200-2|STL-000300-0|STL-000423-0,3,one_to_many,1,0,5203.39,0.02306,0.97694,3,0.444444,0.561064,0.592593,0.592593,0,0.244949,0,0,0.230769,0.172516,0,0,0,74,178,250,train,0
LED-000489,STL-000206-0|STL-000300-0|STL-000386-0,3,one_to_many,1,0,3039.26,0.013469,0.986531,3,0.444444,0.614815,0.592593,0.592593,0,0.244949,0,0,0.230769,0.782691,0,0,0,74,137,209,train,0
LED-000489,STL-000206-0|STL-000300-0|STL-000423-0,3,one_to_many,1,0,2371.51,0.01051,1.01051,3,0.444444,0.614815,0.592593,0.592593,0,0.244949,0,0,0.230769,0.782691,0,0,0,74,137,209,train,0
LED-000558,STL-000068-0|STL-000081-0|STL-000151-0,3,one_to_many,1,0,3134.2,0.022666,1.022666,4,0.157895,0.469048,0.322581,0.322581,0,0.0,0,0,0.307692,0.196419,0,0,0,74,179,251,train,0
LED-000558,STL-000068-0|STL-000200-0|STL-000423-1,3,one_to_many,1,0,3163.23,0.022876,0.977124,1,0.235294,0.414286,0.322581,0.322581,0,0.0,0,0,0.230769,0.235702,0,0,0,74,179,251,train,0
LED-000558,STL-000068-0|STL-000200-2|STL-000423-1,3,one_to_many,1,0,3227.54,0.023341,0.976659,1,0.285714,0.45,0.322581,0.322581,0,0.0,0,0,0.230769,0.167984,0,0,0,74,179,251,train,0
LED-000558,STL-000068-0|STL-000386-0|STL-000423-0,3,one_to_many,1,0,3269.07,0.023641,1.023641,2,0.222222,0.378431,0.322581,0.322581,0,0.0,0,0,0.307692,0.725775,0,0,0,74,179,251,train,0
LED-000558,STL-000073-0|STL-000200-0|STL-000200-1,3,one_to_many,1,0,3097.26,0.022398,0.977602,2,0.235294,0.414286,0.117647,0.117647,0,0.0,0,0,0.230769,0.235702,0,0,0,74,175,247,train,0
LED-000558,STL-000073-0|STL-000200-0|STL-000200-2,3,one_to_many,1,0,2611.13,0.018883,0.981117,2,0.285714,0.45,0.142857,0.142857,0,0.0,0,0,0.230769,0.235702,0,0,0,74,178,250,train,0
LED-000558,STL-000073-0|STL-000200-1|STL-000200-2,3,one_to_many,1,0,3161.57,0.022864,0.977136,2,0.285714,0.45,0.142857,0.142857,0,0.0,0,0,0.230769,0.117851,0,0,0,74,178,250,train,0
LED-000558,STL-000081-0|STL-000423-0|STL-000423-1,3,one_to_many,1,0,2358.42,0.017055,0.982945,4,0.222222,0.469048,0.296296,0.296296,0,0.0,0,0,0.307692,0.725775,0,0,0,74,120,192,train,0
LED-000595,STL-000036-0|STL-000104-0|STL-000583-0,3,one_to_many,1,0,1378.7,0.008686,1.008686,3,0.307692,0.528822,0.307692,0.307692,0,0.0,0,0,0.307692,0.157135,0,0,0,19,37,54,train,0
LED-000595,STL-000081-0|STL-000151-0|STL-000411-0,3,one_to_many,1,0,568.74,0.003583,0.996417,2,0.333333,0.561905,0.333333,0.333333,0,0.13484,0,0,0.230769,0.120386,0,0,0,19,109,126,train,0
LED-000240,STL-000235-0|STL-000431-0,2,one_to_many,1,0,3682.12,0.018929,0.981071,2,0.315789,0.589744,0.315789,0.315789,0,0.13901,0,0,0.230769,0.830291,0,0,0,11,30,39,train,0
LED-000240,STL-000431-0|STL-000492-0,2,one_to_many,1,0,2119.92,0.010898,1.010898,4,0.375,0.610886,0.3,0.3,0,0.13901,0,0,0.230769,0.830291,0,0,0,11,20,29,train,0
LED-000240,STL-000235-0|STL-000431-0|STL-000492-0,3,one_to_many,1,0,3436.5,0.017666,1.017666,4,0.375,0.610886,0.315789,0.315789,0,0.13901,0,0,0.230769,0.830291,0,0,0,11,30,39,train,0
LED-000599,STL-000147-0|STL-000412-0,2,one_to_many,1,0,3654.33,0.015732,1.015732,3,0.181818,0.505882,0.181818,0.307692,0,0.0,0,0,0.230769,0.756978,0,0,0,19,29,46,train,0
LED-000599,STL-000149-0|STL-000184-0,2,one_to_many,1,0,5121.49,0.022048,0.977952,4,0.388889,0.556588,0.388889,0.37037,0,0.093352,0,0,0.230769,0.0,0,0,0,19,60,77,train,0
LED-000599,STL-000369-0|STL-000551-0,2,one_to_many,1,0,1383.92,0.005958,0.994042,1,0.384615,0.483224,0.384615,0.352941,0,0.0,0,0,0.230769,0.163299,0,0,0,19,23,40,train,0
LED-000599,STL-000149-0|STL-000289-0|STL-000472-0,3,one_to_many,1,0,1856.76,0.007993,1.007993,4,0.388889,0.556588,0.388889,0.37037,0,0.093352,0,0,0.230769,0.756978,0,0,0,19,85,102,train,0
LED-000599,STL-000149-0|STL-000369-0|STL-000585-0,3,one_to_many,1,0,4531.0,0.019506,0.980494,4,0.322581,0.542017,0.322581,0.272727,0,0.080257,0,0,0.230769,0.50098,0,0,0,19,60,77,train,0
LED-000086,STL-000092-0|STL-000246-1,2,one_to_many,1,0,546.08,0.014241,0.985759,2,1.0,1.0,1.0,1.0,1,1.0,0,0,0.230769,0.255377,0,0,0,50,55,103,train,0
LED-000570,STL-000083-0|STL-000239-0,2,one_to_many,1,0,2003.5,0.010092,1.010092,4,0.382979,0.58796,0.382979,0.382979,0,0.044281,0,0,0.230769,0.306382,0,0,0,48,52,98,train,0
LED-000570,STL-000147-0|STL-000239-0,2,one_to_many,1,0,1756.25,0.008847,1.008847,4,0.382979,0.58796,0.382979,0.382979,0,0.044281,0,0,0.230769,0.758098,0,0,0,48,44,90,train,0
LED-000570,STL-000037-0|STL-000239-0|STL-000436-0,3,one_to_many,1,0,2330.25,0.011738,0.988262,4,0.382979,0.58796,0.382979,0.382979,0,0.044281,0,0,0.230769,0.218844,0,0,0,48,57,103,train,0
LED-000570,STL-000037-0|STL-000246-0|STL-000376-0,3,one_to_many,1,0,408.78,0.002059,1.002059,4,1.0,1.0,1.0,1.0,1,1.0,0,0,0.230769,0.131306,0,0,0,48,83,129,train,0
LED-000570,STL-000037-0|STL-000361-0|STL-000465-0,3,one_to_many,1,0,1939.54,0.00977,0.99023,4,0.367347,0.631944,0.285714,0.285714,0,0.0,0,0,0.230769,0.222925,0,0,0,48,57,103,train,0
LED-000570,STL-000083-0|STL-000289-0|STL-000361-0,3,one_to_many,1,0,2345.03,0.011813,1.011813,4,0.382979,0.631944,0.382979,0.382979,0,0.044281,0,0,0.230769,0.306382,0,0,0,48,85,131,train,0
LED-000570,STL-000147-0|STL-000289-0|STL-000361-0,3,one_to_many,1,0,2097.78,0.010567,1.010567,3,0.382979,0.631944,0.382979,0.382979,0,0.044281,0,0,0.230769,0.758098,0,0,0,48,85,131,train,0
LED-000570,STL-000196-0|STL-000289-0|STL-000522-0,3,one_to_many,1,0,3754.06,0.01891,0.98109,3,0.618182,0.671285,0.581818,0.615385,0,0.494902,0,0,0.230769,0.306382,0,0,0,48,89,135,train,0
LED-000570,STL-000196-0|STL-000289-0|STL-000564-0,3,one_to_many,1,0,2790.38,0.014056,0.985944,2,0.618182,0.671285,0.581818,0.615385,0,0.494902,0,0,0.230769,0.306382,0,0,0,48,89,135,train,0
LED-000570,STL-000196-0|STL-000289-0|STL-000585-0,3,one_to_many,1,0,1537.7,0.007746,0.992254,2,0.618182,0.671285,0.581818,0.615385,0,0.494902,0,0,0.230769,0.306382,0,0,0,48,89,135,train,0
LED-000570,STL-000196-0|STL-000361-0|STL-000376-0,3,one_to_many,1,0,569.55,0.002869,1.002869,3,0.618182,0.671285,0.581818,0.615385,0,0.494902,0,0,0.230769,0.306382,0,0,0,48,89,135,train,0
LED-000570,STL-000246-0|STL-000289-0|STL-000465-0,3,one_to_many,1,0,197.65,0.000996,0.999004,2,1.0,1.0,1.0,1.0,1,1.0,0,0,0.230769,0.222925,0,0,0,48,85,131,train,0
LED-000570,STL-000246-1|STL-000289-0|STL-000465-0,3,one_to_many,1,0,4703.04,0.02369,1.02369,3,1.0,1.0,1.0,1.0,1,1.0,0,0,0.230769,0.758098,0,0,0,48,85,131,train,0
LED-000570,STL-000246-1|STL-000289-0|STL-000522-0,3,one_to_many,1,0,4789.79,0.024127,0.975873,3,1.0,1.0,1.0,1.0,1,1.0,0,0,0.230769,0.758098,0,0,0,48,85,131,train,0
LED-000570,STL-000246-1|STL-000289-0|STL-000564-0,3,one_to_many,1,0,3826.11,0.019273,0.980727,3,1.0,1.0,1.0,1.0,1,1.0,0,0,0.230769,0.758098,0,0,0,48,85,131,train,0
LED-000570,STL-000246-1|STL-000289-0|STL-000585-0,3,one_to_many,1,0,2573.43,0.012963,0.987037,3,1.0,1.0,1.0,1.0,1,1.0,0,0,0.230769,0.758098,0,0,0,48,85,131,train,0
LED-000570,STL-000246-1|STL-000361-0|STL-000376-0,3,one_to_many,1,0,466.18,0.002348,0.997652,3,1.0,1.0,1.0,1.0,1,1.0,0,0,0.230769,0.758098,0,0,0,48,55,101,train,0
LED-000257,STL-000099-0|STL-000598-0,2,one_to_many,1,0,4240.46,0.020834,1.020834,3,0.444444,0.604978,0.444444,0.444444,0,0.0,0,0,0.230769,0.255377,0,0,0,67,67,132,train,0
LED-000257,STL-000118-0|STL-000257-0,2,one_to_many,1,0,1025.85,0.00504,0.99496,2,1.0,1.0,1.0,1.0,1,1.0,1,1,1.0,0.233126,0,0,0,67,68,133,train,0
LED-000257,STL-000248-0|STL-000263-0,2,one_to_many,1,0,2460.46,0.012089,1.012089,4,0.4,0.635022,0.44,0.6,0,0.412514,0,0,0.230769,0.73721,0,0,0,67,59,124,train,0
LED-000257,STL-000248-0|STL-000598-0,2,one_to_many,1,0,439.58,0.00216,1.00216,4,0.444444,0.635022,0.444444,0.6,0,0.412514,0,0,0.230769,0.73721,0,0,0,67,67,132,train,0
LED-000257,STL-000099-0|STL-000354-0|STL-000358-0,3,one_to_many,1,0,3439.05,0.016897,1.016897,4,0.30303,0.604978,0.30303,0.30303,0,0.06482,0,0,0.230769,0.255377,0,0,0,67,71,136,train,0
LED-000257,STL-000118-0|STL-000248-0|STL-000263-0,3,one_to_many,1,0,4653.58,0.022864,1.022864,4,0.4,0.635022,0.44,0.6,0,0.412514,0,0,0.230769,0.73721,0,0,0,67,68,133,train,0
LED-000257,STL-000118-0|STL-000248-0|STL-000598-0,3,one_to_many,1,0,2632.7,0.012935,1.012935,4,0.444444,0.635022,0.444444,0.6,0,0.412514,0,0,0.230769,0.73721,0,0,0,67,68,133,train,0
LED-000257,STL-000248-0|STL-000354-0|STL-000358-0,3,one_to_many,1,0,361.83,0.001778,0.998222,4,0.4,0.635022,0.44,0.6,0,0.412514,0,0,0.230769,0.73721,0,0,0,67,71,136,train,0
LED-000257,STL-000354-0|STL-000354-1|STL-000486-0,3,one_to_many,1,0,1423.64,0.006995,0.993005,4,0.30303,0.574481,0.37037,0.37037,0,0.06482,0,0,0.230769,0.170251,0,0,0,67,54,119,train,0
LED-000257,STL-000354-0|STL-000591-0|STL-000598-0,3,one_to_many,1,0,4048.31,0.01989,1.01989,4,0.444444,0.603938,0.444444,0.444444,0,0.06482,0,0,0.230769,0.255377,0,0,0,67,67,132,train,0
LED-000257,STL-000354-1|STL-000358-0|STL-000486-0,3,one_to_many,1,0,104.06,0.000511,0.999489,4,0.296296,0.574481,0.37037,0.37037,0,0.0,0,0,0.230769,0.255377,0,0,0,67,71,136,train,0
LED-000418,STL-000165-0|STL-000185-0,2,one_to_many,1,0,53.17,0.000955,1.000955,4,1.0,1.0,1.0,1.0,1,1.0,0,0,0.230769,0.218844,0,0,0,33,23,54,train,0
LED-000418,STL-000165-0|STL-000373-0,2,one_to_many,1,0,236.8,0.004255,1.004255,4,1.0,1.0,1.0,1.0,1,1.0,0,0,0.307692,0.833908,0,0,0,33,30,61,train,0
LED-000201,STL-000022-1|STL-000329-0,2,one_to_many,1,0,554.43,0.004467,1.004467,4,0.0625,0.401709,0.0625,0.0625,0,0.098058,0,0,0.230769,0.830291,0,0,0,35,38,71,train,0
LED-000201,STL-000022-1|STL-000022-2|STL-000082-0,3,one_to_many,1,0,2708.86,0.021827,1.021827,4,0.086957,0.408497,0.086957,0.142857,0,0.098058,0,0,0.230769,0.830291,0,0,0,35,38,71,train,0
LED-000305,STL-000082-0|STL-000156-0,2,one_to_many,1,0,1154.08,0.014902,1.014902,4,0.285714,0.512222,0.238095,0.137931,0,0.0,0,0,0.307692,0.858956,0,0,0,29,30,57,train,0
LED-000453,STL-000045-0|STL-000123-0,2,one_to_many,1,0,3674.83,0.021277,1.021277,4,0.25,0.736,0.25,0.25,0,0.0,0,0,0.384615,0.833908,0,0,0,52,45,95,train,0
LED-000453,STL-000045-0|STL-000389-0,2,one_to_many,1,0,320.65,0.001857,1.001857,4,0.384615,0.736,0.384615,0.384615,0,0.041996,0,0,0.230769,0.131306,0,0,0,52,45,95,train,0
LED-000453,STL-000052-0|STL-000461-0,2,one_to_many,1,0,2338.43,0.013539,1.013539,4,0.315789,0.520128,0.315789,0.315789,0,0.0,0,0,0.230769,0.189525,0,0,0,52,54,104,train,0
LED-000453,STL-000135-0|STL-000381-0,2,one_to_many,1,0,3642.52,0.02109,0.97891,1,0.470588,0.640694,0.470588,0.470588,0,0.0,0,0,0.384615,0.249136,0,0,0,52,36,86,train,0
LED-000453,STL-000255-1|STL-000461-0,2,one_to_many,1,0,4167.02,0.024126,1.024126,3,0.315789,0.520128,0.315789,0.315789,0,0.0,0,0,0.230769,0.139271,0,0,0,52,57,107,train,0
LED-000453,STL-000306-0|STL-000352-0,2,one_to_many,1,0,3389.6,0.019625,0.980375,4,0.470588,0.640694,0.470588,0.470588,0,-0.042796,0,0,0.307692,0.175075,0,0,0,52,66,116,train,0
LED-000453,STL-000325-0|STL-000589-0,2,one_to_many,1,0,41.77,0.000242,0.999758,4,0.47619,0.617516,0.380952,0.380952,0,0.0,0,0,0.230769,0.081044,0,0,0,52,57,107,train,0
LED-000453,STL-000352-0|STL-000389-2,2,one_to_many,1,0,1203.99,0.006971,0.993029,4,0.454545,0.598947,0.409091,0.409091,0,0.052926,0,0,0.307692,0.127386,0,0,0,52,65,115,train,0
LED-000453,STL-000052-0|STL-000255-1|STL-000325-0,3,one_to_many,1,0,213.43,0.001236,0.998764,4,0.315789,0.520128,0.315789,0.315789,0,0.0,0,0,0.230769,0.189525,0,0,0,52,57,107,train,0
LED-000453,STL-000052-0|STL-000381-0|STL-000389-0,3,one_to_many,1,0,2995.99,0.017346,1.017346,4,0.470588,0.640694,0.470588,0.470588,0,0.041996,0,0,0.230769,0.189525,0,0,0,52,54,104,train,0
LED-000453,STL-000123-0|STL-000306-0|STL-000461-0,3,one_to_many,1,0,1434.41,0.008305,0.991695,4,0.470588,0.640694,0.470588,0.470588,0,0.0,0,0,0.384615,0.833908,0,0,0,52,66,116,train,0
LED-000453,STL-000123-0|STL-000325-0|STL-000352-0,3,one_to_many,1,0,625.92,0.003624,0.996376,4,0.3,0.492778,0.35,0.35,0,0.0,0,0,0.384615,0.833908,0,0,0,52,64,114,train,0
LED-000453,STL-000123-0|STL-000389-2|STL-000461-0,3,one_to_many,1,0,751.2,0.004349,1.004349,4,0.454545,0.598947,0.409091,0.409091,0,0.052926,0,0,0.384615,0.833908,0,0,0,52,65,115,train,0
LED-000453,STL-000135-0|STL-000306-0|STL-000389-1,3,one_to_many,1,0,2798.14,0.016201,0.983799,4,0.470588,0.640694,0.470588,0.470588,0,0.052926,0,0,0.384615,0.249136,0,0,0,52,66,116,train,0
LED-000453,STL-000135-0|STL-000325-0|STL-000381-0,3,one_to_many,1,0,1929.57,0.011172,1.011172,2,0.470588,0.640694,0.470588,0.470588,0,0.0,0,0,0.384615,0.249136,0,0,0,52,56,106,train,0
LED-000453,STL-000135-0|STL-000389-1|STL-000389-2,3,one_to_many,1,0,612.53,0.003546,0.996454,4,0.454545,0.598947,0.409091,0.409091,0,0.052926,0,0,0.384615,0.249136,0,0,0,52,65,115,train,0
LED-000453,STL-000306-0|STL-000325-0|STL-000352-0,3,one_to_many,1,0,2182.49,0.012636,1.012636,4,0.470588,0.640694,0.470588,0.470588,0,0.0,0,0,0.307692,0.175075,0,0,0,52,66,116,train,0
LED-000453,STL-000306-0|STL-000389-2|STL-000461-0,3,one_to_many,1,0,3559.61,0.020609,1.020609,4,0.470588,0.640694,0.470588,0.470588,0,0.052926,0,0,0.230769,0.175075,0,0,0,52,66,116,train,0
LED-000453,STL-000325-0|STL-000352-0|STL-000389-0,3,one_to_many,1,0,3980.1,0.023044,0.976956,4,0.384615,0.562963,0.384615,0.384615,0,0.041996,0,0,0.307692,0.127386,0,0,0,52,64,114,train,0
LED-000453,STL-000325-0|STL-000352-0|STL-000389-2,3,one_to_many,1,0,4368.1,0.025291,1.025291,4,0.454545,0.598947,0.409091,0.409091,0,0.052926,0,0,0.307692,0.127386,0,0,0,52,65,115,train,0
LED-000453,STL-000381-0|STL-000389-1|STL-000461-0,3,one_to_many,1,0,3100.89,0.017954,0.982046,2,0.470588,0.640694,0.470588,0.470588,0,0.052926,0,0,0.230769,0.131306,0,0,0,52,54,104,train,0
LED-000453,STL-000389-0|STL-000389-2|STL-000461-0,3,one_to_many,1,0,2602.98,0.015071,0.984929,4,0.454545,0.598947,0.409091,0.409091,0,0.052926,0,0,0.230769,0.081044,0,0,0,52,65,115,train,0
LED-000547,STL-000052-0|STL-000352-0,2,one_to_many,1,0,1935.54,0.009254,1.009254,4,0.315789,0.520128,0.35,0.35,0,-0.056344,0,0,0.230769,0.15162,0,0,0,63,64,125,train,0
LED-000547,STL-000123-0|STL-000589-0,2,one_to_many,1,0,4061.56,0.019419,0.980581,4,0.47619,0.617516,0.380952,0.380952,0,0.0,0,0,0.230769,0.11616,0,0,0,63,57,118,train,0
LED-000547,STL-000255-1|STL-000352-0,2,one_to_many,1,0,3764.13,0.017997,1.017997,4,0.315789,0.520128,0.35,0.35,0,-0.056344,0,0,0.384615,0.835629,0,0,0,63,64,125,train,0
LED-000547,STL-000306-0|STL-000589-0,2,one_to_many,1,0,1253.15,0.005992,0.994008,4,0.47619,0.640694,0.470588,0.470588,0,0.0,0,0,0.230769,0.11616,0,0,0,63,66,127,train,0
LED-000547,STL-000389-2|STL-000589-0,2,one_to_many,1,0,932.46,0.004458,1.004458,4,0.47619,0.617516,0.409091,0.409091,0,0.052926,0,0,0.230769,0.11616,0,0,0,63,65,126,train,0
LED-000547,STL-000045-0|STL-000123-0|STL-000389-0,3,one_to_many,1,0,1872.95,0.008955,1.008955,4,0.384615,0.736,0.384615,0.384615,0,0.041996,0,0,0.230769,0.74407,0,0,0,63,45,106,train,0
LED-000547,STL-000045-0|STL-000306-0|STL-000389-0,3,one_to_many,1,0,4681.36,0.022383,1.022383,4,0.470588,0.736,0.470588,0.470588,0,0.041996,0,0,0.230769,0.74407,0,0,0,63,66,127,train,0
LED-000547,STL-000052-0|STL-000123-0|STL-000255-1,3,one_to_many,1,0,4233.22,0.02024,0.97976,4,0.315789,0.520128,0.315789,0.315789,0,0.0,0,0,0.384615,0.835629,0,0,0,63,57,118,train,0
LED-000547,STL-000052-0|STL-000123-0|STL-000461-0,3,one_to_many,1,0,3890.73,0.018603,1.018603,4,0.315789,0.520128,0.315789,0.315789,0,0.0,0,0,0.307692,0.20261,0,0,0,63,54,115,train,0
LED-000547,STL-000052-0|STL-000135-0|STL-000389-1,3,one_to_many,1,0,2527.0,0.012082,1.012082,4,0.454545,0.598947,0.409091,0.409091,0,0.052926,0,0,0.230769,0.166091,0,0,0,63,54,115,train,0
LED-000547,STL-000052-0|STL-000255-1|STL-000306-0,3,one_to_many,1,0,1424.81,0.006812,0.993188,4,0.470588,0.640694,0.470588,0.470588,0,-0.042796,0,0,0.384615,0.835629,0,0,0,63,66,127,train,0
LED-000547,STL-000052-0|STL-000255-1|STL-000389-2,3,one_to_many,1,0,760.8,0.003638,1.003638,4,0.454545,0.598947,0.409091,0.409091,0,0.052926,0,0,0.384615,0.835629,0,0,0,63,65,126,train,0
LED-000547,STL-000052-0|STL-000389-0|STL-000461-0,3,one_to_many,1,0,536.55,0.002565,1.002565,4,0.384615,0.562963,0.384615,0.384615,0,0.041996,0,0,0.307692,0.20261,0,0,0,63,54,115,train,0
LED-000547,STL-000123-0|STL-000135-0|STL-000381-0,3,one_to_many,1,0,2090.22,0.009994,0.990006,2,0.470588,0.640694,0.470588,0.470588,0,0.0,0,0,0.230769,0.166091,0,0,0,63,42,103,train,0
LED-000547,STL-000123-0|STL-000306-0|STL-000352-0,3,one_to_many,1,0,1837.3,0.008785,0.991215,4,0.470588,0.640694,0.470588,0.470588,0,0.0,0,0,0.230769,0.087538,0,0,0,63,66,127,train,0
LED-000547,STL-000123-0|STL-000325-0|STL-000589-0,3,one_to_many,1,0,1510.53,0.007222,1.007222,4,0.47619,0.617516,0.380952,0.380952,0,0.0,0,0,0.230769,0.162088,0,0,0,63,57,118,train,0
LED-000547,STL-000123-0|STL-000352-0|STL-000389-2,3,one_to_many,1,0,348.31,0.001665,1.001665,4,0.454545,0.598947,0.409091,0.409091,0,0.052926,0,0,0.230769,0.037905,0,0,0,63,65,126,train,0
LED-000547,STL-000135-0|STL-000255-1|STL-000389-1,3,one_to_many,1,0,4355.59,0.020825,1.020825,3,0.454545,0.598947,0.409091,0.409091,0,0.052926,0,0,0.384615,0.835629,0,0,0,63,57,118,train,0
LED-000547,STL-000135-0|STL-000306-0|STL-000381-0,3,one_to_many,1,0,718.19,0.003434,1.003434,4,0.470588,0.640694,0.470588,0.470588,0,0.0,0,0,0.230769,0.166091,0,0,0,63,66,127,train,0
LED-000547,STL-000135-0|STL-000325-0|STL-000461-0,3,one_to_many,1,0,529.87,0.002533,0.997467,2,0.367347,0.586111,0.408163,0.408163,0,0.0,0,0,0.307692,0.20261,0,0,0,63,56,117,train,0
LED-000547,STL-000135-0|STL-000381-0|STL-000389-2,3,one_to_many,1,0,2903.8,0.013884,1.013884,4,0.470588,0.640694,0.470588,0.470588,0,0.052926,0,0,0.230769,0.166091,0,0,0,63,65,126,train,0
LED-000547,STL-000255-1|STL-000389-0|STL-000461-0,3,one_to_many,1,0,2365.14,0.011308,1.011308,3,0.384615,0.562963,0.384615,0.384615,0,0.041996,0,0,0.384615,0.835629,0,0,0,63,57,118,train,0
LED-000547,STL-000306-0|STL-000325-0|STL-000589-0,3,one_to_many,1,0,4318.94,0.02065,1.02065,4,0.47619,0.640694,0.470588,0.470588,0,0.0,0,0,0.230769,0.162088,0,0,0,63,66,127,train,0
LED-000547,STL-000306-0|STL-000352-0|STL-000389-2,3,one_to_many,1,0,3156.72,0.015093,1.015093,4,0.470588,0.640694,0.470588,0.470588,0,0.052926,0,0,0.230769,0.087538,0,0,0,63,66,127,train,0
LED-000547,STL-000325-0|STL-000389-0|STL-000589-0,3,one_to_many,1,0,1843.65,0.008815,0.991185,4,0.47619,0.617516,0.384615,0.384615,0,0.041996,0,0,0.230769,0.162088,0,0,0,63,57,118,train,0
LED-000547,STL-000352-0|STL-000381-0|STL-000389-1,3,one_to_many,1,0,3503.78,0.016752,0.983248,4,0.470588,0.640694,0.470588,0.470588,0,0.052926,0,0,0.230769,0.121566,0,0,0,63,64,125,train,0
LED-000547,STL-000352-0|STL-000389-0|STL-000389-2,3,one_to_many,1,0,3005.87,0.014372,0.985628,4,0.454545,0.598947,0.409091,0.409091,0,0.052926,0,0,0.230769,0.031846,0,0,0,63,65,126,train,0
